pair_id,event_id,threshold,category_id,category_name,register,n_category,n_total,n_assigned,p_all,p_assigned
P01,2023_Australia_GP,0.35,0,DRS-assisted battles,HIGHLIGHT,2,68,65,0.029411764705882353,0.03076923076923077
P01,2023_Australia_GP,0.35,1,Time penalties,HIGHLIGHT,0,68,65,0.0,0.0
P01,2023_Australia_GP,0.35,2,Lights-out race starts,HIGHLIGHT,0,68,65,0.0,0.0
P01,2023_Australia_GP,0.35,3,Mirror checks defending,HIGHLIGHT,1,68,65,0.014705882352941176,0.015384615384615385
P01,2023_Australia_GP,0.35,4,Race start launch,HIGHLIGHT,0,68,65,0.0,0.0
P01,2023_Australia_GP,0.35,5,Weather conditions,HIGHLIGHT,0,68,65,0.0,0.0
P01,2023_Australia_GP,0.35,6,Grand Prix wins,HIGHLIGHT,6,68,65,0.08823529411764706,0.09230769230769231
P01,2023_Australia_GP,0.35,7,Race start lights,HIGHLIGHT,0,68,65,0.0,0.0
P01,2023_Australia_GP,0.35,8,Race control flags,HIGHLIGHT,2,68,65,0.029411764705882353,0.03076923076923077
P01,2023_Australia_GP,0.35,9,Formula 1 milestones,HIGHLIGHT,1,68,65,0.014705882352941176,0.015384615384615385
P01,2023_Australia_GP,0.35,10,Chicane moves,HIGHLIGHT,0,68,65,0.0,0.0
P01,2023_Australia_GP,0.35,11,Team radio celebrations,HIGHLIGHT,0,68,65,0.0,0.0
P01,2023_Australia_GP,0.35,12,Podium finishes,HIGHLIGHT,0,68,65,0.0,0.0
P01,2023_Australia_GP,0.35,13,Championship & title,HIGHLIGHT,1,68,65,0.014705882352941176,0.015384615384615385
P01,2023_Australia_GP,0.35,14,Pit stops,HIGHLIGHT,1,68,65,0.014705882352941176,0.015384615384615385
P01,2023_Australia_GP,0.35,15,Tires & compounds,HIGHLIGHT,0,68,65,0.0,0.0
P01,2023_Australia_GP,0.35,16,Safety car deployment,HIGHLIGHT,2,68,65,0.029411764705882353,0.03076923076923077
P01,2023_Australia_GP,0.35,17,Gap & pace,HIGHLIGHT,1,68,65,0.014705882352941176,0.015384615384615385
P01,2023_Australia_GP,0.35,18,Team dynamics,HIGHLIGHT,3,68,65,0.04411764705882353,0.046153846153846156
P01,2023_Australia_GP,0.35,19,Race lead holding,HIGHLIGHT,1,68,65,0.014705882352941176,0.015384615384615385
P01,2023_Australia_GP,0.35,20,Wing & car damage,HIGHLIGHT,2,68,65,0.029411764705882353,0.03076923076923077
P01,2023_Australia_GP,0.35,21,Braking & lockups,HIGHLIGHT,2,68,65,0.029411764705882353,0.03076923076923077
P01,2023_Australia_GP,0.35,22,Wheel-to-wheel,HIGHLIGHT,3,68,65,0.04411764705882353,0.046153846153846156
P01,2023_Australia_GP,0.35,23,Circuit action,HIGHLIGHT,3,68,65,0.04411764705882353,0.046153846153846156
P01,2023_Australia_GP,0.35,24,Inter-car distance,HIGHLIGHT,4,68,65,0.058823529411764705,0.06153846153846154
P01,2023_Australia_GP,0.35,25,Driver & team references,HIGHLIGHT,4,68,65,0.058823529411764705,0.06153846153846154
P01,2023_Australia_GP,0.35,26,Defending & attacking,HIGHLIGHT,3,68,65,0.04411764705882353,0.046153846153846156
P01,2023_Australia_GP,0.35,27,Overtake battles,HIGHLIGHT,11,68,65,0.16176470588235295,0.16923076923076924
P01,2023_Australia_GP,0.35,28,Corner battles,HIGHLIGHT,3,68,65,0.04411764705882353,0.046153846153846156
P01,2023_Australia_GP,0.35,29,Corner specific moves,HIGHLIGHT,4,68,65,0.058823529411764705,0.06153846153846154
P01,2023_Australia_GP,0.35,30,Lap pace & timing,HIGHLIGHT,0,68,65,0.0,0.0
P01,2023_Australia_GP,0.35,31,Race leader changes,HIGHLIGHT,1,68,65,0.014705882352941176,0.015384615384615385
P01,2023_Australia_GP,0.35,32,Front position changes,HIGHLIGHT,2,68,65,0.029411764705882353,0.03076923076923077
P01,2023_Australia_GP,0.35,33,Field position changes,HIGHLIGHT,2,68,65,0.029411764705882353,0.03076923076923077
P01,2023_Australia_GP,0.35,0,DRS-assisted battles,FULL_RACE,63,2466,1946,0.025547445255474453,0.03237410071942446
P01,2023_Australia_GP,0.35,1,Time penalties,FULL_RACE,21,2466,1946,0.00851581508515815,0.01079136690647482
P01,2023_Australia_GP,0.35,2,Lights-out race starts,FULL_RACE,18,2466,1946,0.0072992700729927005,0.009249743062692703
P01,2023_Australia_GP,0.35,3,Mirror checks defending,FULL_RACE,14,2466,1946,0.0056772100567721,0.007194244604316547
P01,2023_Australia_GP,0.35,4,Race start launch,FULL_RACE,8,2466,1946,0.0032441200324412004,0.0041109969167523125
P01,2023_Australia_GP,0.35,5,Weather conditions,FULL_RACE,16,2466,1946,0.006488240064882401,0.008221993833504625
P01,2023_Australia_GP,0.35,6,Grand Prix wins,FULL_RACE,114,2466,1946,0.046228710462287104,0.05858170606372045
P01,2023_Australia_GP,0.35,7,Race start lights,FULL_RACE,13,2466,1946,0.0052716950527169504,0.006680369989722507
P01,2023_Australia_GP,0.35,8,Race control flags,FULL_RACE,51,2466,1946,0.02068126520681265,0.026207605344295993
P01,2023_Australia_GP,0.35,9,Formula 1 milestones,FULL_RACE,31,2466,1946,0.012570965125709651,0.01593011305241521
P01,2023_Australia_GP,0.35,10,Chicane moves,FULL_RACE,6,2466,1946,0.0024330900243309003,0.003083247687564234
P01,2023_Australia_GP,0.35,11,Team radio celebrations,FULL_RACE,45,2466,1946,0.01824817518248175,0.023124357656731757
P01,2023_Australia_GP,0.35,12,Podium finishes,FULL_RACE,47,2466,1946,0.019059205190592052,0.024152106885919837
P01,2023_Australia_GP,0.35,13,Championship & title,FULL_RACE,79,2466,1946,0.03203568532035685,0.040596094552929084
P01,2023_Australia_GP,0.35,14,Pit stops,FULL_RACE,45,2466,1946,0.01824817518248175,0.023124357656731757
P01,2023_Australia_GP,0.35,15,Tires & compounds,FULL_RACE,80,2466,1946,0.032441200324412,0.041109969167523124
P01,2023_Australia_GP,0.35,16,Safety car deployment,FULL_RACE,91,2466,1946,0.036901865369018655,0.046762589928057555
P01,2023_Australia_GP,0.35,17,Gap & pace,FULL_RACE,68,2466,1946,0.027575020275750203,0.03494347379239465
P01,2023_Australia_GP,0.35,18,Team dynamics,FULL_RACE,147,2466,1946,0.05961070559610705,0.07553956834532374
P01,2023_Australia_GP,0.35,19,Race lead holding,FULL_RACE,18,2466,1946,0.0072992700729927005,0.009249743062692703
P01,2023_Australia_GP,0.35,20,Wing & car damage,FULL_RACE,36,2466,1946,0.014598540145985401,0.018499486125385406
P01,2023_Australia_GP,0.35,21,Braking & lockups,FULL_RACE,70,2466,1946,0.028386050283860504,0.03597122302158273
P01,2023_Australia_GP,0.35,22,Wheel-to-wheel,FULL_RACE,24,2466,1946,0.009732360097323601,0.012332990750256937
P01,2023_Australia_GP,0.35,23,Circuit action,FULL_RACE,50,2466,1946,0.0202757502027575,0.025693730729701953
P01,2023_Australia_GP,0.35,24,Inter-car distance,FULL_RACE,47,2466,1946,0.019059205190592052,0.024152106885919837
P01,2023_Australia_GP,0.35,25,Driver & team references,FULL_RACE,56,2466,1946,0.0227088402270884,0.02877697841726619
P01,2023_Australia_GP,0.35,26,Defending & attacking,FULL_RACE,40,2466,1946,0.016220600162206,0.020554984583761562
P01,2023_Australia_GP,0.35,27,Overtake battles,FULL_RACE,285,2466,1946,0.11557177615571776,0.14645426515930113
P01,2023_Australia_GP,0.35,28,Corner battles,FULL_RACE,48,2466,1946,0.019464720194647202,0.024665981500513873
P01,2023_Australia_GP,0.35,29,Corner specific moves,FULL_RACE,27,2466,1946,0.010948905109489052,0.013874614594039054
P01,2023_Australia_GP,0.35,30,Lap pace & timing,FULL_RACE,63,2466,1946,0.025547445255474453,0.03237410071942446
P01,2023_Australia_GP,0.35,31,Race leader changes,FULL_RACE,93,2466,1946,0.037712895377128956,0.047790339157245634
P01,2023_Australia_GP,0.35,32,Front position changes,FULL_RACE,46,2466,1946,0.0186536901865369,0.023638232271325797
P01,2023_Australia_GP,0.35,33,Field position changes,FULL_RACE,86,2466,1946,0.034874290348742905,0.044193216855087356
P02,2023_Qatar_GP,0.35,0,DRS-assisted battles,HIGHLIGHT,0,50,50,0.0,0.0
P02,2023_Qatar_GP,0.35,1,Time penalties,HIGHLIGHT,2,50,50,0.04,0.04
P02,2023_Qatar_GP,0.35,2,Lights-out race starts,HIGHLIGHT,0,50,50,0.0,0.0
P02,2023_Qatar_GP,0.35,3,Mirror checks defending,HIGHLIGHT,1,50,50,0.02,0.02
P02,2023_Qatar_GP,0.35,4,Race start launch,HIGHLIGHT,1,50,50,0.02,0.02
P02,2023_Qatar_GP,0.35,5,Weather conditions,HIGHLIGHT,1,50,50,0.02,0.02
P02,2023_Qatar_GP,0.35,6,Grand Prix wins,HIGHLIGHT,4,50,50,0.08,0.08
P02,2023_Qatar_GP,0.35,7,Race start lights,HIGHLIGHT,0,50,50,0.0,0.0
P02,2023_Qatar_GP,0.35,8,Race control flags,HIGHLIGHT,0,50,50,0.0,0.0
P02,2023_Qatar_GP,0.35,9,Formula 1 milestones,HIGHLIGHT,1,50,50,0.02,0.02
P02,2023_Qatar_GP,0.35,10,Chicane moves,HIGHLIGHT,0,50,50,0.0,0.0
P02,2023_Qatar_GP,0.35,11,Team radio celebrations,HIGHLIGHT,1,50,50,0.02,0.02
P02,2023_Qatar_GP,0.35,12,Podium finishes,HIGHLIGHT,1,50,50,0.02,0.02
P02,2023_Qatar_GP,0.35,13,Championship & title,HIGHLIGHT,1,50,50,0.02,0.02
P02,2023_Qatar_GP,0.35,14,Pit stops,HIGHLIGHT,2,50,50,0.04,0.04
P02,2023_Qatar_GP,0.35,15,Tires & compounds,HIGHLIGHT,3,50,50,0.06,0.06
P02,2023_Qatar_GP,0.35,16,Safety car deployment,HIGHLIGHT,1,50,50,0.02,0.02
P02,2023_Qatar_GP,0.35,17,Gap & pace,HIGHLIGHT,0,50,50,0.0,0.0
P02,2023_Qatar_GP,0.35,18,Team dynamics,HIGHLIGHT,8,50,50,0.16,0.16
P02,2023_Qatar_GP,0.35,19,Race lead holding,HIGHLIGHT,0,50,50,0.0,0.0
P02,2023_Qatar_GP,0.35,20,Wing & car damage,HIGHLIGHT,0,50,50,0.0,0.0
P02,2023_Qatar_GP,0.35,21,Braking & lockups,HIGHLIGHT,5,50,50,0.1,0.1
P02,2023_Qatar_GP,0.35,22,Wheel-to-wheel,HIGHLIGHT,3,50,50,0.06,0.06
P02,2023_Qatar_GP,0.35,23,Circuit action,HIGHLIGHT,1,50,50,0.02,0.02
P02,2023_Qatar_GP,0.35,24,Inter-car distance,HIGHLIGHT,0,50,50,0.0,0.0
P02,2023_Qatar_GP,0.35,25,Driver & team references,HIGHLIGHT,2,50,50,0.04,0.04
P02,2023_Qatar_GP,0.35,26,Defending & attacking,HIGHLIGHT,3,50,50,0.06,0.06
P02,2023_Qatar_GP,0.35,27,Overtake battles,HIGHLIGHT,2,50,50,0.04,0.04
P02,2023_Qatar_GP,0.35,28,Corner battles,HIGHLIGHT,0,50,50,0.0,0.0
P02,2023_Qatar_GP,0.35,29,Corner specific moves,HIGHLIGHT,1,50,50,0.02,0.02
P02,2023_Qatar_GP,0.35,30,Lap pace & timing,HIGHLIGHT,2,50,50,0.04,0.04
P02,2023_Qatar_GP,0.35,31,Race leader changes,HIGHLIGHT,0,50,50,0.0,0.0
P02,2023_Qatar_GP,0.35,32,Front position changes,HIGHLIGHT,2,50,50,0.04,0.04
P02,2023_Qatar_GP,0.35,33,Field position changes,HIGHLIGHT,2,50,50,0.04,0.04
P02,2023_Qatar_GP,0.35,0,DRS-assisted battles,FULL_RACE,4,1336,1046,0.0029940119760479044,0.0038240917782026767
P02,2023_Qatar_GP,0.35,1,Time penalties,FULL_RACE,45,1336,1046,0.033682634730538924,0.043021032504780114
P02,2023_Qatar_GP,0.35,2,Lights-out race starts,FULL_RACE,6,1336,1046,0.004491017964071856,0.0057361376673040155
P02,2023_Qatar_GP,0.35,3,Mirror checks defending,FULL_RACE,5,1336,1046,0.0037425149700598802,0.004780114722753346
P02,2023_Qatar_GP,0.35,4,Race start launch,FULL_RACE,2,1336,1046,0.0014970059880239522,0.0019120458891013384
P02,2023_Qatar_GP,0.35,5,Weather conditions,FULL_RACE,10,1336,1046,0.0074850299401197605,0.009560229445506692
P02,2023_Qatar_GP,0.35,6,Grand Prix wins,FULL_RACE,81,1336,1046,0.06062874251497006,0.07743785850860421
P02,2023_Qatar_GP,0.35,7,Race start lights,FULL_RACE,3,1336,1046,0.002245508982035928,0.0028680688336520078
P02,2023_Qatar_GP,0.35,8,Race control flags,FULL_RACE,14,1336,1046,0.010479041916167664,0.01338432122370937
P02,2023_Qatar_GP,0.35,9,Formula 1 milestones,FULL_RACE,22,1336,1046,0.016467065868263474,0.021032504780114723
P02,2023_Qatar_GP,0.35,10,Chicane moves,FULL_RACE,0,1336,1046,0.0,0.0
P02,2023_Qatar_GP,0.35,11,Team radio celebrations,FULL_RACE,23,1336,1046,0.01721556886227545,0.02198852772466539
P02,2023_Qatar_GP,0.35,12,Podium finishes,FULL_RACE,18,1336,1046,0.01347305389221557,0.017208413001912046
P02,2023_Qatar_GP,0.35,13,Championship & title,FULL_RACE,38,1336,1046,0.02844311377245509,0.036328871892925434
P02,2023_Qatar_GP,0.35,14,Pit stops,FULL_RACE,39,1336,1046,0.029191616766467067,0.0372848948374761
P02,2023_Qatar_GP,0.35,15,Tires & compounds,FULL_RACE,108,1336,1046,0.08083832335329341,0.10325047801147227
P02,2023_Qatar_GP,0.35,16,Safety car deployment,FULL_RACE,20,1336,1046,0.014970059880239521,0.019120458891013385
P02,2023_Qatar_GP,0.35,17,Gap & pace,FULL_RACE,37,1336,1046,0.027694610778443114,0.03537284894837476
P02,2023_Qatar_GP,0.35,18,Team dynamics,FULL_RACE,89,1336,1046,0.06661676646706587,0.08508604206500955
P02,2023_Qatar_GP,0.35,19,Race lead holding,FULL_RACE,7,1336,1046,0.005239520958083832,0.006692160611854685
P02,2023_Qatar_GP,0.35,20,Wing & car damage,FULL_RACE,26,1336,1046,0.019461077844311378,0.0248565965583174
P02,2023_Qatar_GP,0.35,21,Braking & lockups,FULL_RACE,39,1336,1046,0.029191616766467067,0.0372848948374761
P02,2023_Qatar_GP,0.35,22,Wheel-to-wheel,FULL_RACE,9,1336,1046,0.006736526946107785,0.008604206500956023
P02,2023_Qatar_GP,0.35,23,Circuit action,FULL_RACE,37,1336,1046,0.027694610778443114,0.03537284894837476
P02,2023_Qatar_GP,0.35,24,Inter-car distance,FULL_RACE,12,1336,1046,0.008982035928143712,0.011472275334608031
P02,2023_Qatar_GP,0.35,25,Driver & team references,FULL_RACE,51,1336,1046,0.03817365269461078,0.04875717017208413
P02,2023_Qatar_GP,0.35,26,Defending & attacking,FULL_RACE,25,1336,1046,0.0187125748502994,0.02390057361376673
P02,2023_Qatar_GP,0.35,27,Overtake battles,FULL_RACE,106,1336,1046,0.07934131736526946,0.10133843212237094
P02,2023_Qatar_GP,0.35,28,Corner battles,FULL_RACE,21,1336,1046,0.015718562874251496,0.020076481835564052
P02,2023_Qatar_GP,0.35,29,Corner specific moves,FULL_RACE,7,1336,1046,0.005239520958083832,0.006692160611854685
P02,2023_Qatar_GP,0.35,30,Lap pace & timing,FULL_RACE,39,1336,1046,0.029191616766467067,0.0372848948374761
P02,2023_Qatar_GP,0.35,31,Race leader changes,FULL_RACE,49,1336,1046,0.036676646706586824,0.04684512428298279
P02,2023_Qatar_GP,0.35,32,Front position changes,FULL_RACE,21,1336,1046,0.015718562874251496,0.020076481835564052
P02,2023_Qatar_GP,0.35,33,Field position changes,FULL_RACE,33,1336,1046,0.02470059880239521,0.03154875717017208
P03,2023_Singapore_GP,0.35,0,DRS-assisted battles,HIGHLIGHT,3,60,60,0.05,0.05
P03,2023_Singapore_GP,0.35,1,Time penalties,HIGHLIGHT,1,60,60,0.016666666666666666,0.016666666666666666
P03,2023_Singapore_GP,0.35,2,Lights-out race starts,HIGHLIGHT,0,60,60,0.0,0.0
P03,2023_Singapore_GP,0.35,3,Mirror checks defending,HIGHLIGHT,0,60,60,0.0,0.0
P03,2023_Singapore_GP,0.35,4,Race start launch,HIGHLIGHT,1,60,60,0.016666666666666666,0.016666666666666666
P03,2023_Singapore_GP,0.35,5,Weather conditions,HIGHLIGHT,0,60,60,0.0,0.0
P03,2023_Singapore_GP,0.35,6,Grand Prix wins,HIGHLIGHT,6,60,60,0.1,0.1
P03,2023_Singapore_GP,0.35,7,Race start lights,HIGHLIGHT,0,60,60,0.0,0.0
P03,2023_Singapore_GP,0.35,8,Race control flags,HIGHLIGHT,0,60,60,0.0,0.0
P03,2023_Singapore_GP,0.35,9,Formula 1 milestones,HIGHLIGHT,3,60,60,0.05,0.05
P03,2023_Singapore_GP,0.35,10,Chicane moves,HIGHLIGHT,0,60,60,0.0,0.0
P03,2023_Singapore_GP,0.35,11,Team radio celebrations,HIGHLIGHT,0,60,60,0.0,0.0
P03,2023_Singapore_GP,0.35,12,Podium finishes,HIGHLIGHT,1,60,60,0.016666666666666666,0.016666666666666666
P03,2023_Singapore_GP,0.35,13,Championship & title,HIGHLIGHT,1,60,60,0.016666666666666666,0.016666666666666666
P03,2023_Singapore_GP,0.35,14,Pit stops,HIGHLIGHT,3,60,60,0.05,0.05
P03,2023_Singapore_GP,0.35,15,Tires & compounds,HIGHLIGHT,0,60,60,0.0,0.0
P03,2023_Singapore_GP,0.35,16,Safety car deployment,HIGHLIGHT,2,60,60,0.03333333333333333,0.03333333333333333
P03,2023_Singapore_GP,0.35,17,Gap & pace,HIGHLIGHT,1,60,60,0.016666666666666666,0.016666666666666666
P03,2023_Singapore_GP,0.35,18,Team dynamics,HIGHLIGHT,8,60,60,0.13333333333333333,0.13333333333333333
P03,2023_Singapore_GP,0.35,19,Race lead holding,HIGHLIGHT,1,60,60,0.016666666666666666,0.016666666666666666
P03,2023_Singapore_GP,0.35,20,Wing & car damage,HIGHLIGHT,0,60,60,0.0,0.0
P03,2023_Singapore_GP,0.35,21,Braking & lockups,HIGHLIGHT,2,60,60,0.03333333333333333,0.03333333333333333
P03,2023_Singapore_GP,0.35,22,Wheel-to-wheel,HIGHLIGHT,1,60,60,0.016666666666666666,0.016666666666666666
P03,2023_Singapore_GP,0.35,23,Circuit action,HIGHLIGHT,1,60,60,0.016666666666666666,0.016666666666666666
P03,2023_Singapore_GP,0.35,24,Inter-car distance,HIGHLIGHT,1,60,60,0.016666666666666666,0.016666666666666666
P03,2023_Singapore_GP,0.35,25,Driver & team references,HIGHLIGHT,4,60,60,0.06666666666666667,0.06666666666666667
P03,2023_Singapore_GP,0.35,26,Defending & attacking,HIGHLIGHT,1,60,60,0.016666666666666666,0.016666666666666666
P03,2023_Singapore_GP,0.35,27,Overtake battles,HIGHLIGHT,9,60,60,0.15,0.15
P03,2023_Singapore_GP,0.35,28,Corner battles,HIGHLIGHT,2,60,60,0.03333333333333333,0.03333333333333333
P03,2023_Singapore_GP,0.35,29,Corner specific moves,HIGHLIGHT,0,60,60,0.0,0.0
P03,2023_Singapore_GP,0.35,30,Lap pace & timing,HIGHLIGHT,1,60,60,0.016666666666666666,0.016666666666666666
P03,2023_Singapore_GP,0.35,31,Race leader changes,HIGHLIGHT,3,60,60,0.05,0.05
P03,2023_Singapore_GP,0.35,32,Front position changes,HIGHLIGHT,4,60,60,0.06666666666666667,0.06666666666666667
P03,2023_Singapore_GP,0.35,33,Field position changes,HIGHLIGHT,0,60,60,0.0,0.0
P03,2023_Singapore_GP,0.35,0,DRS-assisted battles,FULL_RACE,40,1635,1407,0.024464831804281346,0.028429282160625444
P03,2023_Singapore_GP,0.35,1,Time penalties,FULL_RACE,13,1635,1407,0.007951070336391437,0.00923951670220327
P03,2023_Singapore_GP,0.35,2,Lights-out race starts,FULL_RACE,7,1635,1407,0.004281345565749235,0.004975124378109453
P03,2023_Singapore_GP,0.35,3,Mirror checks defending,FULL_RACE,4,1635,1407,0.0024464831804281344,0.0028429282160625444
P03,2023_Singapore_GP,0.35,4,Race start launch,FULL_RACE,3,1635,1407,0.001834862385321101,0.0021321961620469083
P03,2023_Singapore_GP,0.35,5,Weather conditions,FULL_RACE,9,1635,1407,0.005504587155963303,0.006396588486140725
P03,2023_Singapore_GP,0.35,6,Grand Prix wins,FULL_RACE,96,1635,1407,0.05871559633027523,0.06823027718550106
P03,2023_Singapore_GP,0.35,7,Race start lights,FULL_RACE,5,1635,1407,0.0030581039755351682,0.0035536602700781805
P03,2023_Singapore_GP,0.35,8,Race control flags,FULL_RACE,14,1635,1407,0.00856269113149847,0.009950248756218905
P03,2023_Singapore_GP,0.35,9,Formula 1 milestones,FULL_RACE,21,1635,1407,0.012844036697247707,0.014925373134328358
P03,2023_Singapore_GP,0.35,10,Chicane moves,FULL_RACE,0,1635,1407,0.0,0.0
P03,2023_Singapore_GP,0.35,11,Team radio celebrations,FULL_RACE,17,1635,1407,0.010397553516819572,0.012082444918265814
P03,2023_Singapore_GP,0.35,12,Podium finishes,FULL_RACE,31,1635,1407,0.018960244648318043,0.02203269367448472
P03,2023_Singapore_GP,0.35,13,Championship & title,FULL_RACE,64,1635,1407,0.03914373088685015,0.04548685145700071
P03,2023_Singapore_GP,0.35,14,Pit stops,FULL_RACE,54,1635,1407,0.03302752293577982,0.03837953091684435
P03,2023_Singapore_GP,0.35,15,Tires & compounds,FULL_RACE,109,1635,1407,0.06666666666666667,0.07746979388770434
P03,2023_Singapore_GP,0.35,16,Safety car deployment,FULL_RACE,48,1635,1407,0.029357798165137616,0.03411513859275053
P03,2023_Singapore_GP,0.35,17,Gap & pace,FULL_RACE,66,1635,1407,0.04036697247706422,0.046908315565031986
P03,2023_Singapore_GP,0.35,18,Team dynamics,FULL_RACE,113,1635,1407,0.0691131498470948,0.08031272210376687
P03,2023_Singapore_GP,0.35,19,Race lead holding,FULL_RACE,7,1635,1407,0.004281345565749235,0.004975124378109453
P03,2023_Singapore_GP,0.35,20,Wing & car damage,FULL_RACE,31,1635,1407,0.018960244648318043,0.02203269367448472
P03,2023_Singapore_GP,0.35,21,Braking & lockups,FULL_RACE,39,1635,1407,0.023853211009174313,0.02771855010660981
P03,2023_Singapore_GP,0.35,22,Wheel-to-wheel,FULL_RACE,3,1635,1407,0.001834862385321101,0.0021321961620469083
P03,2023_Singapore_GP,0.35,23,Circuit action,FULL_RACE,46,1635,1407,0.028134556574923548,0.032693674484719264
P03,2023_Singapore_GP,0.35,24,Inter-car distance,FULL_RACE,39,1635,1407,0.023853211009174313,0.02771855010660981
P03,2023_Singapore_GP,0.35,25,Driver & team references,FULL_RACE,60,1635,1407,0.03669724770642202,0.042643923240938165
P03,2023_Singapore_GP,0.35,26,Defending & attacking,FULL_RACE,39,1635,1407,0.023853211009174313,0.02771855010660981
P03,2023_Singapore_GP,0.35,27,Overtake battles,FULL_RACE,201,1635,1407,0.12293577981651377,0.14285714285714285
P03,2023_Singapore_GP,0.35,28,Corner battles,FULL_RACE,11,1635,1407,0.00672782874617737,0.007818052594171997
P03,2023_Singapore_GP,0.35,29,Corner specific moves,FULL_RACE,21,1635,1407,0.012844036697247707,0.014925373134328358
P03,2023_Singapore_GP,0.35,30,Lap pace & timing,FULL_RACE,56,1635,1407,0.03425076452599388,0.03980099502487562
P03,2023_Singapore_GP,0.35,31,Race leader changes,FULL_RACE,71,1635,1407,0.04342507645259939,0.05046197583511016
P03,2023_Singapore_GP,0.35,32,Front position changes,FULL_RACE,34,1635,1407,0.020795107033639144,0.024164889836531627
P03,2023_Singapore_GP,0.35,33,Field position changes,FULL_RACE,35,1635,1407,0.021406727828746176,0.024875621890547265
P04,2024_Bahrain_GP,0.35,0,DRS-assisted battles,HIGHLIGHT,0,72,71,0.0,0.0
P04,2024_Bahrain_GP,0.35,1,Time penalties,HIGHLIGHT,0,72,71,0.0,0.0
P04,2024_Bahrain_GP,0.35,2,Lights-out race starts,HIGHLIGHT,0,72,71,0.0,0.0
P04,2024_Bahrain_GP,0.35,3,Mirror checks defending,HIGHLIGHT,1,72,71,0.013888888888888888,0.014084507042253521
P04,2024_Bahrain_GP,0.35,4,Race start launch,HIGHLIGHT,0,72,71,0.0,0.0
P04,2024_Bahrain_GP,0.35,5,Weather conditions,HIGHLIGHT,0,72,71,0.0,0.0
P04,2024_Bahrain_GP,0.35,6,Grand Prix wins,HIGHLIGHT,5,72,71,0.06944444444444445,0.07042253521126761
P04,2024_Bahrain_GP,0.35,7,Race start lights,HIGHLIGHT,1,72,71,0.013888888888888888,0.014084507042253521
P04,2024_Bahrain_GP,0.35,8,Race control flags,HIGHLIGHT,0,72,71,0.0,0.0
P04,2024_Bahrain_GP,0.35,9,Formula 1 milestones,HIGHLIGHT,1,72,71,0.013888888888888888,0.014084507042253521
P04,2024_Bahrain_GP,0.35,10,Chicane moves,HIGHLIGHT,0,72,71,0.0,0.0
P04,2024_Bahrain_GP,0.35,11,Team radio celebrations,HIGHLIGHT,1,72,71,0.013888888888888888,0.014084507042253521
P04,2024_Bahrain_GP,0.35,12,Podium finishes,HIGHLIGHT,1,72,71,0.013888888888888888,0.014084507042253521
P04,2024_Bahrain_GP,0.35,13,Championship & title,HIGHLIGHT,1,72,71,0.013888888888888888,0.014084507042253521
P04,2024_Bahrain_GP,0.35,14,Pit stops,HIGHLIGHT,2,72,71,0.027777777777777776,0.028169014084507043
P04,2024_Bahrain_GP,0.35,15,Tires & compounds,HIGHLIGHT,2,72,71,0.027777777777777776,0.028169014084507043
P04,2024_Bahrain_GP,0.35,16,Safety car deployment,HIGHLIGHT,0,72,71,0.0,0.0
P04,2024_Bahrain_GP,0.35,17,Gap & pace,HIGHLIGHT,0,72,71,0.0,0.0
P04,2024_Bahrain_GP,0.35,18,Team dynamics,HIGHLIGHT,15,72,71,0.20833333333333334,0.2112676056338028
P04,2024_Bahrain_GP,0.35,19,Race lead holding,HIGHLIGHT,3,72,71,0.041666666666666664,0.04225352112676056
P04,2024_Bahrain_GP,0.35,20,Wing & car damage,HIGHLIGHT,1,72,71,0.013888888888888888,0.014084507042253521
P04,2024_Bahrain_GP,0.35,21,Braking & lockups,HIGHLIGHT,1,72,71,0.013888888888888888,0.014084507042253521
P04,2024_Bahrain_GP,0.35,22,Wheel-to-wheel,HIGHLIGHT,0,72,71,0.0,0.0
P04,2024_Bahrain_GP,0.35,23,Circuit action,HIGHLIGHT,0,72,71,0.0,0.0
P04,2024_Bahrain_GP,0.35,24,Inter-car distance,HIGHLIGHT,1,72,71,0.013888888888888888,0.014084507042253521
P04,2024_Bahrain_GP,0.35,25,Driver & team references,HIGHLIGHT,5,72,71,0.06944444444444445,0.07042253521126761
P04,2024_Bahrain_GP,0.35,26,Defending & attacking,HIGHLIGHT,4,72,71,0.05555555555555555,0.056338028169014086
P04,2024_Bahrain_GP,0.35,27,Overtake battles,HIGHLIGHT,13,72,71,0.18055555555555555,0.18309859154929578
P04,2024_Bahrain_GP,0.35,28,Corner battles,HIGHLIGHT,0,72,71,0.0,0.0
P04,2024_Bahrain_GP,0.35,29,Corner specific moves,HIGHLIGHT,3,72,71,0.041666666666666664,0.04225352112676056
P04,2024_Bahrain_GP,0.35,30,Lap pace & timing,HIGHLIGHT,2,72,71,0.027777777777777776,0.028169014084507043
P04,2024_Bahrain_GP,0.35,31,Race leader changes,HIGHLIGHT,4,72,71,0.05555555555555555,0.056338028169014086
P04,2024_Bahrain_GP,0.35,32,Front position changes,HIGHLIGHT,3,72,71,0.041666666666666664,0.04225352112676056
P04,2024_Bahrain_GP,0.35,33,Field position changes,HIGHLIGHT,1,72,71,0.013888888888888888,0.014084507042253521
P04,2024_Bahrain_GP,0.35,0,DRS-assisted battles,FULL_RACE,31,1322,1046,0.023449319213313162,0.029636711281070746
P04,2024_Bahrain_GP,0.35,1,Time penalties,FULL_RACE,4,1322,1046,0.0030257186081694403,0.0038240917782026767
P04,2024_Bahrain_GP,0.35,2,Lights-out race starts,FULL_RACE,12,1322,1046,0.009077155824508321,0.011472275334608031
P04,2024_Bahrain_GP,0.35,3,Mirror checks defending,FULL_RACE,8,1322,1046,0.006051437216338881,0.0076481835564053535
P04,2024_Bahrain_GP,0.35,4,Race start launch,FULL_RACE,7,1322,1046,0.00529500756429652,0.006692160611854685
P04,2024_Bahrain_GP,0.35,5,Weather conditions,FULL_RACE,3,1322,1046,0.0022692889561270802,0.0028680688336520078
P04,2024_Bahrain_GP,0.35,6,Grand Prix wins,FULL_RACE,68,1322,1046,0.05143721633888049,0.06500956022944551
P04,2024_Bahrain_GP,0.35,7,Race start lights,FULL_RACE,2,1322,1046,0.0015128593040847202,0.0019120458891013384
P04,2024_Bahrain_GP,0.35,8,Race control flags,FULL_RACE,12,1322,1046,0.009077155824508321,0.011472275334608031
P04,2024_Bahrain_GP,0.35,9,Formula 1 milestones,FULL_RACE,35,1322,1046,0.0264750378214826,0.033460803059273424
P04,2024_Bahrain_GP,0.35,10,Chicane moves,FULL_RACE,0,1322,1046,0.0,0.0
P04,2024_Bahrain_GP,0.35,11,Team radio celebrations,FULL_RACE,28,1322,1046,0.02118003025718608,0.02676864244741874
P04,2024_Bahrain_GP,0.35,12,Podium finishes,FULL_RACE,22,1322,1046,0.01664145234493192,0.021032504780114723
P04,2024_Bahrain_GP,0.35,13,Championship & title,FULL_RACE,46,1322,1046,0.03479576399394856,0.04397705544933078
P04,2024_Bahrain_GP,0.35,14,Pit stops,FULL_RACE,35,1322,1046,0.0264750378214826,0.033460803059273424
P04,2024_Bahrain_GP,0.35,15,Tires & compounds,FULL_RACE,66,1322,1046,0.049924357034795766,0.06309751434034416
P04,2024_Bahrain_GP,0.35,16,Safety car deployment,FULL_RACE,23,1322,1046,0.01739788199697428,0.02198852772466539
P04,2024_Bahrain_GP,0.35,17,Gap & pace,FULL_RACE,26,1322,1046,0.019667170953101363,0.0248565965583174
P04,2024_Bahrain_GP,0.35,18,Team dynamics,FULL_RACE,99,1322,1046,0.07488653555219364,0.09464627151051626
P04,2024_Bahrain_GP,0.35,19,Race lead holding,FULL_RACE,4,1322,1046,0.0030257186081694403,0.0038240917782026767
P04,2024_Bahrain_GP,0.35,20,Wing & car damage,FULL_RACE,31,1322,1046,0.023449319213313162,0.029636711281070746
P04,2024_Bahrain_GP,0.35,21,Braking & lockups,FULL_RACE,65,1322,1046,0.049167927382753406,0.0621414913957935
P04,2024_Bahrain_GP,0.35,22,Wheel-to-wheel,FULL_RACE,12,1322,1046,0.009077155824508321,0.011472275334608031
P04,2024_Bahrain_GP,0.35,23,Circuit action,FULL_RACE,26,1322,1046,0.019667170953101363,0.0248565965583174
P04,2024_Bahrain_GP,0.35,24,Inter-car distance,FULL_RACE,20,1322,1046,0.015128593040847202,0.019120458891013385
P04,2024_Bahrain_GP,0.35,25,Driver & team references,FULL_RACE,48,1322,1046,0.036308623298033284,0.045889101338432124
P04,2024_Bahrain_GP,0.35,26,Defending & attacking,FULL_RACE,17,1322,1046,0.012859304084720122,0.016252390057361378
P04,2024_Bahrain_GP,0.35,27,Overtake battles,FULL_RACE,102,1322,1046,0.07715582450832073,0.09751434034416825
P04,2024_Bahrain_GP,0.35,28,Corner battles,FULL_RACE,15,1322,1046,0.0113464447806354,0.014340344168260038
P04,2024_Bahrain_GP,0.35,29,Corner specific moves,FULL_RACE,16,1322,1046,0.012102874432677761,0.015296367112810707
P04,2024_Bahrain_GP,0.35,30,Lap pace & timing,FULL_RACE,54,1322,1046,0.04084720121028744,0.05162523900573614
P04,2024_Bahrain_GP,0.35,31,Race leader changes,FULL_RACE,61,1322,1046,0.046142208774583963,0.058317399617590825
P04,2024_Bahrain_GP,0.35,32,Front position changes,FULL_RACE,17,1322,1046,0.012859304084720122,0.016252390057361378
P04,2024_Bahrain_GP,0.35,33,Field position changes,FULL_RACE,31,1322,1046,0.023449319213313162,0.029636711281070746
P05,2024_SaoPaulo_GP,0.35,0,DRS-assisted battles,HIGHLIGHT,0,96,92,0.0,0.0
P05,2024_SaoPaulo_GP,0.35,1,Time penalties,HIGHLIGHT,4,96,92,0.041666666666666664,0.043478260869565216
P05,2024_SaoPaulo_GP,0.35,2,Lights-out race starts,HIGHLIGHT,1,96,92,0.010416666666666666,0.010869565217391304
P05,2024_SaoPaulo_GP,0.35,3,Mirror checks defending,HIGHLIGHT,0,96,92,0.0,0.0
P05,2024_SaoPaulo_GP,0.35,4,Race start launch,HIGHLIGHT,0,96,92,0.0,0.0
P05,2024_SaoPaulo_GP,0.35,5,Weather conditions,HIGHLIGHT,2,96,92,0.020833333333333332,0.021739130434782608
P05,2024_SaoPaulo_GP,0.35,6,Grand Prix wins,HIGHLIGHT,6,96,92,0.0625,0.06521739130434782
P05,2024_SaoPaulo_GP,0.35,7,Race start lights,HIGHLIGHT,1,96,92,0.010416666666666666,0.010869565217391304
P05,2024_SaoPaulo_GP,0.35,8,Race control flags,HIGHLIGHT,2,96,92,0.020833333333333332,0.021739130434782608
P05,2024_SaoPaulo_GP,0.35,9,Formula 1 milestones,HIGHLIGHT,1,96,92,0.010416666666666666,0.010869565217391304
P05,2024_SaoPaulo_GP,0.35,10,Chicane moves,HIGHLIGHT,0,96,92,0.0,0.0
P05,2024_SaoPaulo_GP,0.35,11,Team radio celebrations,HIGHLIGHT,0,96,92,0.0,0.0
P05,2024_SaoPaulo_GP,0.35,12,Podium finishes,HIGHLIGHT,2,96,92,0.020833333333333332,0.021739130434782608
P05,2024_SaoPaulo_GP,0.35,13,Championship & title,HIGHLIGHT,7,96,92,0.07291666666666667,0.07608695652173914
P05,2024_SaoPaulo_GP,0.35,14,Pit stops,HIGHLIGHT,0,96,92,0.0,0.0
P05,2024_SaoPaulo_GP,0.35,15,Tires & compounds,HIGHLIGHT,3,96,92,0.03125,0.03260869565217391
P05,2024_SaoPaulo_GP,0.35,16,Safety car deployment,HIGHLIGHT,7,96,92,0.07291666666666667,0.07608695652173914
P05,2024_SaoPaulo_GP,0.35,17,Gap & pace,HIGHLIGHT,0,96,92,0.0,0.0
P05,2024_SaoPaulo_GP,0.35,18,Team dynamics,HIGHLIGHT,6,96,92,0.0625,0.06521739130434782
P05,2024_SaoPaulo_GP,0.35,19,Race lead holding,HIGHLIGHT,3,96,92,0.03125,0.03260869565217391
P05,2024_SaoPaulo_GP,0.35,20,Wing & car damage,HIGHLIGHT,1,96,92,0.010416666666666666,0.010869565217391304
P05,2024_SaoPaulo_GP,0.35,21,Braking & lockups,HIGHLIGHT,1,96,92,0.010416666666666666,0.010869565217391304
P05,2024_SaoPaulo_GP,0.35,22,Wheel-to-wheel,HIGHLIGHT,3,96,92,0.03125,0.03260869565217391
P05,2024_SaoPaulo_GP,0.35,23,Circuit action,HIGHLIGHT,4,96,92,0.041666666666666664,0.043478260869565216
P05,2024_SaoPaulo_GP,0.35,24,Inter-car distance,HIGHLIGHT,0,96,92,0.0,0.0
P05,2024_SaoPaulo_GP,0.35,25,Driver & team references,HIGHLIGHT,2,96,92,0.020833333333333332,0.021739130434782608
P05,2024_SaoPaulo_GP,0.35,26,Defending & attacking,HIGHLIGHT,3,96,92,0.03125,0.03260869565217391
P05,2024_SaoPaulo_GP,0.35,27,Overtake battles,HIGHLIGHT,16,96,92,0.16666666666666666,0.17391304347826086
P05,2024_SaoPaulo_GP,0.35,28,Corner battles,HIGHLIGHT,2,96,92,0.020833333333333332,0.021739130434782608
P05,2024_SaoPaulo_GP,0.35,29,Corner specific moves,HIGHLIGHT,3,96,92,0.03125,0.03260869565217391
P05,2024_SaoPaulo_GP,0.35,30,Lap pace & timing,HIGHLIGHT,4,96,92,0.041666666666666664,0.043478260869565216
P05,2024_SaoPaulo_GP,0.35,31,Race leader changes,HIGHLIGHT,3,96,92,0.03125,0.03260869565217391
P05,2024_SaoPaulo_GP,0.35,32,Front position changes,HIGHLIGHT,1,96,92,0.010416666666666666,0.010869565217391304
P05,2024_SaoPaulo_GP,0.35,33,Field position changes,HIGHLIGHT,4,96,92,0.041666666666666664,0.043478260869565216
P05,2024_SaoPaulo_GP,0.35,0,DRS-assisted battles,FULL_RACE,5,1905,1580,0.0026246719160104987,0.0031645569620253164
P05,2024_SaoPaulo_GP,0.35,1,Time penalties,FULL_RACE,32,1905,1580,0.01679790026246719,0.020253164556962026
P05,2024_SaoPaulo_GP,0.35,2,Lights-out race starts,FULL_RACE,22,1905,1580,0.011548556430446194,0.013924050632911392
P05,2024_SaoPaulo_GP,0.35,3,Mirror checks defending,FULL_RACE,3,1905,1580,0.0015748031496062992,0.0018987341772151898
P05,2024_SaoPaulo_GP,0.35,4,Race start launch,FULL_RACE,7,1905,1580,0.003674540682414698,0.004430379746835443
P05,2024_SaoPaulo_GP,0.35,5,Weather conditions,FULL_RACE,145,1905,1580,0.07611548556430446,0.09177215189873418
P05,2024_SaoPaulo_GP,0.35,6,Grand Prix wins,FULL_RACE,87,1905,1580,0.04566929133858268,0.05506329113924051
P05,2024_SaoPaulo_GP,0.35,7,Race start lights,FULL_RACE,19,1905,1580,0.009973753280839895,0.012025316455696202
P05,2024_SaoPaulo_GP,0.35,8,Race control flags,FULL_RACE,34,1905,1580,0.01784776902887139,0.021518987341772152
P05,2024_SaoPaulo_GP,0.35,9,Formula 1 milestones,FULL_RACE,30,1905,1580,0.015748031496062992,0.0189873417721519
P05,2024_SaoPaulo_GP,0.35,10,Chicane moves,FULL_RACE,0,1905,1580,0.0,0.0
P05,2024_SaoPaulo_GP,0.35,11,Team radio celebrations,FULL_RACE,37,1905,1580,0.01942257217847769,0.02341772151898734
P05,2024_SaoPaulo_GP,0.35,12,Podium finishes,FULL_RACE,34,1905,1580,0.01784776902887139,0.021518987341772152
P05,2024_SaoPaulo_GP,0.35,13,Championship & title,FULL_RACE,77,1905,1580,0.04041994750656168,0.048734177215189876
P05,2024_SaoPaulo_GP,0.35,14,Pit stops,FULL_RACE,31,1905,1580,0.01627296587926509,0.019620253164556962
P05,2024_SaoPaulo_GP,0.35,15,Tires & compounds,FULL_RACE,68,1905,1580,0.03569553805774278,0.043037974683544304
P05,2024_SaoPaulo_GP,0.35,16,Safety car deployment,FULL_RACE,52,1905,1580,0.027296587926509186,0.03291139240506329
P05,2024_SaoPaulo_GP,0.35,17,Gap & pace,FULL_RACE,55,1905,1580,0.028871391076115485,0.03481012658227848
P05,2024_SaoPaulo_GP,0.35,18,Team dynamics,FULL_RACE,104,1905,1580,0.05459317585301837,0.06582278481012659
P05,2024_SaoPaulo_GP,0.35,19,Race lead holding,FULL_RACE,11,1905,1580,0.005774278215223097,0.006962025316455696
P05,2024_SaoPaulo_GP,0.35,20,Wing & car damage,FULL_RACE,26,1905,1580,0.013648293963254593,0.016455696202531647
P05,2024_SaoPaulo_GP,0.35,21,Braking & lockups,FULL_RACE,60,1905,1580,0.031496062992125984,0.0379746835443038
P05,2024_SaoPaulo_GP,0.35,22,Wheel-to-wheel,FULL_RACE,11,1905,1580,0.005774278215223097,0.006962025316455696
P05,2024_SaoPaulo_GP,0.35,23,Circuit action,FULL_RACE,63,1905,1580,0.03307086614173228,0.039873417721518985
P05,2024_SaoPaulo_GP,0.35,24,Inter-car distance,FULL_RACE,34,1905,1580,0.01784776902887139,0.021518987341772152
P05,2024_SaoPaulo_GP,0.35,25,Driver & team references,FULL_RACE,83,1905,1580,0.04356955380577428,0.052531645569620256
P05,2024_SaoPaulo_GP,0.35,26,Defending & attacking,FULL_RACE,23,1905,1580,0.012073490813648294,0.014556962025316455
P05,2024_SaoPaulo_GP,0.35,27,Overtake battles,FULL_RACE,163,1905,1580,0.08556430446194226,0.10316455696202531
P05,2024_SaoPaulo_GP,0.35,28,Corner battles,FULL_RACE,20,1905,1580,0.010498687664041995,0.012658227848101266
P05,2024_SaoPaulo_GP,0.35,29,Corner specific moves,FULL_RACE,21,1905,1580,0.011023622047244094,0.013291139240506329
P05,2024_SaoPaulo_GP,0.35,30,Lap pace & timing,FULL_RACE,70,1905,1580,0.03674540682414698,0.04430379746835443
P05,2024_SaoPaulo_GP,0.35,31,Race leader changes,FULL_RACE,84,1905,1580,0.04409448818897638,0.053164556962025315
P05,2024_SaoPaulo_GP,0.35,32,Front position changes,FULL_RACE,27,1905,1580,0.014173228346456693,0.01708860759493671
P05,2024_SaoPaulo_GP,0.35,33,Field position changes,FULL_RACE,42,1905,1580,0.02204724409448819,0.026582278481012658
P06,2024_Italy_GP,0.35,0,DRS-assisted battles,HIGHLIGHT,0,69,69,0.0,0.0
P06,2024_Italy_GP,0.35,1,Time penalties,HIGHLIGHT,1,69,69,0.014492753623188406,0.014492753623188406
P06,2024_Italy_GP,0.35,2,Lights-out race starts,HIGHLIGHT,0,69,69,0.0,0.0
P06,2024_Italy_GP,0.35,3,Mirror checks defending,HIGHLIGHT,0,69,69,0.0,0.0
P06,2024_Italy_GP,0.35,4,Race start launch,HIGHLIGHT,2,69,69,0.028985507246376812,0.028985507246376812
P06,2024_Italy_GP,0.35,5,Weather conditions,HIGHLIGHT,0,69,69,0.0,0.0
P06,2024_Italy_GP,0.35,6,Grand Prix wins,HIGHLIGHT,5,69,69,0.07246376811594203,0.07246376811594203
P06,2024_Italy_GP,0.35,7,Race start lights,HIGHLIGHT,0,69,69,0.0,0.0
P06,2024_Italy_GP,0.35,8,Race control flags,HIGHLIGHT,0,69,69,0.0,0.0
P06,2024_Italy_GP,0.35,9,Formula 1 milestones,HIGHLIGHT,0,69,69,0.0,0.0
P06,2024_Italy_GP,0.35,10,Chicane moves,HIGHLIGHT,4,69,69,0.057971014492753624,0.057971014492753624
P06,2024_Italy_GP,0.35,11,Team radio celebrations,HIGHLIGHT,0,69,69,0.0,0.0
P06,2024_Italy_GP,0.35,12,Podium finishes,HIGHLIGHT,0,69,69,0.0,0.0
P06,2024_Italy_GP,0.35,13,Championship & title,HIGHLIGHT,2,69,69,0.028985507246376812,0.028985507246376812
P06,2024_Italy_GP,0.35,14,Pit stops,HIGHLIGHT,2,69,69,0.028985507246376812,0.028985507246376812
P06,2024_Italy_GP,0.35,15,Tires & compounds,HIGHLIGHT,4,69,69,0.057971014492753624,0.057971014492753624
P06,2024_Italy_GP,0.35,16,Safety car deployment,HIGHLIGHT,0,69,69,0.0,0.0
P06,2024_Italy_GP,0.35,17,Gap & pace,HIGHLIGHT,2,69,69,0.028985507246376812,0.028985507246376812
P06,2024_Italy_GP,0.35,18,Team dynamics,HIGHLIGHT,9,69,69,0.13043478260869565,0.13043478260869565
P06,2024_Italy_GP,0.35,19,Race lead holding,HIGHLIGHT,2,69,69,0.028985507246376812,0.028985507246376812
P06,2024_Italy_GP,0.35,20,Wing & car damage,HIGHLIGHT,0,69,69,0.0,0.0
P06,2024_Italy_GP,0.35,21,Braking & lockups,HIGHLIGHT,2,69,69,0.028985507246376812,0.028985507246376812
P06,2024_Italy_GP,0.35,22,Wheel-to-wheel,HIGHLIGHT,2,69,69,0.028985507246376812,0.028985507246376812
P06,2024_Italy_GP,0.35,23,Circuit action,HIGHLIGHT,3,69,69,0.043478260869565216,0.043478260869565216
P06,2024_Italy_GP,0.35,24,Inter-car distance,HIGHLIGHT,0,69,69,0.0,0.0
P06,2024_Italy_GP,0.35,25,Driver & team references,HIGHLIGHT,3,69,69,0.043478260869565216,0.043478260869565216
P06,2024_Italy_GP,0.35,26,Defending & attacking,HIGHLIGHT,2,69,69,0.028985507246376812,0.028985507246376812
P06,2024_Italy_GP,0.35,27,Overtake battles,HIGHLIGHT,11,69,69,0.15942028985507245,0.15942028985507245
P06,2024_Italy_GP,0.35,28,Corner battles,HIGHLIGHT,1,69,69,0.014492753623188406,0.014492753623188406
P06,2024_Italy_GP,0.35,29,Corner specific moves,HIGHLIGHT,0,69,69,0.0,0.0
P06,2024_Italy_GP,0.35,30,Lap pace & timing,HIGHLIGHT,3,69,69,0.043478260869565216,0.043478260869565216
P06,2024_Italy_GP,0.35,31,Race leader changes,HIGHLIGHT,6,69,69,0.08695652173913043,0.08695652173913043
P06,2024_Italy_GP,0.35,32,Front position changes,HIGHLIGHT,2,69,69,0.028985507246376812,0.028985507246376812
P06,2024_Italy_GP,0.35,33,Field position changes,HIGHLIGHT,1,69,69,0.014492753623188406,0.014492753623188406
P06,2024_Italy_GP,0.35,0,DRS-assisted battles,FULL_RACE,12,1458,1187,0.00823045267489712,0.010109519797809604
P06,2024_Italy_GP,0.35,1,Time penalties,FULL_RACE,6,1458,1187,0.00411522633744856,0.005054759898904802
P06,2024_Italy_GP,0.35,2,Lights-out race starts,FULL_RACE,10,1458,1187,0.006858710562414266,0.008424599831508003
P06,2024_Italy_GP,0.35,3,Mirror checks defending,FULL_RACE,5,1458,1187,0.003429355281207133,0.004212299915754001
P06,2024_Italy_GP,0.35,4,Race start launch,FULL_RACE,5,1458,1187,0.003429355281207133,0.004212299915754001
P06,2024_Italy_GP,0.35,5,Weather conditions,FULL_RACE,4,1458,1187,0.0027434842249657062,0.003369839932603201
P06,2024_Italy_GP,0.35,6,Grand Prix wins,FULL_RACE,87,1458,1187,0.059670781893004114,0.07329401853411963
P06,2024_Italy_GP,0.35,7,Race start lights,FULL_RACE,1,1458,1187,0.0006858710562414266,0.0008424599831508003
P06,2024_Italy_GP,0.35,8,Race control flags,FULL_RACE,7,1458,1187,0.004801097393689987,0.005897219882055603
P06,2024_Italy_GP,0.35,9,Formula 1 milestones,FULL_RACE,15,1458,1187,0.0102880658436214,0.012636899747262006
P06,2024_Italy_GP,0.35,10,Chicane moves,FULL_RACE,18,1458,1187,0.012345679012345678,0.015164279696714406
P06,2024_Italy_GP,0.35,11,Team radio celebrations,FULL_RACE,19,1458,1187,0.013031550068587106,0.016006739679865205
P06,2024_Italy_GP,0.35,12,Podium finishes,FULL_RACE,20,1458,1187,0.013717421124828532,0.016849199663016005
P06,2024_Italy_GP,0.35,13,Championship & title,FULL_RACE,71,1458,1187,0.04869684499314129,0.05981465880370682
P06,2024_Italy_GP,0.35,14,Pit stops,FULL_RACE,49,1458,1187,0.033607681755829906,0.041280539174389216
P06,2024_Italy_GP,0.35,15,Tires & compounds,FULL_RACE,91,1458,1187,0.062414266117969824,0.07666385846672283
P06,2024_Italy_GP,0.35,16,Safety car deployment,FULL_RACE,13,1458,1187,0.008916323731138546,0.010951979780960405
P06,2024_Italy_GP,0.35,17,Gap & pace,FULL_RACE,56,1458,1187,0.038408779149519894,0.04717775905644482
P06,2024_Italy_GP,0.35,18,Team dynamics,FULL_RACE,120,1458,1187,0.0823045267489712,0.10109519797809605
P06,2024_Italy_GP,0.35,19,Race lead holding,FULL_RACE,13,1458,1187,0.008916323731138546,0.010951979780960405
P06,2024_Italy_GP,0.35,20,Wing & car damage,FULL_RACE,31,1458,1187,0.021262002743484224,0.02611625947767481
P06,2024_Italy_GP,0.35,21,Braking & lockups,FULL_RACE,33,1458,1187,0.02263374485596708,0.02780117944397641
P06,2024_Italy_GP,0.35,22,Wheel-to-wheel,FULL_RACE,10,1458,1187,0.006858710562414266,0.008424599831508003
P06,2024_Italy_GP,0.35,23,Circuit action,FULL_RACE,40,1458,1187,0.027434842249657063,0.03369839932603201
P06,2024_Italy_GP,0.35,24,Inter-car distance,FULL_RACE,14,1458,1187,0.009602194787379973,0.011794439764111205
P06,2024_Italy_GP,0.35,25,Driver & team references,FULL_RACE,30,1458,1187,0.0205761316872428,0.02527379949452401
P06,2024_Italy_GP,0.35,26,Defending & attacking,FULL_RACE,19,1458,1187,0.013031550068587106,0.016006739679865205
P06,2024_Italy_GP,0.35,27,Overtake battles,FULL_RACE,181,1458,1187,0.12414266117969822,0.15248525695029486
P06,2024_Italy_GP,0.35,28,Corner battles,FULL_RACE,6,1458,1187,0.00411522633744856,0.005054759898904802
P06,2024_Italy_GP,0.35,29,Corner specific moves,FULL_RACE,7,1458,1187,0.004801097393689987,0.005897219882055603
P06,2024_Italy_GP,0.35,30,Lap pace & timing,FULL_RACE,60,1458,1187,0.0411522633744856,0.05054759898904802
P06,2024_Italy_GP,0.35,31,Race leader changes,FULL_RACE,64,1458,1187,0.0438957475994513,0.05391743892165122
P06,2024_Italy_GP,0.35,32,Front position changes,FULL_RACE,29,1458,1187,0.019890260631001373,0.02443133951137321
P06,2024_Italy_GP,0.35,33,Field position changes,FULL_RACE,41,1458,1187,0.028120713305898493,0.03454085930918281
P07,2024_LasVegas_GP,0.35,0,DRS-assisted battles,HIGHLIGHT,3,105,97,0.02857142857142857,0.030927835051546393
P07,2024_LasVegas_GP,0.35,1,Time penalties,HIGHLIGHT,0,105,97,0.0,0.0
P07,2024_LasVegas_GP,0.35,2,Lights-out race starts,HIGHLIGHT,2,105,97,0.01904761904761905,0.020618556701030927
P07,2024_LasVegas_GP,0.35,3,Mirror checks defending,HIGHLIGHT,0,105,97,0.0,0.0
P07,2024_LasVegas_GP,0.35,4,Race start launch,HIGHLIGHT,0,105,97,0.0,0.0
P07,2024_LasVegas_GP,0.35,5,Weather conditions,HIGHLIGHT,1,105,97,0.009523809523809525,0.010309278350515464
P07,2024_LasVegas_GP,0.35,6,Grand Prix wins,HIGHLIGHT,5,105,97,0.047619047619047616,0.05154639175257732
P07,2024_LasVegas_GP,0.35,7,Race start lights,HIGHLIGHT,1,105,97,0.009523809523809525,0.010309278350515464
P07,2024_LasVegas_GP,0.35,8,Race control flags,HIGHLIGHT,1,105,97,0.009523809523809525,0.010309278350515464
P07,2024_LasVegas_GP,0.35,9,Formula 1 milestones,HIGHLIGHT,3,105,97,0.02857142857142857,0.030927835051546393
P07,2024_LasVegas_GP,0.35,10,Chicane moves,HIGHLIGHT,1,105,97,0.009523809523809525,0.010309278350515464
P07,2024_LasVegas_GP,0.35,11,Team radio celebrations,HIGHLIGHT,1,105,97,0.009523809523809525,0.010309278350515464
P07,2024_LasVegas_GP,0.35,12,Podium finishes,HIGHLIGHT,3,105,97,0.02857142857142857,0.030927835051546393
P07,2024_LasVegas_GP,0.35,13,Championship & title,HIGHLIGHT,8,105,97,0.0761904761904762,0.08247422680412371
P07,2024_LasVegas_GP,0.35,14,Pit stops,HIGHLIGHT,5,105,97,0.047619047619047616,0.05154639175257732
P07,2024_LasVegas_GP,0.35,15,Tires & compounds,HIGHLIGHT,3,105,97,0.02857142857142857,0.030927835051546393
P07,2024_LasVegas_GP,0.35,16,Safety car deployment,HIGHLIGHT,0,105,97,0.0,0.0
P07,2024_LasVegas_GP,0.35,17,Gap & pace,HIGHLIGHT,0,105,97,0.0,0.0
P07,2024_LasVegas_GP,0.35,18,Team dynamics,HIGHLIGHT,10,105,97,0.09523809523809523,0.10309278350515463
P07,2024_LasVegas_GP,0.35,19,Race lead holding,HIGHLIGHT,3,105,97,0.02857142857142857,0.030927835051546393
P07,2024_LasVegas_GP,0.35,20,Wing & car damage,HIGHLIGHT,3,105,97,0.02857142857142857,0.030927835051546393
P07,2024_LasVegas_GP,0.35,21,Braking & lockups,HIGHLIGHT,3,105,97,0.02857142857142857,0.030927835051546393
P07,2024_LasVegas_GP,0.35,22,Wheel-to-wheel,HIGHLIGHT,0,105,97,0.0,0.0
P07,2024_LasVegas_GP,0.35,23,Circuit action,HIGHLIGHT,1,105,97,0.009523809523809525,0.010309278350515464
P07,2024_LasVegas_GP,0.35,24,Inter-car distance,HIGHLIGHT,4,105,97,0.0380952380952381,0.041237113402061855
P07,2024_LasVegas_GP,0.35,25,Driver & team references,HIGHLIGHT,2,105,97,0.01904761904761905,0.020618556701030927
P07,2024_LasVegas_GP,0.35,26,Defending & attacking,HIGHLIGHT,5,105,97,0.047619047619047616,0.05154639175257732
P07,2024_LasVegas_GP,0.35,27,Overtake battles,HIGHLIGHT,14,105,97,0.13333333333333333,0.14432989690721648
P07,2024_LasVegas_GP,0.35,28,Corner battles,HIGHLIGHT,5,105,97,0.047619047619047616,0.05154639175257732
P07,2024_LasVegas_GP,0.35,29,Corner specific moves,HIGHLIGHT,0,105,97,0.0,0.0
P07,2024_LasVegas_GP,0.35,30,Lap pace & timing,HIGHLIGHT,1,105,97,0.009523809523809525,0.010309278350515464
P07,2024_LasVegas_GP,0.35,31,Race leader changes,HIGHLIGHT,0,105,97,0.0,0.0
P07,2024_LasVegas_GP,0.35,32,Front position changes,HIGHLIGHT,5,105,97,0.047619047619047616,0.05154639175257732
P07,2024_LasVegas_GP,0.35,33,Field position changes,HIGHLIGHT,4,105,97,0.0380952380952381,0.041237113402061855
P07,2024_LasVegas_GP,0.35,0,DRS-assisted battles,FULL_RACE,18,1344,1113,0.013392857142857142,0.016172506738544475
P07,2024_LasVegas_GP,0.35,1,Time penalties,FULL_RACE,13,1344,1113,0.009672619047619048,0.011680143755615454
P07,2024_LasVegas_GP,0.35,2,Lights-out race starts,FULL_RACE,18,1344,1113,0.013392857142857142,0.016172506738544475
P07,2024_LasVegas_GP,0.35,3,Mirror checks defending,FULL_RACE,7,1344,1113,0.005208333333333333,0.006289308176100629
P07,2024_LasVegas_GP,0.35,4,Race start launch,FULL_RACE,6,1344,1113,0.004464285714285714,0.005390835579514825
P07,2024_LasVegas_GP,0.35,5,Weather conditions,FULL_RACE,8,1344,1113,0.005952380952380952,0.0071877807726864335
P07,2024_LasVegas_GP,0.35,6,Grand Prix wins,FULL_RACE,109,1344,1113,0.08110119047619048,0.09793351302785265
P07,2024_LasVegas_GP,0.35,7,Race start lights,FULL_RACE,8,1344,1113,0.005952380952380952,0.0071877807726864335
P07,2024_LasVegas_GP,0.35,8,Race control flags,FULL_RACE,6,1344,1113,0.004464285714285714,0.005390835579514825
P07,2024_LasVegas_GP,0.35,9,Formula 1 milestones,FULL_RACE,30,1344,1113,0.022321428571428572,0.026954177897574125
P07,2024_LasVegas_GP,0.35,10,Chicane moves,FULL_RACE,1,1344,1113,0.000744047619047619,0.0008984725965858042
P07,2024_LasVegas_GP,0.35,11,Team radio celebrations,FULL_RACE,37,1344,1113,0.027529761904761904,0.03324348607367475
P07,2024_LasVegas_GP,0.35,12,Podium finishes,FULL_RACE,25,1344,1113,0.018601190476190476,0.022461814914645103
P07,2024_LasVegas_GP,0.35,13,Championship & title,FULL_RACE,80,1344,1113,0.05952380952380952,0.07187780772686433
P07,2024_LasVegas_GP,0.35,14,Pit stops,FULL_RACE,32,1344,1113,0.023809523809523808,0.028751123090745734
P07,2024_LasVegas_GP,0.35,15,Tires & compounds,FULL_RACE,58,1344,1113,0.043154761904761904,0.05211141060197664
P07,2024_LasVegas_GP,0.35,16,Safety car deployment,FULL_RACE,21,1344,1113,0.015625,0.018867924528301886
P07,2024_LasVegas_GP,0.35,17,Gap & pace,FULL_RACE,36,1344,1113,0.026785714285714284,0.03234501347708895
P07,2024_LasVegas_GP,0.35,18,Team dynamics,FULL_RACE,109,1344,1113,0.08110119047619048,0.09793351302785265
P07,2024_LasVegas_GP,0.35,19,Race lead holding,FULL_RACE,16,1344,1113,0.011904761904761904,0.014375561545372867
P07,2024_LasVegas_GP,0.35,20,Wing & car damage,FULL_RACE,22,1344,1113,0.01636904761904762,0.019766397124887692
P07,2024_LasVegas_GP,0.35,21,Braking & lockups,FULL_RACE,37,1344,1113,0.027529761904761904,0.03324348607367475
P07,2024_LasVegas_GP,0.35,22,Wheel-to-wheel,FULL_RACE,4,1344,1113,0.002976190476190476,0.0035938903863432167
P07,2024_LasVegas_GP,0.35,23,Circuit action,FULL_RACE,27,1344,1113,0.020089285714285716,0.02425876010781671
P07,2024_LasVegas_GP,0.35,24,Inter-car distance,FULL_RACE,26,1344,1113,0.019345238095238096,0.02336028751123091
P07,2024_LasVegas_GP,0.35,25,Driver & team references,FULL_RACE,34,1344,1113,0.025297619047619048,0.030548068283917342
P07,2024_LasVegas_GP,0.35,26,Defending & attacking,FULL_RACE,27,1344,1113,0.020089285714285716,0.02425876010781671
P07,2024_LasVegas_GP,0.35,27,Overtake battles,FULL_RACE,121,1344,1113,0.0900297619047619,0.1087151841868823
P07,2024_LasVegas_GP,0.35,28,Corner battles,FULL_RACE,10,1344,1113,0.00744047619047619,0.008984725965858042
P07,2024_LasVegas_GP,0.35,29,Corner specific moves,FULL_RACE,16,1344,1113,0.011904761904761904,0.014375561545372867
P07,2024_LasVegas_GP,0.35,30,Lap pace & timing,FULL_RACE,55,1344,1113,0.04092261904761905,0.04941599281221923
P07,2024_LasVegas_GP,0.35,31,Race leader changes,FULL_RACE,43,1344,1113,0.031994047619047616,0.03863432165318958
P07,2024_LasVegas_GP,0.35,32,Front position changes,FULL_RACE,23,1344,1113,0.01711309523809524,0.020664869721473494
P07,2024_LasVegas_GP,0.35,33,Field position changes,FULL_RACE,30,1344,1113,0.022321428571428572,0.026954177897574125
P08,2024_Qatar_GP,0.35,0,DRS-assisted battles,HIGHLIGHT,0,55,54,0.0,0.0
P08,2024_Qatar_GP,0.35,1,Time penalties,HIGHLIGHT,7,55,54,0.12727272727272726,0.12962962962962962
P08,2024_Qatar_GP,0.35,2,Lights-out race starts,HIGHLIGHT,0,55,54,0.0,0.0
P08,2024_Qatar_GP,0.35,3,Mirror checks defending,HIGHLIGHT,1,55,54,0.01818181818181818,0.018518518518518517
P08,2024_Qatar_GP,0.35,4,Race start launch,HIGHLIGHT,1,55,54,0.01818181818181818,0.018518518518518517
P08,2024_Qatar_GP,0.35,5,Weather conditions,HIGHLIGHT,0,55,54,0.0,0.0
P08,2024_Qatar_GP,0.35,6,Grand Prix wins,HIGHLIGHT,6,55,54,0.10909090909090909,0.1111111111111111
P08,2024_Qatar_GP,0.35,7,Race start lights,HIGHLIGHT,1,55,54,0.01818181818181818,0.018518518518518517
P08,2024_Qatar_GP,0.35,8,Race control flags,HIGHLIGHT,3,55,54,0.05454545454545454,0.05555555555555555
P08,2024_Qatar_GP,0.35,9,Formula 1 milestones,HIGHLIGHT,0,55,54,0.0,0.0
P08,2024_Qatar_GP,0.35,10,Chicane moves,HIGHLIGHT,0,55,54,0.0,0.0
P08,2024_Qatar_GP,0.35,11,Team radio celebrations,HIGHLIGHT,0,55,54,0.0,0.0
P08,2024_Qatar_GP,0.35,12,Podium finishes,HIGHLIGHT,0,55,54,0.0,0.0
P08,2024_Qatar_GP,0.35,13,Championship & title,HIGHLIGHT,2,55,54,0.03636363636363636,0.037037037037037035
P08,2024_Qatar_GP,0.35,14,Pit stops,HIGHLIGHT,0,55,54,0.0,0.0
P08,2024_Qatar_GP,0.35,15,Tires & compounds,HIGHLIGHT,4,55,54,0.07272727272727272,0.07407407407407407
P08,2024_Qatar_GP,0.35,16,Safety car deployment,HIGHLIGHT,0,55,54,0.0,0.0
P08,2024_Qatar_GP,0.35,17,Gap & pace,HIGHLIGHT,0,55,54,0.0,0.0
P08,2024_Qatar_GP,0.35,18,Team dynamics,HIGHLIGHT,4,55,54,0.07272727272727272,0.07407407407407407
P08,2024_Qatar_GP,0.35,19,Race lead holding,HIGHLIGHT,1,55,54,0.01818181818181818,0.018518518518518517
P08,2024_Qatar_GP,0.35,20,Wing & car damage,HIGHLIGHT,2,55,54,0.03636363636363636,0.037037037037037035
P08,2024_Qatar_GP,0.35,21,Braking & lockups,HIGHLIGHT,3,55,54,0.05454545454545454,0.05555555555555555
P08,2024_Qatar_GP,0.35,22,Wheel-to-wheel,HIGHLIGHT,3,55,54,0.05454545454545454,0.05555555555555555
P08,2024_Qatar_GP,0.35,23,Circuit action,HIGHLIGHT,1,55,54,0.01818181818181818,0.018518518518518517
P08,2024_Qatar_GP,0.35,24,Inter-car distance,HIGHLIGHT,1,55,54,0.01818181818181818,0.018518518518518517
P08,2024_Qatar_GP,0.35,25,Driver & team references,HIGHLIGHT,0,55,54,0.0,0.0
P08,2024_Qatar_GP,0.35,26,Defending & attacking,HIGHLIGHT,1,55,54,0.01818181818181818,0.018518518518518517
P08,2024_Qatar_GP,0.35,27,Overtake battles,HIGHLIGHT,5,55,54,0.09090909090909091,0.09259259259259259
P08,2024_Qatar_GP,0.35,28,Corner battles,HIGHLIGHT,1,55,54,0.01818181818181818,0.018518518518518517
P08,2024_Qatar_GP,0.35,29,Corner specific moves,HIGHLIGHT,0,55,54,0.0,0.0
P08,2024_Qatar_GP,0.35,30,Lap pace & timing,HIGHLIGHT,1,55,54,0.01818181818181818,0.018518518518518517
P08,2024_Qatar_GP,0.35,31,Race leader changes,HIGHLIGHT,2,55,54,0.03636363636363636,0.037037037037037035
P08,2024_Qatar_GP,0.35,32,Front position changes,HIGHLIGHT,0,55,54,0.0,0.0
P08,2024_Qatar_GP,0.35,33,Field position changes,HIGHLIGHT,4,55,54,0.07272727272727272,0.07407407407407407
P08,2024_Qatar_GP,0.35,0,DRS-assisted battles,FULL_RACE,20,1631,1351,0.012262415695892091,0.014803849000740192
P08,2024_Qatar_GP,0.35,1,Time penalties,FULL_RACE,68,1631,1351,0.041692213366033105,0.050333086602516654
P08,2024_Qatar_GP,0.35,2,Lights-out race starts,FULL_RACE,11,1631,1351,0.00674432863274065,0.008142116950407105
P08,2024_Qatar_GP,0.35,3,Mirror checks defending,FULL_RACE,16,1631,1351,0.009809932556713672,0.011843079200592153
P08,2024_Qatar_GP,0.35,4,Race start launch,FULL_RACE,5,1631,1351,0.0030656039239730227,0.003700962250185048
P08,2024_Qatar_GP,0.35,5,Weather conditions,FULL_RACE,7,1631,1351,0.004291845493562232,0.0051813471502590676
P08,2024_Qatar_GP,0.35,6,Grand Prix wins,FULL_RACE,81,1631,1351,0.04966278356836297,0.05995558845299778
P08,2024_Qatar_GP,0.35,7,Race start lights,FULL_RACE,5,1631,1351,0.0030656039239730227,0.003700962250185048
P08,2024_Qatar_GP,0.35,8,Race control flags,FULL_RACE,33,1631,1351,0.02023298589822195,0.02442635085122132
P08,2024_Qatar_GP,0.35,9,Formula 1 milestones,FULL_RACE,20,1631,1351,0.012262415695892091,0.014803849000740192
P08,2024_Qatar_GP,0.35,10,Chicane moves,FULL_RACE,1,1631,1351,0.0006131207847946045,0.0007401924500370096
P08,2024_Qatar_GP,0.35,11,Team radio celebrations,FULL_RACE,16,1631,1351,0.009809932556713672,0.011843079200592153
P08,2024_Qatar_GP,0.35,12,Podium finishes,FULL_RACE,17,1631,1351,0.010423053341508276,0.012583271650629163
P08,2024_Qatar_GP,0.35,13,Championship & title,FULL_RACE,69,1631,1351,0.04230533415082771,0.05107327905255366
P08,2024_Qatar_GP,0.35,14,Pit stops,FULL_RACE,43,1631,1351,0.026364193746167996,0.03182827535159141
P08,2024_Qatar_GP,0.35,15,Tires & compounds,FULL_RACE,75,1631,1351,0.04598405885959534,0.05551443375277572
P08,2024_Qatar_GP,0.35,16,Safety car deployment,FULL_RACE,53,1631,1351,0.03249540159411404,0.03923019985196151
P08,2024_Qatar_GP,0.35,17,Gap & pace,FULL_RACE,51,1631,1351,0.03126916002452483,0.03774981495188749
P08,2024_Qatar_GP,0.35,18,Team dynamics,FULL_RACE,109,1631,1351,0.0668301655426119,0.08068097705403404
P08,2024_Qatar_GP,0.35,19,Race lead holding,FULL_RACE,6,1631,1351,0.003678724708767627,0.0044411547002220575
P08,2024_Qatar_GP,0.35,20,Wing & car damage,FULL_RACE,33,1631,1351,0.02023298589822195,0.02442635085122132
P08,2024_Qatar_GP,0.35,21,Braking & lockups,FULL_RACE,67,1631,1351,0.041079092581238506,0.049592894152479645
P08,2024_Qatar_GP,0.35,22,Wheel-to-wheel,FULL_RACE,12,1631,1351,0.007357449417535254,0.008882309400444115
P08,2024_Qatar_GP,0.35,23,Circuit action,FULL_RACE,35,1631,1351,0.02145922746781116,0.025906735751295335
P08,2024_Qatar_GP,0.35,24,Inter-car distance,FULL_RACE,30,1631,1351,0.018393623543838136,0.02220577350111029
P08,2024_Qatar_GP,0.35,25,Driver & team references,FULL_RACE,28,1631,1351,0.017167381974248927,0.02072538860103627
P08,2024_Qatar_GP,0.35,26,Defending & attacking,FULL_RACE,28,1631,1351,0.017167381974248927,0.02072538860103627
P08,2024_Qatar_GP,0.35,27,Overtake battles,FULL_RACE,175,1631,1351,0.1072961373390558,0.12953367875647667
P08,2024_Qatar_GP,0.35,28,Corner battles,FULL_RACE,15,1631,1351,0.009196811771919068,0.011102886750555145
P08,2024_Qatar_GP,0.35,29,Corner specific moves,FULL_RACE,12,1631,1351,0.007357449417535254,0.008882309400444115
P08,2024_Qatar_GP,0.35,30,Lap pace & timing,FULL_RACE,59,1631,1351,0.036174126302881665,0.043671354552183565
P08,2024_Qatar_GP,0.35,31,Race leader changes,FULL_RACE,53,1631,1351,0.03249540159411404,0.03923019985196151
P08,2024_Qatar_GP,0.35,32,Front position changes,FULL_RACE,40,1631,1351,0.024524831391784182,0.029607698001480384
P08,2024_Qatar_GP,0.35,33,Field position changes,FULL_RACE,58,1631,1351,0.035561005518087066,0.04293116210214656
P09,2025_Belgium_GP,0.35,0,DRS-assisted battles,HIGHLIGHT,1,65,63,0.015384615384615385,0.015873015873015872
P09,2025_Belgium_GP,0.35,1,Time penalties,HIGHLIGHT,0,65,63,0.0,0.0
P09,2025_Belgium_GP,0.35,2,Lights-out race starts,HIGHLIGHT,0,65,63,0.0,0.0
P09,2025_Belgium_GP,0.35,3,Mirror checks defending,HIGHLIGHT,0,65,63,0.0,0.0
P09,2025_Belgium_GP,0.35,4,Race start launch,HIGHLIGHT,0,65,63,0.0,0.0
P09,2025_Belgium_GP,0.35,5,Weather conditions,HIGHLIGHT,0,65,63,0.0,0.0
P09,2025_Belgium_GP,0.35,6,Grand Prix wins,HIGHLIGHT,4,65,63,0.06153846153846154,0.06349206349206349
P09,2025_Belgium_GP,0.35,7,Race start lights,HIGHLIGHT,0,65,63,0.0,0.0
P09,2025_Belgium_GP,0.35,8,Race control flags,HIGHLIGHT,2,65,63,0.03076923076923077,0.031746031746031744
P09,2025_Belgium_GP,0.35,9,Formula 1 milestones,HIGHLIGHT,3,65,63,0.046153846153846156,0.047619047619047616
P09,2025_Belgium_GP,0.35,10,Chicane moves,HIGHLIGHT,0,65,63,0.0,0.0
P09,2025_Belgium_GP,0.35,11,Team radio celebrations,HIGHLIGHT,1,65,63,0.015384615384615385,0.015873015873015872
P09,2025_Belgium_GP,0.35,12,Podium finishes,HIGHLIGHT,1,65,63,0.015384615384615385,0.015873015873015872
P09,2025_Belgium_GP,0.35,13,Championship & title,HIGHLIGHT,5,65,63,0.07692307692307693,0.07936507936507936
P09,2025_Belgium_GP,0.35,14,Pit stops,HIGHLIGHT,2,65,63,0.03076923076923077,0.031746031746031744
P09,2025_Belgium_GP,0.35,15,Tires & compounds,HIGHLIGHT,13,65,63,0.2,0.20634920634920634
P09,2025_Belgium_GP,0.35,16,Safety car deployment,HIGHLIGHT,2,65,63,0.03076923076923077,0.031746031746031744
P09,2025_Belgium_GP,0.35,17,Gap & pace,HIGHLIGHT,2,65,63,0.03076923076923077,0.031746031746031744
P09,2025_Belgium_GP,0.35,18,Team dynamics,HIGHLIGHT,2,65,63,0.03076923076923077,0.031746031746031744
P09,2025_Belgium_GP,0.35,19,Race lead holding,HIGHLIGHT,0,65,63,0.0,0.0
P09,2025_Belgium_GP,0.35,20,Wing & car damage,HIGHLIGHT,0,65,63,0.0,0.0
P09,2025_Belgium_GP,0.35,21,Braking & lockups,HIGHLIGHT,6,65,63,0.09230769230769231,0.09523809523809523
P09,2025_Belgium_GP,0.35,22,Wheel-to-wheel,HIGHLIGHT,0,65,63,0.0,0.0
P09,2025_Belgium_GP,0.35,23,Circuit action,HIGHLIGHT,1,65,63,0.015384615384615385,0.015873015873015872
P09,2025_Belgium_GP,0.35,24,Inter-car distance,HIGHLIGHT,1,65,63,0.015384615384615385,0.015873015873015872
P09,2025_Belgium_GP,0.35,25,Driver & team references,HIGHLIGHT,3,65,63,0.046153846153846156,0.047619047619047616
P09,2025_Belgium_GP,0.35,26,Defending & attacking,HIGHLIGHT,0,65,63,0.0,0.0
P09,2025_Belgium_GP,0.35,27,Overtake battles,HIGHLIGHT,9,65,63,0.13846153846153847,0.14285714285714285
P09,2025_Belgium_GP,0.35,28,Corner battles,HIGHLIGHT,0,65,63,0.0,0.0
P09,2025_Belgium_GP,0.35,29,Corner specific moves,HIGHLIGHT,0,65,63,0.0,0.0
P09,2025_Belgium_GP,0.35,30,Lap pace & timing,HIGHLIGHT,3,65,63,0.046153846153846156,0.047619047619047616
P09,2025_Belgium_GP,0.35,31,Race leader changes,HIGHLIGHT,1,65,63,0.015384615384615385,0.015873015873015872
P09,2025_Belgium_GP,0.35,32,Front position changes,HIGHLIGHT,0,65,63,0.0,0.0
P09,2025_Belgium_GP,0.35,33,Field position changes,HIGHLIGHT,1,65,63,0.015384615384615385,0.015873015873015872
P09,2025_Belgium_GP,0.35,0,DRS-assisted battles,FULL_RACE,11,2232,1768,0.00492831541218638,0.006221719457013574
P09,2025_Belgium_GP,0.35,1,Time penalties,FULL_RACE,10,2232,1768,0.004480286738351254,0.005656108597285068
P09,2025_Belgium_GP,0.35,2,Lights-out race starts,FULL_RACE,39,2232,1768,0.01747311827956989,0.022058823529411766
P09,2025_Belgium_GP,0.35,3,Mirror checks defending,FULL_RACE,10,2232,1768,0.004480286738351254,0.005656108597285068
P09,2025_Belgium_GP,0.35,4,Race start launch,FULL_RACE,7,2232,1768,0.0031362007168458782,0.003959276018099547
P09,2025_Belgium_GP,0.35,5,Weather conditions,FULL_RACE,179,2232,1768,0.08019713261648745,0.10124434389140272
P09,2025_Belgium_GP,0.35,6,Grand Prix wins,FULL_RACE,96,2232,1768,0.043010752688172046,0.05429864253393665
P09,2025_Belgium_GP,0.35,7,Race start lights,FULL_RACE,14,2232,1768,0.0062724014336917565,0.007918552036199095
P09,2025_Belgium_GP,0.35,8,Race control flags,FULL_RACE,19,2232,1768,0.008512544802867384,0.010746606334841629
P09,2025_Belgium_GP,0.35,9,Formula 1 milestones,FULL_RACE,38,2232,1768,0.017025089605734768,0.021493212669683258
P09,2025_Belgium_GP,0.35,10,Chicane moves,FULL_RACE,6,2232,1768,0.002688172043010753,0.003393665158371041
P09,2025_Belgium_GP,0.35,11,Team radio celebrations,FULL_RACE,62,2232,1768,0.027777777777777776,0.03506787330316742
P09,2025_Belgium_GP,0.35,12,Podium finishes,FULL_RACE,24,2232,1768,0.010752688172043012,0.013574660633484163
P09,2025_Belgium_GP,0.35,13,Championship & title,FULL_RACE,62,2232,1768,0.027777777777777776,0.03506787330316742
P09,2025_Belgium_GP,0.35,14,Pit stops,FULL_RACE,44,2232,1768,0.01971326164874552,0.024886877828054297
P09,2025_Belgium_GP,0.35,15,Tires & compounds,FULL_RACE,128,2232,1768,0.05734767025089606,0.07239819004524888
P09,2025_Belgium_GP,0.35,16,Safety car deployment,FULL_RACE,59,2232,1768,0.0264336917562724,0.0333710407239819
P09,2025_Belgium_GP,0.35,17,Gap & pace,FULL_RACE,92,2232,1768,0.04121863799283154,0.05203619909502263
P09,2025_Belgium_GP,0.35,18,Team dynamics,FULL_RACE,119,2232,1768,0.053315412186379925,0.0673076923076923
P09,2025_Belgium_GP,0.35,19,Race lead holding,FULL_RACE,8,2232,1768,0.0035842293906810036,0.004524886877828055
P09,2025_Belgium_GP,0.35,20,Wing & car damage,FULL_RACE,17,2232,1768,0.0076164874551971325,0.009615384615384616
P09,2025_Belgium_GP,0.35,21,Braking & lockups,FULL_RACE,53,2232,1768,0.023745519713261647,0.02997737556561086
P09,2025_Belgium_GP,0.35,22,Wheel-to-wheel,FULL_RACE,10,2232,1768,0.004480286738351254,0.005656108597285068
P09,2025_Belgium_GP,0.35,23,Circuit action,FULL_RACE,79,2232,1768,0.03539426523297491,0.04468325791855204
P09,2025_Belgium_GP,0.35,24,Inter-car distance,FULL_RACE,36,2232,1768,0.016129032258064516,0.020361990950226245
P09,2025_Belgium_GP,0.35,25,Driver & team references,FULL_RACE,79,2232,1768,0.03539426523297491,0.04468325791855204
P09,2025_Belgium_GP,0.35,26,Defending & attacking,FULL_RACE,18,2232,1768,0.008064516129032258,0.010180995475113122
P09,2025_Belgium_GP,0.35,27,Overtake battles,FULL_RACE,185,2232,1768,0.08288530465949821,0.10463800904977376
P09,2025_Belgium_GP,0.35,28,Corner battles,FULL_RACE,7,2232,1768,0.0031362007168458782,0.003959276018099547
P09,2025_Belgium_GP,0.35,29,Corner specific moves,FULL_RACE,15,2232,1768,0.006720430107526882,0.008484162895927601
P09,2025_Belgium_GP,0.35,30,Lap pace & timing,FULL_RACE,88,2232,1768,0.03942652329749104,0.049773755656108594
P09,2025_Belgium_GP,0.35,31,Race leader changes,FULL_RACE,97,2232,1768,0.04345878136200717,0.05486425339366516
P09,2025_Belgium_GP,0.35,32,Front position changes,FULL_RACE,21,2232,1768,0.009408602150537635,0.011877828054298642
P09,2025_Belgium_GP,0.35,33,Field position changes,FULL_RACE,36,2232,1768,0.016129032258064516,0.020361990950226245
P10,2025_Japan_GP,0.35,0,DRS-assisted battles,HIGHLIGHT,0,81,77,0.0,0.0
P10,2025_Japan_GP,0.35,1,Time penalties,HIGHLIGHT,0,81,77,0.0,0.0
P10,2025_Japan_GP,0.35,2,Lights-out race starts,HIGHLIGHT,0,81,77,0.0,0.0
P10,2025_Japan_GP,0.35,3,Mirror checks defending,HIGHLIGHT,1,81,77,0.012345679012345678,0.012987012987012988
P10,2025_Japan_GP,0.35,4,Race start launch,HIGHLIGHT,1,81,77,0.012345679012345678,0.012987012987012988
P10,2025_Japan_GP,0.35,5,Weather conditions,HIGHLIGHT,0,81,77,0.0,0.0
P10,2025_Japan_GP,0.35,6,Grand Prix wins,HIGHLIGHT,10,81,77,0.12345679012345678,0.12987012987012986
P10,2025_Japan_GP,0.35,7,Race start lights,HIGHLIGHT,0,81,77,0.0,0.0
P10,2025_Japan_GP,0.35,8,Race control flags,HIGHLIGHT,1,81,77,0.012345679012345678,0.012987012987012988
P10,2025_Japan_GP,0.35,9,Formula 1 milestones,HIGHLIGHT,2,81,77,0.024691358024691357,0.025974025974025976
P10,2025_Japan_GP,0.35,10,Chicane moves,HIGHLIGHT,1,81,77,0.012345679012345678,0.012987012987012988
P10,2025_Japan_GP,0.35,11,Team radio celebrations,HIGHLIGHT,3,81,77,0.037037037037037035,0.03896103896103896
P10,2025_Japan_GP,0.35,12,Podium finishes,HIGHLIGHT,1,81,77,0.012345679012345678,0.012987012987012988
P10,2025_Japan_GP,0.35,13,Championship & title,HIGHLIGHT,3,81,77,0.037037037037037035,0.03896103896103896
P10,2025_Japan_GP,0.35,14,Pit stops,HIGHLIGHT,3,81,77,0.037037037037037035,0.03896103896103896
P10,2025_Japan_GP,0.35,15,Tires & compounds,HIGHLIGHT,2,81,77,0.024691358024691357,0.025974025974025976
P10,2025_Japan_GP,0.35,16,Safety car deployment,HIGHLIGHT,1,81,77,0.012345679012345678,0.012987012987012988
P10,2025_Japan_GP,0.35,17,Gap & pace,HIGHLIGHT,2,81,77,0.024691358024691357,0.025974025974025976
P10,2025_Japan_GP,0.35,18,Team dynamics,HIGHLIGHT,11,81,77,0.13580246913580246,0.14285714285714285
P10,2025_Japan_GP,0.35,19,Race lead holding,HIGHLIGHT,1,81,77,0.012345679012345678,0.012987012987012988
P10,2025_Japan_GP,0.35,20,Wing & car damage,HIGHLIGHT,1,81,77,0.012345679012345678,0.012987012987012988
P10,2025_Japan_GP,0.35,21,Braking & lockups,HIGHLIGHT,2,81,77,0.024691358024691357,0.025974025974025976
P10,2025_Japan_GP,0.35,22,Wheel-to-wheel,HIGHLIGHT,0,81,77,0.0,0.0
P10,2025_Japan_GP,0.35,23,Circuit action,HIGHLIGHT,4,81,77,0.04938271604938271,0.05194805194805195
P10,2025_Japan_GP,0.35,24,Inter-car distance,HIGHLIGHT,1,81,77,0.012345679012345678,0.012987012987012988
P10,2025_Japan_GP,0.35,25,Driver & team references,HIGHLIGHT,2,81,77,0.024691358024691357,0.025974025974025976
P10,2025_Japan_GP,0.35,26,Defending & attacking,HIGHLIGHT,1,81,77,0.012345679012345678,0.012987012987012988
P10,2025_Japan_GP,0.35,27,Overtake battles,HIGHLIGHT,13,81,77,0.16049382716049382,0.16883116883116883
P10,2025_Japan_GP,0.35,28,Corner battles,HIGHLIGHT,1,81,77,0.012345679012345678,0.012987012987012988
P10,2025_Japan_GP,0.35,29,Corner specific moves,HIGHLIGHT,0,81,77,0.0,0.0
P10,2025_Japan_GP,0.35,30,Lap pace & timing,HIGHLIGHT,2,81,77,0.024691358024691357,0.025974025974025976
P10,2025_Japan_GP,0.35,31,Race leader changes,HIGHLIGHT,4,81,77,0.04938271604938271,0.05194805194805195
P10,2025_Japan_GP,0.35,32,Front position changes,HIGHLIGHT,0,81,77,0.0,0.0
P10,2025_Japan_GP,0.35,33,Field position changes,HIGHLIGHT,3,81,77,0.037037037037037035,0.03896103896103896
P10,2025_Japan_GP,0.35,0,DRS-assisted battles,FULL_RACE,24,1547,1268,0.015513897866839044,0.01892744479495268
P10,2025_Japan_GP,0.35,1,Time penalties,FULL_RACE,7,1547,1268,0.004524886877828055,0.005520504731861199
P10,2025_Japan_GP,0.35,2,Lights-out race starts,FULL_RACE,8,1547,1268,0.005171299288946348,0.006309148264984227
P10,2025_Japan_GP,0.35,3,Mirror checks defending,FULL_RACE,5,1547,1268,0.003232062055591467,0.003943217665615142
P10,2025_Japan_GP,0.35,4,Race start launch,FULL_RACE,7,1547,1268,0.004524886877828055,0.005520504731861199
P10,2025_Japan_GP,0.35,5,Weather conditions,FULL_RACE,26,1547,1268,0.01680672268907563,0.02050473186119874
P10,2025_Japan_GP,0.35,6,Grand Prix wins,FULL_RACE,75,1547,1268,0.04848093083387201,0.05914826498422713
P10,2025_Japan_GP,0.35,7,Race start lights,FULL_RACE,4,1547,1268,0.002585649644473174,0.0031545741324921135
P10,2025_Japan_GP,0.35,8,Race control flags,FULL_RACE,12,1547,1268,0.007756948933419522,0.00946372239747634
P10,2025_Japan_GP,0.35,9,Formula 1 milestones,FULL_RACE,25,1547,1268,0.01616031027795734,0.01971608832807571
P10,2025_Japan_GP,0.35,10,Chicane moves,FULL_RACE,15,1547,1268,0.009696186166774402,0.011829652996845425
P10,2025_Japan_GP,0.35,11,Team radio celebrations,FULL_RACE,22,1547,1268,0.014221073044602456,0.017350157728706624
P10,2025_Japan_GP,0.35,12,Podium finishes,FULL_RACE,21,1547,1268,0.013574660633484163,0.016561514195583597
P10,2025_Japan_GP,0.35,13,Championship & title,FULL_RACE,61,1547,1268,0.0394311570782159,0.04810725552050473
P10,2025_Japan_GP,0.35,14,Pit stops,FULL_RACE,65,1547,1268,0.04201680672268908,0.051261829652996846
P10,2025_Japan_GP,0.35,15,Tires & compounds,FULL_RACE,68,1547,1268,0.04395604395604396,0.05362776025236593
P10,2025_Japan_GP,0.35,16,Safety car deployment,FULL_RACE,13,1547,1268,0.008403361344537815,0.01025236593059937
P10,2025_Japan_GP,0.35,17,Gap & pace,FULL_RACE,60,1547,1268,0.03878474466709761,0.0473186119873817
P10,2025_Japan_GP,0.35,18,Team dynamics,FULL_RACE,121,1547,1268,0.07821590174531351,0.09542586750788644
P10,2025_Japan_GP,0.35,19,Race lead holding,FULL_RACE,6,1547,1268,0.003878474466709761,0.00473186119873817
P10,2025_Japan_GP,0.35,20,Wing & car damage,FULL_RACE,18,1547,1268,0.011635423400129283,0.014195583596214511
P10,2025_Japan_GP,0.35,21,Braking & lockups,FULL_RACE,36,1547,1268,0.023270846800258566,0.028391167192429023
P10,2025_Japan_GP,0.35,22,Wheel-to-wheel,FULL_RACE,6,1547,1268,0.003878474466709761,0.00473186119873817
P10,2025_Japan_GP,0.35,23,Circuit action,FULL_RACE,49,1547,1268,0.03167420814479638,0.038643533123028394
P10,2025_Japan_GP,0.35,24,Inter-car distance,FULL_RACE,36,1547,1268,0.023270846800258566,0.028391167192429023
P10,2025_Japan_GP,0.35,25,Driver & team references,FULL_RACE,54,1547,1268,0.03490627020038785,0.04258675078864353
P10,2025_Japan_GP,0.35,26,Defending & attacking,FULL_RACE,17,1547,1268,0.01098901098901099,0.013406940063091483
P10,2025_Japan_GP,0.35,27,Overtake battles,FULL_RACE,190,1547,1268,0.12281835811247575,0.1498422712933754
P10,2025_Japan_GP,0.35,28,Corner battles,FULL_RACE,14,1547,1268,0.00904977375565611,0.011041009463722398
P10,2025_Japan_GP,0.35,29,Corner specific moves,FULL_RACE,11,1547,1268,0.007110536522301228,0.008675078864353312
P10,2025_Japan_GP,0.35,30,Lap pace & timing,FULL_RACE,46,1547,1268,0.029734970911441498,0.03627760252365931
P10,2025_Japan_GP,0.35,31,Race leader changes,FULL_RACE,82,1547,1268,0.053005817711700064,0.06466876971608833
P10,2025_Japan_GP,0.35,32,Front position changes,FULL_RACE,18,1547,1268,0.011635423400129283,0.014195583596214511
P10,2025_Japan_GP,0.35,33,Field position changes,FULL_RACE,46,1547,1268,0.029734970911441498,0.03627760252365931
P01,2023_Australia_GP,0.4,0,DRS-assisted battles,HIGHLIGHT,2,68,65,0.029411764705882353,0.03076923076923077
P01,2023_Australia_GP,0.4,1,Time penalties,HIGHLIGHT,0,68,65,0.0,0.0
P01,2023_Australia_GP,0.4,2,Lights-out race starts,HIGHLIGHT,0,68,65,0.0,0.0
P01,2023_Australia_GP,0.4,3,Mirror checks defending,HIGHLIGHT,1,68,65,0.014705882352941176,0.015384615384615385
P01,2023_Australia_GP,0.4,4,Race start launch,HIGHLIGHT,0,68,65,0.0,0.0
P01,2023_Australia_GP,0.4,5,Weather conditions,HIGHLIGHT,0,68,65,0.0,0.0
P01,2023_Australia_GP,0.4,6,Grand Prix wins,HIGHLIGHT,6,68,65,0.08823529411764706,0.09230769230769231
P01,2023_Australia_GP,0.4,7,Race start lights,HIGHLIGHT,0,68,65,0.0,0.0
P01,2023_Australia_GP,0.4,8,Race control flags,HIGHLIGHT,2,68,65,0.029411764705882353,0.03076923076923077
P01,2023_Australia_GP,0.4,9,Formula 1 milestones,HIGHLIGHT,1,68,65,0.014705882352941176,0.015384615384615385
P01,2023_Australia_GP,0.4,10,Chicane moves,HIGHLIGHT,0,68,65,0.0,0.0
P01,2023_Australia_GP,0.4,11,Team radio celebrations,HIGHLIGHT,0,68,65,0.0,0.0
P01,2023_Australia_GP,0.4,12,Podium finishes,HIGHLIGHT,0,68,65,0.0,0.0
P01,2023_Australia_GP,0.4,13,Championship & title,HIGHLIGHT,1,68,65,0.014705882352941176,0.015384615384615385
P01,2023_Australia_GP,0.4,14,Pit stops,HIGHLIGHT,1,68,65,0.014705882352941176,0.015384615384615385
P01,2023_Australia_GP,0.4,15,Tires & compounds,HIGHLIGHT,0,68,65,0.0,0.0
P01,2023_Australia_GP,0.4,16,Safety car deployment,HIGHLIGHT,2,68,65,0.029411764705882353,0.03076923076923077
P01,2023_Australia_GP,0.4,17,Gap & pace,HIGHLIGHT,1,68,65,0.014705882352941176,0.015384615384615385
P01,2023_Australia_GP,0.4,18,Team dynamics,HIGHLIGHT,3,68,65,0.04411764705882353,0.046153846153846156
P01,2023_Australia_GP,0.4,19,Race lead holding,HIGHLIGHT,1,68,65,0.014705882352941176,0.015384615384615385
P01,2023_Australia_GP,0.4,20,Wing & car damage,HIGHLIGHT,2,68,65,0.029411764705882353,0.03076923076923077
P01,2023_Australia_GP,0.4,21,Braking & lockups,HIGHLIGHT,2,68,65,0.029411764705882353,0.03076923076923077
P01,2023_Australia_GP,0.4,22,Wheel-to-wheel,HIGHLIGHT,3,68,65,0.04411764705882353,0.046153846153846156
P01,2023_Australia_GP,0.4,23,Circuit action,HIGHLIGHT,3,68,65,0.04411764705882353,0.046153846153846156
P01,2023_Australia_GP,0.4,24,Inter-car distance,HIGHLIGHT,4,68,65,0.058823529411764705,0.06153846153846154
P01,2023_Australia_GP,0.4,25,Driver & team references,HIGHLIGHT,4,68,65,0.058823529411764705,0.06153846153846154
P01,2023_Australia_GP,0.4,26,Defending & attacking,HIGHLIGHT,3,68,65,0.04411764705882353,0.046153846153846156
P01,2023_Australia_GP,0.4,27,Overtake battles,HIGHLIGHT,11,68,65,0.16176470588235295,0.16923076923076924
P01,2023_Australia_GP,0.4,28,Corner battles,HIGHLIGHT,3,68,65,0.04411764705882353,0.046153846153846156
P01,2023_Australia_GP,0.4,29,Corner specific moves,HIGHLIGHT,4,68,65,0.058823529411764705,0.06153846153846154
P01,2023_Australia_GP,0.4,30,Lap pace & timing,HIGHLIGHT,0,68,65,0.0,0.0
P01,2023_Australia_GP,0.4,31,Race leader changes,HIGHLIGHT,1,68,65,0.014705882352941176,0.015384615384615385
P01,2023_Australia_GP,0.4,32,Front position changes,HIGHLIGHT,2,68,65,0.029411764705882353,0.03076923076923077
P01,2023_Australia_GP,0.4,33,Field position changes,HIGHLIGHT,2,68,65,0.029411764705882353,0.03076923076923077
P01,2023_Australia_GP,0.4,0,DRS-assisted battles,FULL_RACE,62,2466,1777,0.025141930251419302,0.03489026449071469
P01,2023_Australia_GP,0.4,1,Time penalties,FULL_RACE,19,2466,1777,0.007704785077047851,0.010692177827799663
P01,2023_Australia_GP,0.4,2,Lights-out race starts,FULL_RACE,9,2466,1777,0.0036496350364963502,0.005064715813168261
P01,2023_Australia_GP,0.4,3,Mirror checks defending,FULL_RACE,11,2466,1777,0.004460665044606651,0.0061902082160945416
P01,2023_Australia_GP,0.4,4,Race start launch,FULL_RACE,8,2466,1777,0.0032441200324412004,0.004501969611705121
P01,2023_Australia_GP,0.4,5,Weather conditions,FULL_RACE,9,2466,1777,0.0036496350364963502,0.005064715813168261
P01,2023_Australia_GP,0.4,6,Grand Prix wins,FULL_RACE,111,2466,1777,0.045012165450121655,0.062464828362408555
P01,2023_Australia_GP,0.4,7,Race start lights,FULL_RACE,10,2466,1777,0.0040551500405515,0.005627462014631401
P01,2023_Australia_GP,0.4,8,Race control flags,FULL_RACE,51,2466,1777,0.02068126520681265,0.028700056274620148
P01,2023_Australia_GP,0.4,9,Formula 1 milestones,FULL_RACE,31,2466,1777,0.012570965125709651,0.017445132245357344
P01,2023_Australia_GP,0.4,10,Chicane moves,FULL_RACE,6,2466,1777,0.0024330900243309003,0.0033764772087788407
P01,2023_Australia_GP,0.4,11,Team radio celebrations,FULL_RACE,27,2466,1777,0.010948905109489052,0.015194147439504783
P01,2023_Australia_GP,0.4,12,Podium finishes,FULL_RACE,43,2466,1777,0.017437145174371452,0.024198086662915026
P01,2023_Australia_GP,0.4,13,Championship & title,FULL_RACE,60,2466,1777,0.024330900243309004,0.03376477208778841
P01,2023_Australia_GP,0.4,14,Pit stops,FULL_RACE,44,2466,1777,0.017842660178426603,0.024760832864378166
P01,2023_Australia_GP,0.4,15,Tires & compounds,FULL_RACE,78,2466,1777,0.031630170316301706,0.04389420371412493
P01,2023_Australia_GP,0.4,16,Safety car deployment,FULL_RACE,81,2466,1777,0.032846715328467155,0.04558244231851435
P01,2023_Australia_GP,0.4,17,Gap & pace,FULL_RACE,59,2466,1777,0.023925385239253853,0.033202025886325266
P01,2023_Australia_GP,0.4,18,Team dynamics,FULL_RACE,138,2466,1777,0.05596107055961071,0.07765897580191333
P01,2023_Australia_GP,0.4,19,Race lead holding,FULL_RACE,18,2466,1777,0.0072992700729927005,0.010129431626336522
P01,2023_Australia_GP,0.4,20,Wing & car damage,FULL_RACE,22,2466,1777,0.008921330089213302,0.012380416432189083
P01,2023_Australia_GP,0.4,21,Braking & lockups,FULL_RACE,59,2466,1777,0.023925385239253853,0.033202025886325266
P01,2023_Australia_GP,0.4,22,Wheel-to-wheel,FULL_RACE,24,2466,1777,0.009732360097323601,0.013505908835115363
P01,2023_Australia_GP,0.4,23,Circuit action,FULL_RACE,49,2466,1777,0.019870235198702353,0.027574563871693866
P01,2023_Australia_GP,0.4,24,Inter-car distance,FULL_RACE,45,2466,1777,0.01824817518248175,0.025323579065841307
P01,2023_Australia_GP,0.4,25,Driver & team references,FULL_RACE,53,2466,1777,0.021492295214922953,0.029825548677546426
P01,2023_Australia_GP,0.4,26,Defending & attacking,FULL_RACE,31,2466,1777,0.012570965125709651,0.017445132245357344
P01,2023_Australia_GP,0.4,27,Overtake battles,FULL_RACE,279,2466,1777,0.11313868613138686,0.1570061902082161
P01,2023_Australia_GP,0.4,28,Corner battles,FULL_RACE,41,2466,1777,0.01662611516626115,0.023072594259988744
P01,2023_Australia_GP,0.4,29,Corner specific moves,FULL_RACE,22,2466,1777,0.008921330089213302,0.012380416432189083
P01,2023_Australia_GP,0.4,30,Lap pace & timing,FULL_RACE,60,2466,1777,0.024330900243309004,0.03376477208778841
P01,2023_Australia_GP,0.4,31,Race leader changes,FULL_RACE,93,2466,1777,0.037712895377128956,0.05233539673607203
P01,2023_Australia_GP,0.4,32,Front position changes,FULL_RACE,42,2466,1777,0.0170316301703163,0.023635340461451885
P01,2023_Australia_GP,0.4,33,Field position changes,FULL_RACE,82,2466,1777,0.0332522303325223,0.04614518851997749
P02,2023_Qatar_GP,0.4,0,DRS-assisted battles,HIGHLIGHT,0,50,49,0.0,0.0
P02,2023_Qatar_GP,0.4,1,Time penalties,HIGHLIGHT,2,50,49,0.04,0.04081632653061224
P02,2023_Qatar_GP,0.4,2,Lights-out race starts,HIGHLIGHT,0,50,49,0.0,0.0
P02,2023_Qatar_GP,0.4,3,Mirror checks defending,HIGHLIGHT,1,50,49,0.02,0.02040816326530612
P02,2023_Qatar_GP,0.4,4,Race start launch,HIGHLIGHT,1,50,49,0.02,0.02040816326530612
P02,2023_Qatar_GP,0.4,5,Weather conditions,HIGHLIGHT,1,50,49,0.02,0.02040816326530612
P02,2023_Qatar_GP,0.4,6,Grand Prix wins,HIGHLIGHT,4,50,49,0.08,0.08163265306122448
P02,2023_Qatar_GP,0.4,7,Race start lights,HIGHLIGHT,0,50,49,0.0,0.0
P02,2023_Qatar_GP,0.4,8,Race control flags,HIGHLIGHT,0,50,49,0.0,0.0
P02,2023_Qatar_GP,0.4,9,Formula 1 milestones,HIGHLIGHT,1,50,49,0.02,0.02040816326530612
P02,2023_Qatar_GP,0.4,10,Chicane moves,HIGHLIGHT,0,50,49,0.0,0.0
P02,2023_Qatar_GP,0.4,11,Team radio celebrations,HIGHLIGHT,0,50,49,0.0,0.0
P02,2023_Qatar_GP,0.4,12,Podium finishes,HIGHLIGHT,1,50,49,0.02,0.02040816326530612
P02,2023_Qatar_GP,0.4,13,Championship & title,HIGHLIGHT,1,50,49,0.02,0.02040816326530612
P02,2023_Qatar_GP,0.4,14,Pit stops,HIGHLIGHT,2,50,49,0.04,0.04081632653061224
P02,2023_Qatar_GP,0.4,15,Tires & compounds,HIGHLIGHT,3,50,49,0.06,0.061224489795918366
P02,2023_Qatar_GP,0.4,16,Safety car deployment,HIGHLIGHT,1,50,49,0.02,0.02040816326530612
P02,2023_Qatar_GP,0.4,17,Gap & pace,HIGHLIGHT,0,50,49,0.0,0.0
P02,2023_Qatar_GP,0.4,18,Team dynamics,HIGHLIGHT,8,50,49,0.16,0.16326530612244897
P02,2023_Qatar_GP,0.4,19,Race lead holding,HIGHLIGHT,0,50,49,0.0,0.0
P02,2023_Qatar_GP,0.4,20,Wing & car damage,HIGHLIGHT,0,50,49,0.0,0.0
P02,2023_Qatar_GP,0.4,21,Braking & lockups,HIGHLIGHT,5,50,49,0.1,0.10204081632653061
P02,2023_Qatar_GP,0.4,22,Wheel-to-wheel,HIGHLIGHT,3,50,49,0.06,0.061224489795918366
P02,2023_Qatar_GP,0.4,23,Circuit action,HIGHLIGHT,1,50,49,0.02,0.02040816326530612
P02,2023_Qatar_GP,0.4,24,Inter-car distance,HIGHLIGHT,0,50,49,0.0,0.0
P02,2023_Qatar_GP,0.4,25,Driver & team references,HIGHLIGHT,2,50,49,0.04,0.04081632653061224
P02,2023_Qatar_GP,0.4,26,Defending & attacking,HIGHLIGHT,3,50,49,0.06,0.061224489795918366
P02,2023_Qatar_GP,0.4,27,Overtake battles,HIGHLIGHT,2,50,49,0.04,0.04081632653061224
P02,2023_Qatar_GP,0.4,28,Corner battles,HIGHLIGHT,0,50,49,0.0,0.0
P02,2023_Qatar_GP,0.4,29,Corner specific moves,HIGHLIGHT,1,50,49,0.02,0.02040816326530612
P02,2023_Qatar_GP,0.4,30,Lap pace & timing,HIGHLIGHT,2,50,49,0.04,0.04081632653061224
P02,2023_Qatar_GP,0.4,31,Race leader changes,HIGHLIGHT,0,50,49,0.0,0.0
P02,2023_Qatar_GP,0.4,32,Front position changes,HIGHLIGHT,2,50,49,0.04,0.04081632653061224
P02,2023_Qatar_GP,0.4,33,Field position changes,HIGHLIGHT,2,50,49,0.04,0.04081632653061224
P02,2023_Qatar_GP,0.4,0,DRS-assisted battles,FULL_RACE,4,1336,954,0.0029940119760479044,0.0041928721174004195
P02,2023_Qatar_GP,0.4,1,Time penalties,FULL_RACE,42,1336,954,0.03143712574850299,0.0440251572327044
P02,2023_Qatar_GP,0.4,2,Lights-out race starts,FULL_RACE,2,1336,954,0.0014970059880239522,0.0020964360587002098
P02,2023_Qatar_GP,0.4,3,Mirror checks defending,FULL_RACE,4,1336,954,0.0029940119760479044,0.0041928721174004195
P02,2023_Qatar_GP,0.4,4,Race start launch,FULL_RACE,2,1336,954,0.0014970059880239522,0.0020964360587002098
P02,2023_Qatar_GP,0.4,5,Weather conditions,FULL_RACE,6,1336,954,0.004491017964071856,0.006289308176100629
P02,2023_Qatar_GP,0.4,6,Grand Prix wins,FULL_RACE,80,1336,954,0.059880239520958084,0.08385744234800839
P02,2023_Qatar_GP,0.4,7,Race start lights,FULL_RACE,3,1336,954,0.002245508982035928,0.0031446540880503146
P02,2023_Qatar_GP,0.4,8,Race control flags,FULL_RACE,12,1336,954,0.008982035928143712,0.012578616352201259
P02,2023_Qatar_GP,0.4,9,Formula 1 milestones,FULL_RACE,20,1336,954,0.014970059880239521,0.020964360587002098
P02,2023_Qatar_GP,0.4,10,Chicane moves,FULL_RACE,0,1336,954,0.0,0.0
P02,2023_Qatar_GP,0.4,11,Team radio celebrations,FULL_RACE,19,1336,954,0.014221556886227544,0.019916142557651992
P02,2023_Qatar_GP,0.4,12,Podium finishes,FULL_RACE,17,1336,954,0.012724550898203593,0.01781970649895178
P02,2023_Qatar_GP,0.4,13,Championship & title,FULL_RACE,30,1336,954,0.02245508982035928,0.031446540880503145
P02,2023_Qatar_GP,0.4,14,Pit stops,FULL_RACE,38,1336,954,0.02844311377245509,0.039832285115303984
P02,2023_Qatar_GP,0.4,15,Tires & compounds,FULL_RACE,107,1336,954,0.08008982035928144,0.11215932914046121
P02,2023_Qatar_GP,0.4,16,Safety car deployment,FULL_RACE,18,1336,954,0.01347305389221557,0.018867924528301886
P02,2023_Qatar_GP,0.4,17,Gap & pace,FULL_RACE,34,1336,954,0.025449101796407185,0.03563941299790356
P02,2023_Qatar_GP,0.4,18,Team dynamics,FULL_RACE,85,1336,954,0.06362275449101797,0.08909853249475891
P02,2023_Qatar_GP,0.4,19,Race lead holding,FULL_RACE,7,1336,954,0.005239520958083832,0.007337526205450734
P02,2023_Qatar_GP,0.4,20,Wing & car damage,FULL_RACE,17,1336,954,0.012724550898203593,0.01781970649895178
P02,2023_Qatar_GP,0.4,21,Braking & lockups,FULL_RACE,31,1336,954,0.023203592814371257,0.03249475890985325
P02,2023_Qatar_GP,0.4,22,Wheel-to-wheel,FULL_RACE,9,1336,954,0.006736526946107785,0.009433962264150943
P02,2023_Qatar_GP,0.4,23,Circuit action,FULL_RACE,29,1336,954,0.021706586826347306,0.03039832285115304
P02,2023_Qatar_GP,0.4,24,Inter-car distance,FULL_RACE,11,1336,954,0.008233532934131737,0.011530398322851153
P02,2023_Qatar_GP,0.4,25,Driver & team references,FULL_RACE,49,1336,954,0.036676646706586824,0.051362683438155136
P02,2023_Qatar_GP,0.4,26,Defending & attacking,FULL_RACE,18,1336,954,0.01347305389221557,0.018867924528301886
P02,2023_Qatar_GP,0.4,27,Overtake battles,FULL_RACE,104,1336,954,0.07784431137724551,0.1090146750524109
P02,2023_Qatar_GP,0.4,28,Corner battles,FULL_RACE,16,1336,954,0.011976047904191617,0.016771488469601678
P02,2023_Qatar_GP,0.4,29,Corner specific moves,FULL_RACE,5,1336,954,0.0037425149700598802,0.005241090146750524
P02,2023_Qatar_GP,0.4,30,Lap pace & timing,FULL_RACE,38,1336,954,0.02844311377245509,0.039832285115303984
P02,2023_Qatar_GP,0.4,31,Race leader changes,FULL_RACE,48,1336,954,0.03592814371257485,0.050314465408805034
P02,2023_Qatar_GP,0.4,32,Front position changes,FULL_RACE,21,1336,954,0.015718562874251496,0.0220125786163522
P02,2023_Qatar_GP,0.4,33,Field position changes,FULL_RACE,28,1336,954,0.020958083832335328,0.029350104821802937
P03,2023_Singapore_GP,0.4,0,DRS-assisted battles,HIGHLIGHT,3,60,60,0.05,0.05
P03,2023_Singapore_GP,0.4,1,Time penalties,HIGHLIGHT,1,60,60,0.016666666666666666,0.016666666666666666
P03,2023_Singapore_GP,0.4,2,Lights-out race starts,HIGHLIGHT,0,60,60,0.0,0.0
P03,2023_Singapore_GP,0.4,3,Mirror checks defending,HIGHLIGHT,0,60,60,0.0,0.0
P03,2023_Singapore_GP,0.4,4,Race start launch,HIGHLIGHT,1,60,60,0.016666666666666666,0.016666666666666666
P03,2023_Singapore_GP,0.4,5,Weather conditions,HIGHLIGHT,0,60,60,0.0,0.0
P03,2023_Singapore_GP,0.4,6,Grand Prix wins,HIGHLIGHT,6,60,60,0.1,0.1
P03,2023_Singapore_GP,0.4,7,Race start lights,HIGHLIGHT,0,60,60,0.0,0.0
P03,2023_Singapore_GP,0.4,8,Race control flags,HIGHLIGHT,0,60,60,0.0,0.0
P03,2023_Singapore_GP,0.4,9,Formula 1 milestones,HIGHLIGHT,3,60,60,0.05,0.05
P03,2023_Singapore_GP,0.4,10,Chicane moves,HIGHLIGHT,0,60,60,0.0,0.0
P03,2023_Singapore_GP,0.4,11,Team radio celebrations,HIGHLIGHT,0,60,60,0.0,0.0
P03,2023_Singapore_GP,0.4,12,Podium finishes,HIGHLIGHT,1,60,60,0.016666666666666666,0.016666666666666666
P03,2023_Singapore_GP,0.4,13,Championship & title,HIGHLIGHT,1,60,60,0.016666666666666666,0.016666666666666666
P03,2023_Singapore_GP,0.4,14,Pit stops,HIGHLIGHT,3,60,60,0.05,0.05
P03,2023_Singapore_GP,0.4,15,Tires & compounds,HIGHLIGHT,0,60,60,0.0,0.0
P03,2023_Singapore_GP,0.4,16,Safety car deployment,HIGHLIGHT,2,60,60,0.03333333333333333,0.03333333333333333
P03,2023_Singapore_GP,0.4,17,Gap & pace,HIGHLIGHT,1,60,60,0.016666666666666666,0.016666666666666666
P03,2023_Singapore_GP,0.4,18,Team dynamics,HIGHLIGHT,8,60,60,0.13333333333333333,0.13333333333333333
P03,2023_Singapore_GP,0.4,19,Race lead holding,HIGHLIGHT,1,60,60,0.016666666666666666,0.016666666666666666
P03,2023_Singapore_GP,0.4,20,Wing & car damage,HIGHLIGHT,0,60,60,0.0,0.0
P03,2023_Singapore_GP,0.4,21,Braking & lockups,HIGHLIGHT,2,60,60,0.03333333333333333,0.03333333333333333
P03,2023_Singapore_GP,0.4,22,Wheel-to-wheel,HIGHLIGHT,1,60,60,0.016666666666666666,0.016666666666666666
P03,2023_Singapore_GP,0.4,23,Circuit action,HIGHLIGHT,1,60,60,0.016666666666666666,0.016666666666666666
P03,2023_Singapore_GP,0.4,24,Inter-car distance,HIGHLIGHT,1,60,60,0.016666666666666666,0.016666666666666666
P03,2023_Singapore_GP,0.4,25,Driver & team references,HIGHLIGHT,4,60,60,0.06666666666666667,0.06666666666666667
P03,2023_Singapore_GP,0.4,26,Defending & attacking,HIGHLIGHT,1,60,60,0.016666666666666666,0.016666666666666666
P03,2023_Singapore_GP,0.4,27,Overtake battles,HIGHLIGHT,9,60,60,0.15,0.15
P03,2023_Singapore_GP,0.4,28,Corner battles,HIGHLIGHT,2,60,60,0.03333333333333333,0.03333333333333333
P03,2023_Singapore_GP,0.4,29,Corner specific moves,HIGHLIGHT,0,60,60,0.0,0.0
P03,2023_Singapore_GP,0.4,30,Lap pace & timing,HIGHLIGHT,1,60,60,0.016666666666666666,0.016666666666666666
P03,2023_Singapore_GP,0.4,31,Race leader changes,HIGHLIGHT,3,60,60,0.05,0.05
P03,2023_Singapore_GP,0.4,32,Front position changes,HIGHLIGHT,4,60,60,0.06666666666666667,0.06666666666666667
P03,2023_Singapore_GP,0.4,33,Field position changes,HIGHLIGHT,0,60,60,0.0,0.0
P03,2023_Singapore_GP,0.4,0,DRS-assisted battles,FULL_RACE,39,1635,1313,0.023853211009174313,0.0297029702970297
P03,2023_Singapore_GP,0.4,1,Time penalties,FULL_RACE,12,1635,1313,0.007339449541284404,0.00913937547600914
P03,2023_Singapore_GP,0.4,2,Lights-out race starts,FULL_RACE,3,1635,1313,0.001834862385321101,0.002284843869002285
P03,2023_Singapore_GP,0.4,3,Mirror checks defending,FULL_RACE,4,1635,1313,0.0024464831804281344,0.0030464584920030465
P03,2023_Singapore_GP,0.4,4,Race start launch,FULL_RACE,2,1635,1313,0.0012232415902140672,0.0015232292460015233
P03,2023_Singapore_GP,0.4,5,Weather conditions,FULL_RACE,5,1635,1313,0.0030581039755351682,0.003808073115003808
P03,2023_Singapore_GP,0.4,6,Grand Prix wins,FULL_RACE,94,1635,1313,0.05749235474006116,0.0715917745620716
P03,2023_Singapore_GP,0.4,7,Race start lights,FULL_RACE,4,1635,1313,0.0024464831804281344,0.0030464584920030465
P03,2023_Singapore_GP,0.4,8,Race control flags,FULL_RACE,14,1635,1313,0.00856269113149847,0.010662604722010662
P03,2023_Singapore_GP,0.4,9,Formula 1 milestones,FULL_RACE,21,1635,1313,0.012844036697247707,0.015993907083015995
P03,2023_Singapore_GP,0.4,10,Chicane moves,FULL_RACE,0,1635,1313,0.0,0.0
P03,2023_Singapore_GP,0.4,11,Team radio celebrations,FULL_RACE,12,1635,1313,0.007339449541284404,0.00913937547600914
P03,2023_Singapore_GP,0.4,12,Podium finishes,FULL_RACE,31,1635,1313,0.018960244648318043,0.02361005331302361
P03,2023_Singapore_GP,0.4,13,Championship & title,FULL_RACE,50,1635,1313,0.03058103975535168,0.03808073115003808
P03,2023_Singapore_GP,0.4,14,Pit stops,FULL_RACE,53,1635,1313,0.03241590214067278,0.04036557501904037
P03,2023_Singapore_GP,0.4,15,Tires & compounds,FULL_RACE,107,1635,1313,0.0654434250764526,0.08149276466108149
P03,2023_Singapore_GP,0.4,16,Safety car deployment,FULL_RACE,46,1635,1313,0.028134556574923548,0.035034272658035034
P03,2023_Singapore_GP,0.4,17,Gap & pace,FULL_RACE,56,1635,1313,0.03425076452599388,0.04265041888804265
P03,2023_Singapore_GP,0.4,18,Team dynamics,FULL_RACE,109,1635,1313,0.06666666666666667,0.08301599390708302
P03,2023_Singapore_GP,0.4,19,Race lead holding,FULL_RACE,7,1635,1313,0.004281345565749235,0.005331302361005331
P03,2023_Singapore_GP,0.4,20,Wing & car damage,FULL_RACE,20,1635,1313,0.012232415902140673,0.015232292460015232
P03,2023_Singapore_GP,0.4,21,Braking & lockups,FULL_RACE,36,1635,1313,0.022018348623853212,0.027418126428027417
P03,2023_Singapore_GP,0.4,22,Wheel-to-wheel,FULL_RACE,3,1635,1313,0.001834862385321101,0.002284843869002285
P03,2023_Singapore_GP,0.4,23,Circuit action,FULL_RACE,43,1635,1313,0.026299694189602447,0.03274942878903275
P03,2023_Singapore_GP,0.4,24,Inter-car distance,FULL_RACE,39,1635,1313,0.023853211009174313,0.0297029702970297
P03,2023_Singapore_GP,0.4,25,Driver & team references,FULL_RACE,58,1635,1313,0.03547400611620795,0.044173648134044174
P03,2023_Singapore_GP,0.4,26,Defending & attacking,FULL_RACE,32,1635,1313,0.019571865443425075,0.024371667936024372
P03,2023_Singapore_GP,0.4,27,Overtake battles,FULL_RACE,199,1635,1313,0.1217125382262997,0.15156130997715156
P03,2023_Singapore_GP,0.4,28,Corner battles,FULL_RACE,10,1635,1313,0.0061162079510703364,0.007616146230007616
P03,2023_Singapore_GP,0.4,29,Corner specific moves,FULL_RACE,17,1635,1313,0.010397553516819572,0.012947448591012947
P03,2023_Singapore_GP,0.4,30,Lap pace & timing,FULL_RACE,55,1635,1313,0.03363914373088685,0.041888804265041886
P03,2023_Singapore_GP,0.4,31,Race leader changes,FULL_RACE,70,1635,1313,0.04281345565749235,0.053313023610053314
P03,2023_Singapore_GP,0.4,32,Front position changes,FULL_RACE,33,1635,1313,0.02018348623853211,0.02513328255902513
P03,2023_Singapore_GP,0.4,33,Field position changes,FULL_RACE,29,1635,1313,0.017737003058103974,0.022086824067022087
P04,2024_Bahrain_GP,0.4,0,DRS-assisted battles,HIGHLIGHT,0,72,68,0.0,0.0
P04,2024_Bahrain_GP,0.4,1,Time penalties,HIGHLIGHT,0,72,68,0.0,0.0
P04,2024_Bahrain_GP,0.4,2,Lights-out race starts,HIGHLIGHT,0,72,68,0.0,0.0
P04,2024_Bahrain_GP,0.4,3,Mirror checks defending,HIGHLIGHT,1,72,68,0.013888888888888888,0.014705882352941176
P04,2024_Bahrain_GP,0.4,4,Race start launch,HIGHLIGHT,0,72,68,0.0,0.0
P04,2024_Bahrain_GP,0.4,5,Weather conditions,HIGHLIGHT,0,72,68,0.0,0.0
P04,2024_Bahrain_GP,0.4,6,Grand Prix wins,HIGHLIGHT,5,72,68,0.06944444444444445,0.07352941176470588
P04,2024_Bahrain_GP,0.4,7,Race start lights,HIGHLIGHT,1,72,68,0.013888888888888888,0.014705882352941176
P04,2024_Bahrain_GP,0.4,8,Race control flags,HIGHLIGHT,0,72,68,0.0,0.0
P04,2024_Bahrain_GP,0.4,9,Formula 1 milestones,HIGHLIGHT,1,72,68,0.013888888888888888,0.014705882352941176
P04,2024_Bahrain_GP,0.4,10,Chicane moves,HIGHLIGHT,0,72,68,0.0,0.0
P04,2024_Bahrain_GP,0.4,11,Team radio celebrations,HIGHLIGHT,1,72,68,0.013888888888888888,0.014705882352941176
P04,2024_Bahrain_GP,0.4,12,Podium finishes,HIGHLIGHT,0,72,68,0.0,0.0
P04,2024_Bahrain_GP,0.4,13,Championship & title,HIGHLIGHT,1,72,68,0.013888888888888888,0.014705882352941176
P04,2024_Bahrain_GP,0.4,14,Pit stops,HIGHLIGHT,2,72,68,0.027777777777777776,0.029411764705882353
P04,2024_Bahrain_GP,0.4,15,Tires & compounds,HIGHLIGHT,2,72,68,0.027777777777777776,0.029411764705882353
P04,2024_Bahrain_GP,0.4,16,Safety car deployment,HIGHLIGHT,0,72,68,0.0,0.0
P04,2024_Bahrain_GP,0.4,17,Gap & pace,HIGHLIGHT,0,72,68,0.0,0.0
P04,2024_Bahrain_GP,0.4,18,Team dynamics,HIGHLIGHT,15,72,68,0.20833333333333334,0.22058823529411764
P04,2024_Bahrain_GP,0.4,19,Race lead holding,HIGHLIGHT,3,72,68,0.041666666666666664,0.04411764705882353
P04,2024_Bahrain_GP,0.4,20,Wing & car damage,HIGHLIGHT,0,72,68,0.0,0.0
P04,2024_Bahrain_GP,0.4,21,Braking & lockups,HIGHLIGHT,1,72,68,0.013888888888888888,0.014705882352941176
P04,2024_Bahrain_GP,0.4,22,Wheel-to-wheel,HIGHLIGHT,0,72,68,0.0,0.0
P04,2024_Bahrain_GP,0.4,23,Circuit action,HIGHLIGHT,0,72,68,0.0,0.0
P04,2024_Bahrain_GP,0.4,24,Inter-car distance,HIGHLIGHT,1,72,68,0.013888888888888888,0.014705882352941176
P04,2024_Bahrain_GP,0.4,25,Driver & team references,HIGHLIGHT,5,72,68,0.06944444444444445,0.07352941176470588
P04,2024_Bahrain_GP,0.4,26,Defending & attacking,HIGHLIGHT,3,72,68,0.041666666666666664,0.04411764705882353
P04,2024_Bahrain_GP,0.4,27,Overtake battles,HIGHLIGHT,13,72,68,0.18055555555555555,0.19117647058823528
P04,2024_Bahrain_GP,0.4,28,Corner battles,HIGHLIGHT,0,72,68,0.0,0.0
P04,2024_Bahrain_GP,0.4,29,Corner specific moves,HIGHLIGHT,3,72,68,0.041666666666666664,0.04411764705882353
P04,2024_Bahrain_GP,0.4,30,Lap pace & timing,HIGHLIGHT,2,72,68,0.027777777777777776,0.029411764705882353
P04,2024_Bahrain_GP,0.4,31,Race leader changes,HIGHLIGHT,4,72,68,0.05555555555555555,0.058823529411764705
P04,2024_Bahrain_GP,0.4,32,Front position changes,HIGHLIGHT,3,72,68,0.041666666666666664,0.04411764705882353
P04,2024_Bahrain_GP,0.4,33,Field position changes,HIGHLIGHT,1,72,68,0.013888888888888888,0.014705882352941176
P04,2024_Bahrain_GP,0.4,0,DRS-assisted battles,FULL_RACE,29,1322,949,0.02193645990922844,0.030558482613277135
P04,2024_Bahrain_GP,0.4,1,Time penalties,FULL_RACE,4,1322,949,0.0030257186081694403,0.004214963119072708
P04,2024_Bahrain_GP,0.4,2,Lights-out race starts,FULL_RACE,5,1322,949,0.0037821482602118004,0.005268703898840885
P04,2024_Bahrain_GP,0.4,3,Mirror checks defending,FULL_RACE,7,1322,949,0.00529500756429652,0.007376185458377239
P04,2024_Bahrain_GP,0.4,4,Race start launch,FULL_RACE,5,1322,949,0.0037821482602118004,0.005268703898840885
P04,2024_Bahrain_GP,0.4,5,Weather conditions,FULL_RACE,3,1322,949,0.0022692889561270802,0.003161222339304531
P04,2024_Bahrain_GP,0.4,6,Grand Prix wins,FULL_RACE,67,1322,949,0.05068078668683813,0.07060063224446786
P04,2024_Bahrain_GP,0.4,7,Race start lights,FULL_RACE,2,1322,949,0.0015128593040847202,0.002107481559536354
P04,2024_Bahrain_GP,0.4,8,Race control flags,FULL_RACE,11,1322,949,0.00832072617246596,0.011591148577449948
P04,2024_Bahrain_GP,0.4,9,Formula 1 milestones,FULL_RACE,35,1322,949,0.0264750378214826,0.0368809272918862
P04,2024_Bahrain_GP,0.4,10,Chicane moves,FULL_RACE,0,1322,949,0.0,0.0
P04,2024_Bahrain_GP,0.4,11,Team radio celebrations,FULL_RACE,18,1322,949,0.01361573373676248,0.018967334035827187
P04,2024_Bahrain_GP,0.4,12,Podium finishes,FULL_RACE,19,1322,949,0.014372163388804841,0.020021074815595362
P04,2024_Bahrain_GP,0.4,13,Championship & title,FULL_RACE,37,1322,949,0.02798789712556732,0.03898840885142255
P04,2024_Bahrain_GP,0.4,14,Pit stops,FULL_RACE,34,1322,949,0.025718608169440244,0.03582718651211802
P04,2024_Bahrain_GP,0.4,15,Tires & compounds,FULL_RACE,64,1322,949,0.048411497730711045,0.06743940990516333
P04,2024_Bahrain_GP,0.4,16,Safety car deployment,FULL_RACE,20,1322,949,0.015128593040847202,0.02107481559536354
P04,2024_Bahrain_GP,0.4,17,Gap & pace,FULL_RACE,22,1322,949,0.01664145234493192,0.023182297154899896
P04,2024_Bahrain_GP,0.4,18,Team dynamics,FULL_RACE,92,1322,949,0.06959152798789713,0.09694415173867228
P04,2024_Bahrain_GP,0.4,19,Race lead holding,FULL_RACE,4,1322,949,0.0030257186081694403,0.004214963119072708
P04,2024_Bahrain_GP,0.4,20,Wing & car damage,FULL_RACE,18,1322,949,0.01361573373676248,0.018967334035827187
P04,2024_Bahrain_GP,0.4,21,Braking & lockups,FULL_RACE,57,1322,949,0.04311649016641452,0.06006322444678609
P04,2024_Bahrain_GP,0.4,22,Wheel-to-wheel,FULL_RACE,10,1322,949,0.007564296520423601,0.01053740779768177
P04,2024_Bahrain_GP,0.4,23,Circuit action,FULL_RACE,25,1322,949,0.018910741301059002,0.026343519494204427
P04,2024_Bahrain_GP,0.4,24,Inter-car distance,FULL_RACE,19,1322,949,0.014372163388804841,0.020021074815595362
P04,2024_Bahrain_GP,0.4,25,Driver & team references,FULL_RACE,47,1322,949,0.03555219364599092,0.04952581664910432
P04,2024_Bahrain_GP,0.4,26,Defending & attacking,FULL_RACE,16,1322,949,0.012102874432677761,0.01685985247629083
P04,2024_Bahrain_GP,0.4,27,Overtake battles,FULL_RACE,98,1322,949,0.07413010590015129,0.10326659641728135
P04,2024_Bahrain_GP,0.4,28,Corner battles,FULL_RACE,12,1322,949,0.009077155824508321,0.012644889357218124
P04,2024_Bahrain_GP,0.4,29,Corner specific moves,FULL_RACE,14,1322,949,0.01059001512859304,0.014752370916754479
P04,2024_Bahrain_GP,0.4,30,Lap pace & timing,FULL_RACE,53,1322,949,0.040090771558245086,0.05584826132771338
P04,2024_Bahrain_GP,0.4,31,Race leader changes,FULL_RACE,61,1322,949,0.046142208774583963,0.0642781875658588
P04,2024_Bahrain_GP,0.4,32,Front position changes,FULL_RACE,16,1322,949,0.012102874432677761,0.01685985247629083
P04,2024_Bahrain_GP,0.4,33,Field position changes,FULL_RACE,25,1322,949,0.018910741301059002,0.026343519494204427
P05,2024_SaoPaulo_GP,0.4,0,DRS-assisted battles,HIGHLIGHT,0,96,87,0.0,0.0
P05,2024_SaoPaulo_GP,0.4,1,Time penalties,HIGHLIGHT,3,96,87,0.03125,0.034482758620689655
P05,2024_SaoPaulo_GP,0.4,2,Lights-out race starts,HIGHLIGHT,1,96,87,0.010416666666666666,0.011494252873563218
P05,2024_SaoPaulo_GP,0.4,3,Mirror checks defending,HIGHLIGHT,0,96,87,0.0,0.0
P05,2024_SaoPaulo_GP,0.4,4,Race start launch,HIGHLIGHT,0,96,87,0.0,0.0
P05,2024_SaoPaulo_GP,0.4,5,Weather conditions,HIGHLIGHT,2,96,87,0.020833333333333332,0.022988505747126436
P05,2024_SaoPaulo_GP,0.4,6,Grand Prix wins,HIGHLIGHT,6,96,87,0.0625,0.06896551724137931
P05,2024_SaoPaulo_GP,0.4,7,Race start lights,HIGHLIGHT,1,96,87,0.010416666666666666,0.011494252873563218
P05,2024_SaoPaulo_GP,0.4,8,Race control flags,HIGHLIGHT,2,96,87,0.020833333333333332,0.022988505747126436
P05,2024_SaoPaulo_GP,0.4,9,Formula 1 milestones,HIGHLIGHT,1,96,87,0.010416666666666666,0.011494252873563218
P05,2024_SaoPaulo_GP,0.4,10,Chicane moves,HIGHLIGHT,0,96,87,0.0,0.0
P05,2024_SaoPaulo_GP,0.4,11,Team radio celebrations,HIGHLIGHT,0,96,87,0.0,0.0
P05,2024_SaoPaulo_GP,0.4,12,Podium finishes,HIGHLIGHT,2,96,87,0.020833333333333332,0.022988505747126436
P05,2024_SaoPaulo_GP,0.4,13,Championship & title,HIGHLIGHT,6,96,87,0.0625,0.06896551724137931
P05,2024_SaoPaulo_GP,0.4,14,Pit stops,HIGHLIGHT,0,96,87,0.0,0.0
P05,2024_SaoPaulo_GP,0.4,15,Tires & compounds,HIGHLIGHT,3,96,87,0.03125,0.034482758620689655
P05,2024_SaoPaulo_GP,0.4,16,Safety car deployment,HIGHLIGHT,6,96,87,0.0625,0.06896551724137931
P05,2024_SaoPaulo_GP,0.4,17,Gap & pace,HIGHLIGHT,0,96,87,0.0,0.0
P05,2024_SaoPaulo_GP,0.4,18,Team dynamics,HIGHLIGHT,6,96,87,0.0625,0.06896551724137931
P05,2024_SaoPaulo_GP,0.4,19,Race lead holding,HIGHLIGHT,2,96,87,0.020833333333333332,0.022988505747126436
P05,2024_SaoPaulo_GP,0.4,20,Wing & car damage,HIGHLIGHT,1,96,87,0.010416666666666666,0.011494252873563218
P05,2024_SaoPaulo_GP,0.4,21,Braking & lockups,HIGHLIGHT,1,96,87,0.010416666666666666,0.011494252873563218
P05,2024_SaoPaulo_GP,0.4,22,Wheel-to-wheel,HIGHLIGHT,3,96,87,0.03125,0.034482758620689655
P05,2024_SaoPaulo_GP,0.4,23,Circuit action,HIGHLIGHT,3,96,87,0.03125,0.034482758620689655
P05,2024_SaoPaulo_GP,0.4,24,Inter-car distance,HIGHLIGHT,0,96,87,0.0,0.0
P05,2024_SaoPaulo_GP,0.4,25,Driver & team references,HIGHLIGHT,2,96,87,0.020833333333333332,0.022988505747126436
P05,2024_SaoPaulo_GP,0.4,26,Defending & attacking,HIGHLIGHT,3,96,87,0.03125,0.034482758620689655
P05,2024_SaoPaulo_GP,0.4,27,Overtake battles,HIGHLIGHT,16,96,87,0.16666666666666666,0.1839080459770115
P05,2024_SaoPaulo_GP,0.4,28,Corner battles,HIGHLIGHT,2,96,87,0.020833333333333332,0.022988505747126436
P05,2024_SaoPaulo_GP,0.4,29,Corner specific moves,HIGHLIGHT,3,96,87,0.03125,0.034482758620689655
P05,2024_SaoPaulo_GP,0.4,30,Lap pace & timing,HIGHLIGHT,4,96,87,0.041666666666666664,0.04597701149425287
P05,2024_SaoPaulo_GP,0.4,31,Race leader changes,HIGHLIGHT,3,96,87,0.03125,0.034482758620689655
P05,2024_SaoPaulo_GP,0.4,32,Front position changes,HIGHLIGHT,1,96,87,0.010416666666666666,0.011494252873563218
P05,2024_SaoPaulo_GP,0.4,33,Field position changes,HIGHLIGHT,4,96,87,0.041666666666666664,0.04597701149425287
P05,2024_SaoPaulo_GP,0.4,0,DRS-assisted battles,FULL_RACE,3,1905,1421,0.0015748031496062992,0.00211118930330753
P05,2024_SaoPaulo_GP,0.4,1,Time penalties,FULL_RACE,29,1905,1421,0.015223097112860892,0.02040816326530612
P05,2024_SaoPaulo_GP,0.4,2,Lights-out race starts,FULL_RACE,8,1905,1421,0.004199475065616798,0.005629838142153413
P05,2024_SaoPaulo_GP,0.4,3,Mirror checks defending,FULL_RACE,2,1905,1421,0.0010498687664041995,0.0014074595355383533
P05,2024_SaoPaulo_GP,0.4,4,Race start launch,FULL_RACE,5,1905,1421,0.0026246719160104987,0.003518648838845883
P05,2024_SaoPaulo_GP,0.4,5,Weather conditions,FULL_RACE,131,1905,1421,0.06876640419947506,0.09218859957776214
P05,2024_SaoPaulo_GP,0.4,6,Grand Prix wins,FULL_RACE,86,1905,1421,0.04514435695538058,0.06052076002814919
P05,2024_SaoPaulo_GP,0.4,7,Race start lights,FULL_RACE,16,1905,1421,0.008398950131233596,0.011259676284306826
P05,2024_SaoPaulo_GP,0.4,8,Race control flags,FULL_RACE,33,1905,1421,0.01732283464566929,0.02322308233638283
P05,2024_SaoPaulo_GP,0.4,9,Formula 1 milestones,FULL_RACE,30,1905,1421,0.015748031496062992,0.0211118930330753
P05,2024_SaoPaulo_GP,0.4,10,Chicane moves,FULL_RACE,0,1905,1421,0.0,0.0
P05,2024_SaoPaulo_GP,0.4,11,Team radio celebrations,FULL_RACE,27,1905,1421,0.014173228346456693,0.019000703729767768
P05,2024_SaoPaulo_GP,0.4,12,Podium finishes,FULL_RACE,31,1905,1421,0.01627296587926509,0.021815622800844477
P05,2024_SaoPaulo_GP,0.4,13,Championship & title,FULL_RACE,58,1905,1421,0.030446194225721784,0.04081632653061224
P05,2024_SaoPaulo_GP,0.4,14,Pit stops,FULL_RACE,30,1905,1421,0.015748031496062992,0.0211118930330753
P05,2024_SaoPaulo_GP,0.4,15,Tires & compounds,FULL_RACE,64,1905,1421,0.03359580052493438,0.045038705137227304
P05,2024_SaoPaulo_GP,0.4,16,Safety car deployment,FULL_RACE,49,1905,1421,0.025721784776902887,0.034482758620689655
P05,2024_SaoPaulo_GP,0.4,17,Gap & pace,FULL_RACE,43,1905,1421,0.02257217847769029,0.030260380014074596
P05,2024_SaoPaulo_GP,0.4,18,Team dynamics,FULL_RACE,97,1905,1421,0.050918635170603674,0.06826178747361013
P05,2024_SaoPaulo_GP,0.4,19,Race lead holding,FULL_RACE,11,1905,1421,0.005774278215223097,0.007741027445460943
P05,2024_SaoPaulo_GP,0.4,20,Wing & car damage,FULL_RACE,15,1905,1421,0.007874015748031496,0.01055594651653765
P05,2024_SaoPaulo_GP,0.4,21,Braking & lockups,FULL_RACE,49,1905,1421,0.025721784776902887,0.034482758620689655
P05,2024_SaoPaulo_GP,0.4,22,Wheel-to-wheel,FULL_RACE,10,1905,1421,0.005249343832020997,0.007037297677691766
P05,2024_SaoPaulo_GP,0.4,23,Circuit action,FULL_RACE,61,1905,1421,0.032020997375328084,0.04292751583391977
P05,2024_SaoPaulo_GP,0.4,24,Inter-car distance,FULL_RACE,34,1905,1421,0.01784776902887139,0.023926812104152005
P05,2024_SaoPaulo_GP,0.4,25,Driver & team references,FULL_RACE,78,1905,1421,0.04094488188976378,0.05489092188599578
P05,2024_SaoPaulo_GP,0.4,26,Defending & attacking,FULL_RACE,21,1905,1421,0.011023622047244094,0.014778325123152709
P05,2024_SaoPaulo_GP,0.4,27,Overtake battles,FULL_RACE,160,1905,1421,0.08398950131233596,0.11259676284306826
P05,2024_SaoPaulo_GP,0.4,28,Corner battles,FULL_RACE,19,1905,1421,0.009973753280839895,0.013370865587614356
P05,2024_SaoPaulo_GP,0.4,29,Corner specific moves,FULL_RACE,13,1905,1421,0.0068241469816272965,0.009148486980999296
P05,2024_SaoPaulo_GP,0.4,30,Lap pace & timing,FULL_RACE,65,1905,1421,0.03412073490813648,0.04574243490499648
P05,2024_SaoPaulo_GP,0.4,31,Race leader changes,FULL_RACE,84,1905,1421,0.04409448818897638,0.059113300492610835
P05,2024_SaoPaulo_GP,0.4,32,Front position changes,FULL_RACE,24,1905,1421,0.012598425196850394,0.01688951442646024
P05,2024_SaoPaulo_GP,0.4,33,Field position changes,FULL_RACE,35,1905,1421,0.01837270341207349,0.024630541871921183
P06,2024_Italy_GP,0.4,0,DRS-assisted battles,HIGHLIGHT,0,69,67,0.0,0.0
P06,2024_Italy_GP,0.4,1,Time penalties,HIGHLIGHT,1,69,67,0.014492753623188406,0.014925373134328358
P06,2024_Italy_GP,0.4,2,Lights-out race starts,HIGHLIGHT,0,69,67,0.0,0.0
P06,2024_Italy_GP,0.4,3,Mirror checks defending,HIGHLIGHT,0,69,67,0.0,0.0
P06,2024_Italy_GP,0.4,4,Race start launch,HIGHLIGHT,2,69,67,0.028985507246376812,0.029850746268656716
P06,2024_Italy_GP,0.4,5,Weather conditions,HIGHLIGHT,0,69,67,0.0,0.0
P06,2024_Italy_GP,0.4,6,Grand Prix wins,HIGHLIGHT,5,69,67,0.07246376811594203,0.07462686567164178
P06,2024_Italy_GP,0.4,7,Race start lights,HIGHLIGHT,0,69,67,0.0,0.0
P06,2024_Italy_GP,0.4,8,Race control flags,HIGHLIGHT,0,69,67,0.0,0.0
P06,2024_Italy_GP,0.4,9,Formula 1 milestones,HIGHLIGHT,0,69,67,0.0,0.0
P06,2024_Italy_GP,0.4,10,Chicane moves,HIGHLIGHT,4,69,67,0.057971014492753624,0.05970149253731343
P06,2024_Italy_GP,0.4,11,Team radio celebrations,HIGHLIGHT,0,69,67,0.0,0.0
P06,2024_Italy_GP,0.4,12,Podium finishes,HIGHLIGHT,0,69,67,0.0,0.0
P06,2024_Italy_GP,0.4,13,Championship & title,HIGHLIGHT,2,69,67,0.028985507246376812,0.029850746268656716
P06,2024_Italy_GP,0.4,14,Pit stops,HIGHLIGHT,2,69,67,0.028985507246376812,0.029850746268656716
P06,2024_Italy_GP,0.4,15,Tires & compounds,HIGHLIGHT,4,69,67,0.057971014492753624,0.05970149253731343
P06,2024_Italy_GP,0.4,16,Safety car deployment,HIGHLIGHT,0,69,67,0.0,0.0
P06,2024_Italy_GP,0.4,17,Gap & pace,HIGHLIGHT,2,69,67,0.028985507246376812,0.029850746268656716
P06,2024_Italy_GP,0.4,18,Team dynamics,HIGHLIGHT,9,69,67,0.13043478260869565,0.13432835820895522
P06,2024_Italy_GP,0.4,19,Race lead holding,HIGHLIGHT,2,69,67,0.028985507246376812,0.029850746268656716
P06,2024_Italy_GP,0.4,20,Wing & car damage,HIGHLIGHT,0,69,67,0.0,0.0
P06,2024_Italy_GP,0.4,21,Braking & lockups,HIGHLIGHT,2,69,67,0.028985507246376812,0.029850746268656716
P06,2024_Italy_GP,0.4,22,Wheel-to-wheel,HIGHLIGHT,2,69,67,0.028985507246376812,0.029850746268656716
P06,2024_Italy_GP,0.4,23,Circuit action,HIGHLIGHT,3,69,67,0.043478260869565216,0.04477611940298507
P06,2024_Italy_GP,0.4,24,Inter-car distance,HIGHLIGHT,0,69,67,0.0,0.0
P06,2024_Italy_GP,0.4,25,Driver & team references,HIGHLIGHT,3,69,67,0.043478260869565216,0.04477611940298507
P06,2024_Italy_GP,0.4,26,Defending & attacking,HIGHLIGHT,1,69,67,0.014492753623188406,0.014925373134328358
P06,2024_Italy_GP,0.4,27,Overtake battles,HIGHLIGHT,10,69,67,0.14492753623188406,0.14925373134328357
P06,2024_Italy_GP,0.4,28,Corner battles,HIGHLIGHT,1,69,67,0.014492753623188406,0.014925373134328358
P06,2024_Italy_GP,0.4,29,Corner specific moves,HIGHLIGHT,0,69,67,0.0,0.0
P06,2024_Italy_GP,0.4,30,Lap pace & timing,HIGHLIGHT,3,69,67,0.043478260869565216,0.04477611940298507
P06,2024_Italy_GP,0.4,31,Race leader changes,HIGHLIGHT,6,69,67,0.08695652173913043,0.08955223880597014
P06,2024_Italy_GP,0.4,32,Front position changes,HIGHLIGHT,2,69,67,0.028985507246376812,0.029850746268656716
P06,2024_Italy_GP,0.4,33,Field position changes,HIGHLIGHT,1,69,67,0.014492753623188406,0.014925373134328358
P06,2024_Italy_GP,0.4,0,DRS-assisted battles,FULL_RACE,12,1458,1101,0.00823045267489712,0.010899182561307902
P06,2024_Italy_GP,0.4,1,Time penalties,FULL_RACE,6,1458,1101,0.00411522633744856,0.005449591280653951
P06,2024_Italy_GP,0.4,2,Lights-out race starts,FULL_RACE,5,1458,1101,0.003429355281207133,0.004541326067211626
P06,2024_Italy_GP,0.4,3,Mirror checks defending,FULL_RACE,2,1458,1101,0.0013717421124828531,0.0018165304268846503
P06,2024_Italy_GP,0.4,4,Race start launch,FULL_RACE,5,1458,1101,0.003429355281207133,0.004541326067211626
P06,2024_Italy_GP,0.4,5,Weather conditions,FULL_RACE,3,1458,1101,0.00205761316872428,0.0027247956403269754
P06,2024_Italy_GP,0.4,6,Grand Prix wins,FULL_RACE,85,1458,1101,0.05829903978052126,0.07720254314259764
P06,2024_Italy_GP,0.4,7,Race start lights,FULL_RACE,1,1458,1101,0.0006858710562414266,0.0009082652134423251
P06,2024_Italy_GP,0.4,8,Race control flags,FULL_RACE,7,1458,1101,0.004801097393689987,0.006357856494096276
P06,2024_Italy_GP,0.4,9,Formula 1 milestones,FULL_RACE,15,1458,1101,0.0102880658436214,0.013623978201634877
P06,2024_Italy_GP,0.4,10,Chicane moves,FULL_RACE,18,1458,1101,0.012345679012345678,0.01634877384196185
P06,2024_Italy_GP,0.4,11,Team radio celebrations,FULL_RACE,16,1458,1101,0.010973936899862825,0.014532243415077202
P06,2024_Italy_GP,0.4,12,Podium finishes,FULL_RACE,19,1458,1101,0.013031550068587106,0.01725703905540418
P06,2024_Italy_GP,0.4,13,Championship & title,FULL_RACE,56,1458,1101,0.038408779149519894,0.05086285195277021
P06,2024_Italy_GP,0.4,14,Pit stops,FULL_RACE,45,1458,1101,0.030864197530864196,0.04087193460490463
P06,2024_Italy_GP,0.4,15,Tires & compounds,FULL_RACE,89,1458,1101,0.061042524005486966,0.08083560399636694
P06,2024_Italy_GP,0.4,16,Safety car deployment,FULL_RACE,11,1458,1101,0.0075445816186556925,0.009990917347865577
P06,2024_Italy_GP,0.4,17,Gap & pace,FULL_RACE,51,1458,1101,0.03497942386831276,0.04632152588555858
P06,2024_Italy_GP,0.4,18,Team dynamics,FULL_RACE,116,1458,1101,0.07956104252400549,0.10535876475930972
P06,2024_Italy_GP,0.4,19,Race lead holding,FULL_RACE,12,1458,1101,0.00823045267489712,0.010899182561307902
P06,2024_Italy_GP,0.4,20,Wing & car damage,FULL_RACE,26,1458,1101,0.01783264746227709,0.023614895549500452
P06,2024_Italy_GP,0.4,21,Braking & lockups,FULL_RACE,27,1458,1101,0.018518518518518517,0.02452316076294278
P06,2024_Italy_GP,0.4,22,Wheel-to-wheel,FULL_RACE,10,1458,1101,0.006858710562414266,0.009082652134423252
P06,2024_Italy_GP,0.4,23,Circuit action,FULL_RACE,32,1458,1101,0.02194787379972565,0.029064486830154404
P06,2024_Italy_GP,0.4,24,Inter-car distance,FULL_RACE,12,1458,1101,0.00823045267489712,0.010899182561307902
P06,2024_Italy_GP,0.4,25,Driver & team references,FULL_RACE,29,1458,1101,0.019890260631001373,0.02633969118982743
P06,2024_Italy_GP,0.4,26,Defending & attacking,FULL_RACE,16,1458,1101,0.010973936899862825,0.014532243415077202
P06,2024_Italy_GP,0.4,27,Overtake battles,FULL_RACE,179,1458,1101,0.12277091906721536,0.16257947320617622
P06,2024_Italy_GP,0.4,28,Corner battles,FULL_RACE,5,1458,1101,0.003429355281207133,0.004541326067211626
P06,2024_Italy_GP,0.4,29,Corner specific moves,FULL_RACE,3,1458,1101,0.00205761316872428,0.0027247956403269754
P06,2024_Italy_GP,0.4,30,Lap pace & timing,FULL_RACE,59,1458,1101,0.04046639231824417,0.053587647593097185
P06,2024_Italy_GP,0.4,31,Race leader changes,FULL_RACE,64,1458,1101,0.0438957475994513,0.05812897366030881
P06,2024_Italy_GP,0.4,32,Front position changes,FULL_RACE,28,1458,1101,0.019204389574759947,0.025431425976385105
P06,2024_Italy_GP,0.4,33,Field position changes,FULL_RACE,37,1458,1101,0.025377229080932786,0.03360581289736603
P07,2024_LasVegas_GP,0.4,0,DRS-assisted battles,HIGHLIGHT,3,105,89,0.02857142857142857,0.033707865168539325
P07,2024_LasVegas_GP,0.4,1,Time penalties,HIGHLIGHT,0,105,89,0.0,0.0
P07,2024_LasVegas_GP,0.4,2,Lights-out race starts,HIGHLIGHT,1,105,89,0.009523809523809525,0.011235955056179775
P07,2024_LasVegas_GP,0.4,3,Mirror checks defending,HIGHLIGHT,0,105,89,0.0,0.0
P07,2024_LasVegas_GP,0.4,4,Race start launch,HIGHLIGHT,0,105,89,0.0,0.0
P07,2024_LasVegas_GP,0.4,5,Weather conditions,HIGHLIGHT,0,105,89,0.0,0.0
P07,2024_LasVegas_GP,0.4,6,Grand Prix wins,HIGHLIGHT,5,105,89,0.047619047619047616,0.056179775280898875
P07,2024_LasVegas_GP,0.4,7,Race start lights,HIGHLIGHT,0,105,89,0.0,0.0
P07,2024_LasVegas_GP,0.4,8,Race control flags,HIGHLIGHT,1,105,89,0.009523809523809525,0.011235955056179775
P07,2024_LasVegas_GP,0.4,9,Formula 1 milestones,HIGHLIGHT,3,105,89,0.02857142857142857,0.033707865168539325
P07,2024_LasVegas_GP,0.4,10,Chicane moves,HIGHLIGHT,1,105,89,0.009523809523809525,0.011235955056179775
P07,2024_LasVegas_GP,0.4,11,Team radio celebrations,HIGHLIGHT,1,105,89,0.009523809523809525,0.011235955056179775
P07,2024_LasVegas_GP,0.4,12,Podium finishes,HIGHLIGHT,3,105,89,0.02857142857142857,0.033707865168539325
P07,2024_LasVegas_GP,0.4,13,Championship & title,HIGHLIGHT,8,105,89,0.0761904761904762,0.0898876404494382
P07,2024_LasVegas_GP,0.4,14,Pit stops,HIGHLIGHT,5,105,89,0.047619047619047616,0.056179775280898875
P07,2024_LasVegas_GP,0.4,15,Tires & compounds,HIGHLIGHT,3,105,89,0.02857142857142857,0.033707865168539325
P07,2024_LasVegas_GP,0.4,16,Safety car deployment,HIGHLIGHT,0,105,89,0.0,0.0
P07,2024_LasVegas_GP,0.4,17,Gap & pace,HIGHLIGHT,0,105,89,0.0,0.0
P07,2024_LasVegas_GP,0.4,18,Team dynamics,HIGHLIGHT,8,105,89,0.0761904761904762,0.0898876404494382
P07,2024_LasVegas_GP,0.4,19,Race lead holding,HIGHLIGHT,2,105,89,0.01904761904761905,0.02247191011235955
P07,2024_LasVegas_GP,0.4,20,Wing & car damage,HIGHLIGHT,1,105,89,0.009523809523809525,0.011235955056179775
P07,2024_LasVegas_GP,0.4,21,Braking & lockups,HIGHLIGHT,3,105,89,0.02857142857142857,0.033707865168539325
P07,2024_LasVegas_GP,0.4,22,Wheel-to-wheel,HIGHLIGHT,0,105,89,0.0,0.0
P07,2024_LasVegas_GP,0.4,23,Circuit action,HIGHLIGHT,1,105,89,0.009523809523809525,0.011235955056179775
P07,2024_LasVegas_GP,0.4,24,Inter-car distance,HIGHLIGHT,4,105,89,0.0380952380952381,0.0449438202247191
P07,2024_LasVegas_GP,0.4,25,Driver & team references,HIGHLIGHT,2,105,89,0.01904761904761905,0.02247191011235955
P07,2024_LasVegas_GP,0.4,26,Defending & attacking,HIGHLIGHT,5,105,89,0.047619047619047616,0.056179775280898875
P07,2024_LasVegas_GP,0.4,27,Overtake battles,HIGHLIGHT,14,105,89,0.13333333333333333,0.15730337078651685
P07,2024_LasVegas_GP,0.4,28,Corner battles,HIGHLIGHT,5,105,89,0.047619047619047616,0.056179775280898875
P07,2024_LasVegas_GP,0.4,29,Corner specific moves,HIGHLIGHT,0,105,89,0.0,0.0
P07,2024_LasVegas_GP,0.4,30,Lap pace & timing,HIGHLIGHT,1,105,89,0.009523809523809525,0.011235955056179775
P07,2024_LasVegas_GP,0.4,31,Race leader changes,HIGHLIGHT,0,105,89,0.0,0.0
P07,2024_LasVegas_GP,0.4,32,Front position changes,HIGHLIGHT,5,105,89,0.047619047619047616,0.056179775280898875
P07,2024_LasVegas_GP,0.4,33,Field position changes,HIGHLIGHT,4,105,89,0.0380952380952381,0.0449438202247191
P07,2024_LasVegas_GP,0.4,0,DRS-assisted battles,FULL_RACE,17,1344,1033,0.012648809523809524,0.016456921587608905
P07,2024_LasVegas_GP,0.4,1,Time penalties,FULL_RACE,12,1344,1033,0.008928571428571428,0.011616650532429816
P07,2024_LasVegas_GP,0.4,2,Lights-out race starts,FULL_RACE,5,1344,1033,0.003720238095238095,0.00484027105517909
P07,2024_LasVegas_GP,0.4,3,Mirror checks defending,FULL_RACE,6,1344,1033,0.004464285714285714,0.005808325266214908
P07,2024_LasVegas_GP,0.4,4,Race start launch,FULL_RACE,5,1344,1033,0.003720238095238095,0.00484027105517909
P07,2024_LasVegas_GP,0.4,5,Weather conditions,FULL_RACE,6,1344,1033,0.004464285714285714,0.005808325266214908
P07,2024_LasVegas_GP,0.4,6,Grand Prix wins,FULL_RACE,108,1344,1033,0.08035714285714286,0.10454985479186835
P07,2024_LasVegas_GP,0.4,7,Race start lights,FULL_RACE,7,1344,1033,0.005208333333333333,0.006776379477250726
P07,2024_LasVegas_GP,0.4,8,Race control flags,FULL_RACE,6,1344,1033,0.004464285714285714,0.005808325266214908
P07,2024_LasVegas_GP,0.4,9,Formula 1 milestones,FULL_RACE,30,1344,1033,0.022321428571428572,0.02904162633107454
P07,2024_LasVegas_GP,0.4,10,Chicane moves,FULL_RACE,1,1344,1033,0.000744047619047619,0.000968054211035818
P07,2024_LasVegas_GP,0.4,11,Team radio celebrations,FULL_RACE,29,1344,1033,0.021577380952380952,0.028073572120038724
P07,2024_LasVegas_GP,0.4,12,Podium finishes,FULL_RACE,24,1344,1033,0.017857142857142856,0.023233301064859633
P07,2024_LasVegas_GP,0.4,13,Championship & title,FULL_RACE,74,1344,1033,0.05505952380952381,0.07163601161665054
P07,2024_LasVegas_GP,0.4,14,Pit stops,FULL_RACE,31,1344,1033,0.023065476190476192,0.030009680542110357
P07,2024_LasVegas_GP,0.4,15,Tires & compounds,FULL_RACE,57,1344,1033,0.04241071428571429,0.05517909002904162
P07,2024_LasVegas_GP,0.4,16,Safety car deployment,FULL_RACE,18,1344,1033,0.013392857142857142,0.017424975798644726
P07,2024_LasVegas_GP,0.4,17,Gap & pace,FULL_RACE,29,1344,1033,0.021577380952380952,0.028073572120038724
P07,2024_LasVegas_GP,0.4,18,Team dynamics,FULL_RACE,103,1344,1033,0.07663690476190477,0.09970958373668926
P07,2024_LasVegas_GP,0.4,19,Race lead holding,FULL_RACE,15,1344,1033,0.011160714285714286,0.01452081316553727
P07,2024_LasVegas_GP,0.4,20,Wing & car damage,FULL_RACE,17,1344,1033,0.012648809523809524,0.016456921587608905
P07,2024_LasVegas_GP,0.4,21,Braking & lockups,FULL_RACE,31,1344,1033,0.023065476190476192,0.030009680542110357
P07,2024_LasVegas_GP,0.4,22,Wheel-to-wheel,FULL_RACE,4,1344,1033,0.002976190476190476,0.003872216844143272
P07,2024_LasVegas_GP,0.4,23,Circuit action,FULL_RACE,25,1344,1033,0.018601190476190476,0.02420135527589545
P07,2024_LasVegas_GP,0.4,24,Inter-car distance,FULL_RACE,25,1344,1033,0.018601190476190476,0.02420135527589545
P07,2024_LasVegas_GP,0.4,25,Driver & team references,FULL_RACE,34,1344,1033,0.025297619047619048,0.03291384317521781
P07,2024_LasVegas_GP,0.4,26,Defending & attacking,FULL_RACE,26,1344,1033,0.019345238095238096,0.02516940948693127
P07,2024_LasVegas_GP,0.4,27,Overtake battles,FULL_RACE,119,1344,1033,0.08854166666666667,0.11519845111326234
P07,2024_LasVegas_GP,0.4,28,Corner battles,FULL_RACE,8,1344,1033,0.005952380952380952,0.007744433688286544
P07,2024_LasVegas_GP,0.4,29,Corner specific moves,FULL_RACE,16,1344,1033,0.011904761904761904,0.015488867376573089
P07,2024_LasVegas_GP,0.4,30,Lap pace & timing,FULL_RACE,55,1344,1033,0.04092261904761905,0.05324298160696999
P07,2024_LasVegas_GP,0.4,31,Race leader changes,FULL_RACE,43,1344,1033,0.031994047619047616,0.041626331074540175
P07,2024_LasVegas_GP,0.4,32,Front position changes,FULL_RACE,21,1344,1033,0.015625,0.02032913843175218
P07,2024_LasVegas_GP,0.4,33,Field position changes,FULL_RACE,26,1344,1033,0.019345238095238096,0.02516940948693127
P08,2024_Qatar_GP,0.4,0,DRS-assisted battles,HIGHLIGHT,0,55,54,0.0,0.0
P08,2024_Qatar_GP,0.4,1,Time penalties,HIGHLIGHT,7,55,54,0.12727272727272726,0.12962962962962962
P08,2024_Qatar_GP,0.4,2,Lights-out race starts,HIGHLIGHT,0,55,54,0.0,0.0
P08,2024_Qatar_GP,0.4,3,Mirror checks defending,HIGHLIGHT,1,55,54,0.01818181818181818,0.018518518518518517
P08,2024_Qatar_GP,0.4,4,Race start launch,HIGHLIGHT,1,55,54,0.01818181818181818,0.018518518518518517
P08,2024_Qatar_GP,0.4,5,Weather conditions,HIGHLIGHT,0,55,54,0.0,0.0
P08,2024_Qatar_GP,0.4,6,Grand Prix wins,HIGHLIGHT,6,55,54,0.10909090909090909,0.1111111111111111
P08,2024_Qatar_GP,0.4,7,Race start lights,HIGHLIGHT,1,55,54,0.01818181818181818,0.018518518518518517
P08,2024_Qatar_GP,0.4,8,Race control flags,HIGHLIGHT,3,55,54,0.05454545454545454,0.05555555555555555
P08,2024_Qatar_GP,0.4,9,Formula 1 milestones,HIGHLIGHT,0,55,54,0.0,0.0
P08,2024_Qatar_GP,0.4,10,Chicane moves,HIGHLIGHT,0,55,54,0.0,0.0
P08,2024_Qatar_GP,0.4,11,Team radio celebrations,HIGHLIGHT,0,55,54,0.0,0.0
P08,2024_Qatar_GP,0.4,12,Podium finishes,HIGHLIGHT,0,55,54,0.0,0.0
P08,2024_Qatar_GP,0.4,13,Championship & title,HIGHLIGHT,2,55,54,0.03636363636363636,0.037037037037037035
P08,2024_Qatar_GP,0.4,14,Pit stops,HIGHLIGHT,0,55,54,0.0,0.0
P08,2024_Qatar_GP,0.4,15,Tires & compounds,HIGHLIGHT,4,55,54,0.07272727272727272,0.07407407407407407
P08,2024_Qatar_GP,0.4,16,Safety car deployment,HIGHLIGHT,0,55,54,0.0,0.0
P08,2024_Qatar_GP,0.4,17,Gap & pace,HIGHLIGHT,0,55,54,0.0,0.0
P08,2024_Qatar_GP,0.4,18,Team dynamics,HIGHLIGHT,4,55,54,0.07272727272727272,0.07407407407407407
P08,2024_Qatar_GP,0.4,19,Race lead holding,HIGHLIGHT,1,55,54,0.01818181818181818,0.018518518518518517
P08,2024_Qatar_GP,0.4,20,Wing & car damage,HIGHLIGHT,2,55,54,0.03636363636363636,0.037037037037037035
P08,2024_Qatar_GP,0.4,21,Braking & lockups,HIGHLIGHT,3,55,54,0.05454545454545454,0.05555555555555555
P08,2024_Qatar_GP,0.4,22,Wheel-to-wheel,HIGHLIGHT,3,55,54,0.05454545454545454,0.05555555555555555
P08,2024_Qatar_GP,0.4,23,Circuit action,HIGHLIGHT,1,55,54,0.01818181818181818,0.018518518518518517
P08,2024_Qatar_GP,0.4,24,Inter-car distance,HIGHLIGHT,1,55,54,0.01818181818181818,0.018518518518518517
P08,2024_Qatar_GP,0.4,25,Driver & team references,HIGHLIGHT,0,55,54,0.0,0.0
P08,2024_Qatar_GP,0.4,26,Defending & attacking,HIGHLIGHT,1,55,54,0.01818181818181818,0.018518518518518517
P08,2024_Qatar_GP,0.4,27,Overtake battles,HIGHLIGHT,5,55,54,0.09090909090909091,0.09259259259259259
P08,2024_Qatar_GP,0.4,28,Corner battles,HIGHLIGHT,1,55,54,0.01818181818181818,0.018518518518518517
P08,2024_Qatar_GP,0.4,29,Corner specific moves,HIGHLIGHT,0,55,54,0.0,0.0
P08,2024_Qatar_GP,0.4,30,Lap pace & timing,HIGHLIGHT,1,55,54,0.01818181818181818,0.018518518518518517
P08,2024_Qatar_GP,0.4,31,Race leader changes,HIGHLIGHT,2,55,54,0.03636363636363636,0.037037037037037035
P08,2024_Qatar_GP,0.4,32,Front position changes,HIGHLIGHT,0,55,54,0.0,0.0
P08,2024_Qatar_GP,0.4,33,Field position changes,HIGHLIGHT,4,55,54,0.07272727272727272,0.07407407407407407
P08,2024_Qatar_GP,0.4,0,DRS-assisted battles,FULL_RACE,19,1631,1225,0.011649294911097487,0.015510204081632653
P08,2024_Qatar_GP,0.4,1,Time penalties,FULL_RACE,63,1631,1225,0.03862660944206009,0.05142857142857143
P08,2024_Qatar_GP,0.4,2,Lights-out race starts,FULL_RACE,3,1631,1225,0.0018393623543838135,0.0024489795918367346
P08,2024_Qatar_GP,0.4,3,Mirror checks defending,FULL_RACE,11,1631,1225,0.00674432863274065,0.008979591836734694
P08,2024_Qatar_GP,0.4,4,Race start launch,FULL_RACE,4,1631,1225,0.002452483139178418,0.0032653061224489797
P08,2024_Qatar_GP,0.4,5,Weather conditions,FULL_RACE,4,1631,1225,0.002452483139178418,0.0032653061224489797
P08,2024_Qatar_GP,0.4,6,Grand Prix wins,FULL_RACE,80,1631,1225,0.049049662783568364,0.0653061224489796
P08,2024_Qatar_GP,0.4,7,Race start lights,FULL_RACE,5,1631,1225,0.0030656039239730227,0.004081632653061225
P08,2024_Qatar_GP,0.4,8,Race control flags,FULL_RACE,29,1631,1225,0.017780502759043533,0.0236734693877551
P08,2024_Qatar_GP,0.4,9,Formula 1 milestones,FULL_RACE,19,1631,1225,0.011649294911097487,0.015510204081632653
P08,2024_Qatar_GP,0.4,10,Chicane moves,FULL_RACE,1,1631,1225,0.0006131207847946045,0.0008163265306122449
P08,2024_Qatar_GP,0.4,11,Team radio celebrations,FULL_RACE,11,1631,1225,0.00674432863274065,0.008979591836734694
P08,2024_Qatar_GP,0.4,12,Podium finishes,FULL_RACE,15,1631,1225,0.009196811771919068,0.012244897959183673
P08,2024_Qatar_GP,0.4,13,Championship & title,FULL_RACE,55,1631,1225,0.03372164316370325,0.044897959183673466
P08,2024_Qatar_GP,0.4,14,Pit stops,FULL_RACE,42,1631,1225,0.02575107296137339,0.03428571428571429
P08,2024_Qatar_GP,0.4,15,Tires & compounds,FULL_RACE,69,1631,1225,0.04230533415082771,0.0563265306122449
P08,2024_Qatar_GP,0.4,16,Safety car deployment,FULL_RACE,50,1631,1225,0.030656039239730228,0.04081632653061224
P08,2024_Qatar_GP,0.4,17,Gap & pace,FULL_RACE,42,1631,1225,0.02575107296137339,0.03428571428571429
P08,2024_Qatar_GP,0.4,18,Team dynamics,FULL_RACE,101,1631,1225,0.061925199264255056,0.08244897959183674
P08,2024_Qatar_GP,0.4,19,Race lead holding,FULL_RACE,5,1631,1225,0.0030656039239730227,0.004081632653061225
P08,2024_Qatar_GP,0.4,20,Wing & car damage,FULL_RACE,25,1631,1225,0.015328019619865114,0.02040816326530612
P08,2024_Qatar_GP,0.4,21,Braking & lockups,FULL_RACE,61,1631,1225,0.03740036787247088,0.04979591836734694
P08,2024_Qatar_GP,0.4,22,Wheel-to-wheel,FULL_RACE,12,1631,1225,0.007357449417535254,0.009795918367346938
P08,2024_Qatar_GP,0.4,23,Circuit action,FULL_RACE,31,1631,1225,0.01900674432863274,0.025306122448979593
P08,2024_Qatar_GP,0.4,24,Inter-car distance,FULL_RACE,29,1631,1225,0.017780502759043533,0.0236734693877551
P08,2024_Qatar_GP,0.4,25,Driver & team references,FULL_RACE,26,1631,1225,0.01594114040465972,0.02122448979591837
P08,2024_Qatar_GP,0.4,26,Defending & attacking,FULL_RACE,25,1631,1225,0.015328019619865114,0.02040816326530612
P08,2024_Qatar_GP,0.4,27,Overtake battles,FULL_RACE,172,1631,1225,0.10545677498467199,0.1404081632653061
P08,2024_Qatar_GP,0.4,28,Corner battles,FULL_RACE,10,1631,1225,0.0061312078479460455,0.00816326530612245
P08,2024_Qatar_GP,0.4,29,Corner specific moves,FULL_RACE,9,1631,1225,0.005518087063151441,0.007346938775510204
P08,2024_Qatar_GP,0.4,30,Lap pace & timing,FULL_RACE,57,1631,1225,0.03494788473329246,0.04653061224489796
P08,2024_Qatar_GP,0.4,31,Race leader changes,FULL_RACE,53,1631,1225,0.03249540159411404,0.04326530612244898
P08,2024_Qatar_GP,0.4,32,Front position changes,FULL_RACE,38,1631,1225,0.023298589822194973,0.031020408163265307
P08,2024_Qatar_GP,0.4,33,Field position changes,FULL_RACE,49,1631,1225,0.030042918454935622,0.04
P09,2025_Belgium_GP,0.4,0,DRS-assisted battles,HIGHLIGHT,1,65,62,0.015384615384615385,0.016129032258064516
P09,2025_Belgium_GP,0.4,1,Time penalties,HIGHLIGHT,0,65,62,0.0,0.0
P09,2025_Belgium_GP,0.4,2,Lights-out race starts,HIGHLIGHT,0,65,62,0.0,0.0
P09,2025_Belgium_GP,0.4,3,Mirror checks defending,HIGHLIGHT,0,65,62,0.0,0.0
P09,2025_Belgium_GP,0.4,4,Race start launch,HIGHLIGHT,0,65,62,0.0,0.0
P09,2025_Belgium_GP,0.4,5,Weather conditions,HIGHLIGHT,0,65,62,0.0,0.0
P09,2025_Belgium_GP,0.4,6,Grand Prix wins,HIGHLIGHT,4,65,62,0.06153846153846154,0.06451612903225806
P09,2025_Belgium_GP,0.4,7,Race start lights,HIGHLIGHT,0,65,62,0.0,0.0
P09,2025_Belgium_GP,0.4,8,Race control flags,HIGHLIGHT,2,65,62,0.03076923076923077,0.03225806451612903
P09,2025_Belgium_GP,0.4,9,Formula 1 milestones,HIGHLIGHT,3,65,62,0.046153846153846156,0.04838709677419355
P09,2025_Belgium_GP,0.4,10,Chicane moves,HIGHLIGHT,0,65,62,0.0,0.0
P09,2025_Belgium_GP,0.4,11,Team radio celebrations,HIGHLIGHT,1,65,62,0.015384615384615385,0.016129032258064516
P09,2025_Belgium_GP,0.4,12,Podium finishes,HIGHLIGHT,1,65,62,0.015384615384615385,0.016129032258064516
P09,2025_Belgium_GP,0.4,13,Championship & title,HIGHLIGHT,5,65,62,0.07692307692307693,0.08064516129032258
P09,2025_Belgium_GP,0.4,14,Pit stops,HIGHLIGHT,1,65,62,0.015384615384615385,0.016129032258064516
P09,2025_Belgium_GP,0.4,15,Tires & compounds,HIGHLIGHT,13,65,62,0.2,0.20967741935483872
P09,2025_Belgium_GP,0.4,16,Safety car deployment,HIGHLIGHT,2,65,62,0.03076923076923077,0.03225806451612903
P09,2025_Belgium_GP,0.4,17,Gap & pace,HIGHLIGHT,2,65,62,0.03076923076923077,0.03225806451612903
P09,2025_Belgium_GP,0.4,18,Team dynamics,HIGHLIGHT,2,65,62,0.03076923076923077,0.03225806451612903
P09,2025_Belgium_GP,0.4,19,Race lead holding,HIGHLIGHT,0,65,62,0.0,0.0
P09,2025_Belgium_GP,0.4,20,Wing & car damage,HIGHLIGHT,0,65,62,0.0,0.0
P09,2025_Belgium_GP,0.4,21,Braking & lockups,HIGHLIGHT,6,65,62,0.09230769230769231,0.0967741935483871
P09,2025_Belgium_GP,0.4,22,Wheel-to-wheel,HIGHLIGHT,0,65,62,0.0,0.0
P09,2025_Belgium_GP,0.4,23,Circuit action,HIGHLIGHT,1,65,62,0.015384615384615385,0.016129032258064516
P09,2025_Belgium_GP,0.4,24,Inter-car distance,HIGHLIGHT,1,65,62,0.015384615384615385,0.016129032258064516
P09,2025_Belgium_GP,0.4,25,Driver & team references,HIGHLIGHT,3,65,62,0.046153846153846156,0.04838709677419355
P09,2025_Belgium_GP,0.4,26,Defending & attacking,HIGHLIGHT,0,65,62,0.0,0.0
P09,2025_Belgium_GP,0.4,27,Overtake battles,HIGHLIGHT,9,65,62,0.13846153846153847,0.14516129032258066
P09,2025_Belgium_GP,0.4,28,Corner battles,HIGHLIGHT,0,65,62,0.0,0.0
P09,2025_Belgium_GP,0.4,29,Corner specific moves,HIGHLIGHT,0,65,62,0.0,0.0
P09,2025_Belgium_GP,0.4,30,Lap pace & timing,HIGHLIGHT,3,65,62,0.046153846153846156,0.04838709677419355
P09,2025_Belgium_GP,0.4,31,Race leader changes,HIGHLIGHT,1,65,62,0.015384615384615385,0.016129032258064516
P09,2025_Belgium_GP,0.4,32,Front position changes,HIGHLIGHT,0,65,62,0.0,0.0
P09,2025_Belgium_GP,0.4,33,Field position changes,HIGHLIGHT,1,65,62,0.015384615384615385,0.016129032258064516
P09,2025_Belgium_GP,0.4,0,DRS-assisted battles,FULL_RACE,10,2232,1612,0.004480286738351254,0.00620347394540943
P09,2025_Belgium_GP,0.4,1,Time penalties,FULL_RACE,5,2232,1612,0.002240143369175627,0.003101736972704715
P09,2025_Belgium_GP,0.4,2,Lights-out race starts,FULL_RACE,16,2232,1612,0.007168458781362007,0.009925558312655087
P09,2025_Belgium_GP,0.4,3,Mirror checks defending,FULL_RACE,4,2232,1612,0.0017921146953405018,0.0024813895781637717
P09,2025_Belgium_GP,0.4,4,Race start launch,FULL_RACE,6,2232,1612,0.002688172043010753,0.0037220843672456576
P09,2025_Belgium_GP,0.4,5,Weather conditions,FULL_RACE,158,2232,1612,0.07078853046594982,0.09801488833746898
P09,2025_Belgium_GP,0.4,6,Grand Prix wins,FULL_RACE,94,2232,1612,0.042114695340501794,0.05831265508684864
P09,2025_Belgium_GP,0.4,7,Race start lights,FULL_RACE,14,2232,1612,0.0062724014336917565,0.008684863523573201
P09,2025_Belgium_GP,0.4,8,Race control flags,FULL_RACE,18,2232,1612,0.008064516129032258,0.011166253101736972
P09,2025_Belgium_GP,0.4,9,Formula 1 milestones,FULL_RACE,38,2232,1612,0.017025089605734768,0.02357320099255583
P09,2025_Belgium_GP,0.4,10,Chicane moves,FULL_RACE,5,2232,1612,0.002240143369175627,0.003101736972704715
P09,2025_Belgium_GP,0.4,11,Team radio celebrations,FULL_RACE,46,2232,1612,0.02060931899641577,0.028535980148883373
P09,2025_Belgium_GP,0.4,12,Podium finishes,FULL_RACE,22,2232,1612,0.00985663082437276,0.013647642679900745
P09,2025_Belgium_GP,0.4,13,Championship & title,FULL_RACE,56,2232,1612,0.025089605734767026,0.034739454094292806
P09,2025_Belgium_GP,0.4,14,Pit stops,FULL_RACE,42,2232,1612,0.01881720430107527,0.026054590570719603
P09,2025_Belgium_GP,0.4,15,Tires & compounds,FULL_RACE,124,2232,1612,0.05555555555555555,0.07692307692307693
P09,2025_Belgium_GP,0.4,16,Safety car deployment,FULL_RACE,55,2232,1612,0.0246415770609319,0.034119106699751864
P09,2025_Belgium_GP,0.4,17,Gap & pace,FULL_RACE,76,2232,1612,0.034050179211469536,0.04714640198511166
P09,2025_Belgium_GP,0.4,18,Team dynamics,FULL_RACE,108,2232,1612,0.04838709677419355,0.06699751861042183
P09,2025_Belgium_GP,0.4,19,Race lead holding,FULL_RACE,8,2232,1612,0.0035842293906810036,0.004962779156327543
P09,2025_Belgium_GP,0.4,20,Wing & car damage,FULL_RACE,12,2232,1612,0.005376344086021506,0.007444168734491315
P09,2025_Belgium_GP,0.4,21,Braking & lockups,FULL_RACE,49,2232,1612,0.021953405017921146,0.030397022332506202
P09,2025_Belgium_GP,0.4,22,Wheel-to-wheel,FULL_RACE,10,2232,1612,0.004480286738351254,0.00620347394540943
P09,2025_Belgium_GP,0.4,23,Circuit action,FULL_RACE,77,2232,1612,0.03449820788530466,0.047766749379652605
P09,2025_Belgium_GP,0.4,24,Inter-car distance,FULL_RACE,35,2232,1612,0.01568100358422939,0.021712158808933003
P09,2025_Belgium_GP,0.4,25,Driver & team references,FULL_RACE,77,2232,1612,0.03449820788530466,0.047766749379652605
P09,2025_Belgium_GP,0.4,26,Defending & attacking,FULL_RACE,16,2232,1612,0.007168458781362007,0.009925558312655087
P09,2025_Belgium_GP,0.4,27,Overtake battles,FULL_RACE,177,2232,1612,0.0793010752688172,0.1098014888337469
P09,2025_Belgium_GP,0.4,28,Corner battles,FULL_RACE,7,2232,1612,0.0031362007168458782,0.004342431761786601
P09,2025_Belgium_GP,0.4,29,Corner specific moves,FULL_RACE,13,2232,1612,0.005824372759856631,0.008064516129032258
P09,2025_Belgium_GP,0.4,30,Lap pace & timing,FULL_RACE,85,2232,1612,0.03808243727598566,0.05272952853598015
P09,2025_Belgium_GP,0.4,31,Race leader changes,FULL_RACE,96,2232,1612,0.043010752688172046,0.05955334987593052
P09,2025_Belgium_GP,0.4,32,Front position changes,FULL_RACE,21,2232,1612,0.009408602150537635,0.013027295285359801
P09,2025_Belgium_GP,0.4,33,Field position changes,FULL_RACE,32,2232,1612,0.014336917562724014,0.019851116625310174
P10,2025_Japan_GP,0.4,0,DRS-assisted battles,HIGHLIGHT,0,81,74,0.0,0.0
P10,2025_Japan_GP,0.4,1,Time penalties,HIGHLIGHT,0,81,74,0.0,0.0
P10,2025_Japan_GP,0.4,2,Lights-out race starts,HIGHLIGHT,0,81,74,0.0,0.0
P10,2025_Japan_GP,0.4,3,Mirror checks defending,HIGHLIGHT,1,81,74,0.012345679012345678,0.013513513513513514
P10,2025_Japan_GP,0.4,4,Race start launch,HIGHLIGHT,1,81,74,0.012345679012345678,0.013513513513513514
P10,2025_Japan_GP,0.4,5,Weather conditions,HIGHLIGHT,0,81,74,0.0,0.0
P10,2025_Japan_GP,0.4,6,Grand Prix wins,HIGHLIGHT,10,81,74,0.12345679012345678,0.13513513513513514
P10,2025_Japan_GP,0.4,7,Race start lights,HIGHLIGHT,0,81,74,0.0,0.0
P10,2025_Japan_GP,0.4,8,Race control flags,HIGHLIGHT,1,81,74,0.012345679012345678,0.013513513513513514
P10,2025_Japan_GP,0.4,9,Formula 1 milestones,HIGHLIGHT,2,81,74,0.024691358024691357,0.02702702702702703
P10,2025_Japan_GP,0.4,10,Chicane moves,HIGHLIGHT,1,81,74,0.012345679012345678,0.013513513513513514
P10,2025_Japan_GP,0.4,11,Team radio celebrations,HIGHLIGHT,2,81,74,0.024691358024691357,0.02702702702702703
P10,2025_Japan_GP,0.4,12,Podium finishes,HIGHLIGHT,1,81,74,0.012345679012345678,0.013513513513513514
P10,2025_Japan_GP,0.4,13,Championship & title,HIGHLIGHT,3,81,74,0.037037037037037035,0.04054054054054054
P10,2025_Japan_GP,0.4,14,Pit stops,HIGHLIGHT,3,81,74,0.037037037037037035,0.04054054054054054
P10,2025_Japan_GP,0.4,15,Tires & compounds,HIGHLIGHT,2,81,74,0.024691358024691357,0.02702702702702703
P10,2025_Japan_GP,0.4,16,Safety car deployment,HIGHLIGHT,1,81,74,0.012345679012345678,0.013513513513513514
P10,2025_Japan_GP,0.4,17,Gap & pace,HIGHLIGHT,1,81,74,0.012345679012345678,0.013513513513513514
P10,2025_Japan_GP,0.4,18,Team dynamics,HIGHLIGHT,11,81,74,0.13580246913580246,0.14864864864864866
P10,2025_Japan_GP,0.4,19,Race lead holding,HIGHLIGHT,1,81,74,0.012345679012345678,0.013513513513513514
P10,2025_Japan_GP,0.4,20,Wing & car damage,HIGHLIGHT,1,81,74,0.012345679012345678,0.013513513513513514
P10,2025_Japan_GP,0.4,21,Braking & lockups,HIGHLIGHT,2,81,74,0.024691358024691357,0.02702702702702703
P10,2025_Japan_GP,0.4,22,Wheel-to-wheel,HIGHLIGHT,0,81,74,0.0,0.0
P10,2025_Japan_GP,0.4,23,Circuit action,HIGHLIGHT,4,81,74,0.04938271604938271,0.05405405405405406
P10,2025_Japan_GP,0.4,24,Inter-car distance,HIGHLIGHT,1,81,74,0.012345679012345678,0.013513513513513514
P10,2025_Japan_GP,0.4,25,Driver & team references,HIGHLIGHT,2,81,74,0.024691358024691357,0.02702702702702703
P10,2025_Japan_GP,0.4,26,Defending & attacking,HIGHLIGHT,0,81,74,0.0,0.0
P10,2025_Japan_GP,0.4,27,Overtake battles,HIGHLIGHT,13,81,74,0.16049382716049382,0.17567567567567569
P10,2025_Japan_GP,0.4,28,Corner battles,HIGHLIGHT,1,81,74,0.012345679012345678,0.013513513513513514
P10,2025_Japan_GP,0.4,29,Corner specific moves,HIGHLIGHT,0,81,74,0.0,0.0
P10,2025_Japan_GP,0.4,30,Lap pace & timing,HIGHLIGHT,2,81,74,0.024691358024691357,0.02702702702702703
P10,2025_Japan_GP,0.4,31,Race leader changes,HIGHLIGHT,4,81,74,0.04938271604938271,0.05405405405405406
P10,2025_Japan_GP,0.4,32,Front position changes,HIGHLIGHT,0,81,74,0.0,0.0
P10,2025_Japan_GP,0.4,33,Field position changes,HIGHLIGHT,3,81,74,0.037037037037037035,0.04054054054054054
P10,2025_Japan_GP,0.4,0,DRS-assisted battles,FULL_RACE,23,1547,1175,0.014867485455720749,0.01957446808510638
P10,2025_Japan_GP,0.4,1,Time penalties,FULL_RACE,6,1547,1175,0.003878474466709761,0.005106382978723404
P10,2025_Japan_GP,0.4,2,Lights-out race starts,FULL_RACE,8,1547,1175,0.005171299288946348,0.006808510638297872
P10,2025_Japan_GP,0.4,3,Mirror checks defending,FULL_RACE,4,1547,1175,0.002585649644473174,0.003404255319148936
P10,2025_Japan_GP,0.4,4,Race start launch,FULL_RACE,5,1547,1175,0.003232062055591467,0.00425531914893617
P10,2025_Japan_GP,0.4,5,Weather conditions,FULL_RACE,22,1547,1175,0.014221073044602456,0.01872340425531915
P10,2025_Japan_GP,0.4,6,Grand Prix wins,FULL_RACE,75,1547,1175,0.04848093083387201,0.06382978723404255
P10,2025_Japan_GP,0.4,7,Race start lights,FULL_RACE,4,1547,1175,0.002585649644473174,0.003404255319148936
P10,2025_Japan_GP,0.4,8,Race control flags,FULL_RACE,11,1547,1175,0.007110536522301228,0.009361702127659575
P10,2025_Japan_GP,0.4,9,Formula 1 milestones,FULL_RACE,23,1547,1175,0.014867485455720749,0.01957446808510638
P10,2025_Japan_GP,0.4,10,Chicane moves,FULL_RACE,14,1547,1175,0.00904977375565611,0.011914893617021277
P10,2025_Japan_GP,0.4,11,Team radio celebrations,FULL_RACE,15,1547,1175,0.009696186166774402,0.01276595744680851
P10,2025_Japan_GP,0.4,12,Podium finishes,FULL_RACE,20,1547,1175,0.012928248222365869,0.01702127659574468
P10,2025_Japan_GP,0.4,13,Championship & title,FULL_RACE,56,1547,1175,0.03619909502262444,0.04765957446808511
P10,2025_Japan_GP,0.4,14,Pit stops,FULL_RACE,63,1547,1175,0.04072398190045249,0.05361702127659575
P10,2025_Japan_GP,0.4,15,Tires & compounds,FULL_RACE,64,1547,1175,0.04137039431157078,0.05446808510638298
P10,2025_Japan_GP,0.4,16,Safety car deployment,FULL_RACE,12,1547,1175,0.007756948933419522,0.010212765957446808
P10,2025_Japan_GP,0.4,17,Gap & pace,FULL_RACE,46,1547,1175,0.029734970911441498,0.03914893617021276
P10,2025_Japan_GP,0.4,18,Team dynamics,FULL_RACE,116,1547,1175,0.07498383968972204,0.09872340425531916
P10,2025_Japan_GP,0.4,19,Race lead holding,FULL_RACE,5,1547,1175,0.003232062055591467,0.00425531914893617
P10,2025_Japan_GP,0.4,20,Wing & car damage,FULL_RACE,11,1547,1175,0.007110536522301228,0.009361702127659575
P10,2025_Japan_GP,0.4,21,Braking & lockups,FULL_RACE,31,1547,1175,0.0200387847446671,0.026382978723404255
P10,2025_Japan_GP,0.4,22,Wheel-to-wheel,FULL_RACE,5,1547,1175,0.003232062055591467,0.00425531914893617
P10,2025_Japan_GP,0.4,23,Circuit action,FULL_RACE,46,1547,1175,0.029734970911441498,0.03914893617021276
P10,2025_Japan_GP,0.4,24,Inter-car distance,FULL_RACE,36,1547,1175,0.023270846800258566,0.030638297872340424
P10,2025_Japan_GP,0.4,25,Driver & team references,FULL_RACE,53,1547,1175,0.03425985778926956,0.0451063829787234
P10,2025_Japan_GP,0.4,26,Defending & attacking,FULL_RACE,14,1547,1175,0.00904977375565611,0.011914893617021277
P10,2025_Japan_GP,0.4,27,Overtake battles,FULL_RACE,186,1547,1175,0.12023270846800259,0.15829787234042553
P10,2025_Japan_GP,0.4,28,Corner battles,FULL_RACE,8,1547,1175,0.005171299288946348,0.006808510638297872
P10,2025_Japan_GP,0.4,29,Corner specific moves,FULL_RACE,10,1547,1175,0.006464124111182934,0.00851063829787234
P10,2025_Japan_GP,0.4,30,Lap pace & timing,FULL_RACE,43,1547,1175,0.027795733678086618,0.03659574468085106
P10,2025_Japan_GP,0.4,31,Race leader changes,FULL_RACE,81,1547,1175,0.05235940530058177,0.06893617021276596
P10,2025_Japan_GP,0.4,32,Front position changes,FULL_RACE,17,1547,1175,0.01098901098901099,0.01446808510638298
P10,2025_Japan_GP,0.4,33,Field position changes,FULL_RACE,42,1547,1175,0.027149321266968326,0.03574468085106383
P01,2023_Australia_GP,0.45,0,DRS-assisted battles,HIGHLIGHT,2,68,65,0.029411764705882353,0.03076923076923077
P01,2023_Australia_GP,0.45,1,Time penalties,HIGHLIGHT,0,68,65,0.0,0.0
P01,2023_Australia_GP,0.45,2,Lights-out race starts,HIGHLIGHT,0,68,65,0.0,0.0
P01,2023_Australia_GP,0.45,3,Mirror checks defending,HIGHLIGHT,1,68,65,0.014705882352941176,0.015384615384615385
P01,2023_Australia_GP,0.45,4,Race start launch,HIGHLIGHT,0,68,65,0.0,0.0
P01,2023_Australia_GP,0.45,5,Weather conditions,HIGHLIGHT,0,68,65,0.0,0.0
P01,2023_Australia_GP,0.45,6,Grand Prix wins,HIGHLIGHT,6,68,65,0.08823529411764706,0.09230769230769231
P01,2023_Australia_GP,0.45,7,Race start lights,HIGHLIGHT,0,68,65,0.0,0.0
P01,2023_Australia_GP,0.45,8,Race control flags,HIGHLIGHT,2,68,65,0.029411764705882353,0.03076923076923077
P01,2023_Australia_GP,0.45,9,Formula 1 milestones,HIGHLIGHT,1,68,65,0.014705882352941176,0.015384615384615385
P01,2023_Australia_GP,0.45,10,Chicane moves,HIGHLIGHT,0,68,65,0.0,0.0
P01,2023_Australia_GP,0.45,11,Team radio celebrations,HIGHLIGHT,0,68,65,0.0,0.0
P01,2023_Australia_GP,0.45,12,Podium finishes,HIGHLIGHT,0,68,65,0.0,0.0
P01,2023_Australia_GP,0.45,13,Championship & title,HIGHLIGHT,1,68,65,0.014705882352941176,0.015384615384615385
P01,2023_Australia_GP,0.45,14,Pit stops,HIGHLIGHT,1,68,65,0.014705882352941176,0.015384615384615385
P01,2023_Australia_GP,0.45,15,Tires & compounds,HIGHLIGHT,0,68,65,0.0,0.0
P01,2023_Australia_GP,0.45,16,Safety car deployment,HIGHLIGHT,2,68,65,0.029411764705882353,0.03076923076923077
P01,2023_Australia_GP,0.45,17,Gap & pace,HIGHLIGHT,1,68,65,0.014705882352941176,0.015384615384615385
P01,2023_Australia_GP,0.45,18,Team dynamics,HIGHLIGHT,3,68,65,0.04411764705882353,0.046153846153846156
P01,2023_Australia_GP,0.45,19,Race lead holding,HIGHLIGHT,1,68,65,0.014705882352941176,0.015384615384615385
P01,2023_Australia_GP,0.45,20,Wing & car damage,HIGHLIGHT,2,68,65,0.029411764705882353,0.03076923076923077
P01,2023_Australia_GP,0.45,21,Braking & lockups,HIGHLIGHT,2,68,65,0.029411764705882353,0.03076923076923077
P01,2023_Australia_GP,0.45,22,Wheel-to-wheel,HIGHLIGHT,3,68,65,0.04411764705882353,0.046153846153846156
P01,2023_Australia_GP,0.45,23,Circuit action,HIGHLIGHT,3,68,65,0.04411764705882353,0.046153846153846156
P01,2023_Australia_GP,0.45,24,Inter-car distance,HIGHLIGHT,4,68,65,0.058823529411764705,0.06153846153846154
P01,2023_Australia_GP,0.45,25,Driver & team references,HIGHLIGHT,4,68,65,0.058823529411764705,0.06153846153846154
P01,2023_Australia_GP,0.45,26,Defending & attacking,HIGHLIGHT,3,68,65,0.04411764705882353,0.046153846153846156
P01,2023_Australia_GP,0.45,27,Overtake battles,HIGHLIGHT,11,68,65,0.16176470588235295,0.16923076923076924
P01,2023_Australia_GP,0.45,28,Corner battles,HIGHLIGHT,3,68,65,0.04411764705882353,0.046153846153846156
P01,2023_Australia_GP,0.45,29,Corner specific moves,HIGHLIGHT,4,68,65,0.058823529411764705,0.06153846153846154
P01,2023_Australia_GP,0.45,30,Lap pace & timing,HIGHLIGHT,0,68,65,0.0,0.0
P01,2023_Australia_GP,0.45,31,Race leader changes,HIGHLIGHT,1,68,65,0.014705882352941176,0.015384615384615385
P01,2023_Australia_GP,0.45,32,Front position changes,HIGHLIGHT,2,68,65,0.029411764705882353,0.03076923076923077
P01,2023_Australia_GP,0.45,33,Field position changes,HIGHLIGHT,2,68,65,0.029411764705882353,0.03076923076923077
P01,2023_Australia_GP,0.45,0,DRS-assisted battles,FULL_RACE,62,2466,1608,0.025141930251419302,0.03855721393034826
P01,2023_Australia_GP,0.45,1,Time penalties,FULL_RACE,19,2466,1608,0.007704785077047851,0.01181592039800995
P01,2023_Australia_GP,0.45,2,Lights-out race starts,FULL_RACE,6,2466,1608,0.0024330900243309003,0.0037313432835820895
P01,2023_Australia_GP,0.45,3,Mirror checks defending,FULL_RACE,9,2466,1608,0.0036496350364963502,0.005597014925373134
P01,2023_Australia_GP,0.45,4,Race start launch,FULL_RACE,7,2466,1608,0.00283860502838605,0.004353233830845771
P01,2023_Australia_GP,0.45,5,Weather conditions,FULL_RACE,6,2466,1608,0.0024330900243309003,0.0037313432835820895
P01,2023_Australia_GP,0.45,6,Grand Prix wins,FULL_RACE,109,2466,1608,0.044201135442011354,0.06778606965174129
P01,2023_Australia_GP,0.45,7,Race start lights,FULL_RACE,8,2466,1608,0.0032441200324412004,0.004975124378109453
P01,2023_Australia_GP,0.45,8,Race control flags,FULL_RACE,50,2466,1608,0.0202757502027575,0.03109452736318408
P01,2023_Australia_GP,0.45,9,Formula 1 milestones,FULL_RACE,29,2466,1608,0.011759935117599351,0.018034825870646767
P01,2023_Australia_GP,0.45,10,Chicane moves,FULL_RACE,5,2466,1608,0.00202757502027575,0.003109452736318408
P01,2023_Australia_GP,0.45,11,Team radio celebrations,FULL_RACE,17,2466,1608,0.006893755068937551,0.010572139303482588
P01,2023_Australia_GP,0.45,12,Podium finishes,FULL_RACE,41,2466,1608,0.01662611516626115,0.025497512437810944
P01,2023_Australia_GP,0.45,13,Championship & title,FULL_RACE,48,2466,1608,0.019464720194647202,0.029850746268656716
P01,2023_Australia_GP,0.45,14,Pit stops,FULL_RACE,41,2466,1608,0.01662611516626115,0.025497512437810944
P01,2023_Australia_GP,0.45,15,Tires & compounds,FULL_RACE,75,2466,1608,0.030413625304136254,0.04664179104477612
P01,2023_Australia_GP,0.45,16,Safety car deployment,FULL_RACE,73,2466,1608,0.029602595296025953,0.04539800995024876
P01,2023_Australia_GP,0.45,17,Gap & pace,FULL_RACE,42,2466,1608,0.0170316301703163,0.026119402985074626
P01,2023_Australia_GP,0.45,18,Team dynamics,FULL_RACE,130,2466,1608,0.05271695052716951,0.08084577114427861
P01,2023_Australia_GP,0.45,19,Race lead holding,FULL_RACE,16,2466,1608,0.006488240064882401,0.009950248756218905
P01,2023_Australia_GP,0.45,20,Wing & car damage,FULL_RACE,20,2466,1608,0.008110300081103,0.012437810945273632
P01,2023_Australia_GP,0.45,21,Braking & lockups,FULL_RACE,45,2466,1608,0.01824817518248175,0.027985074626865673
P01,2023_Australia_GP,0.45,22,Wheel-to-wheel,FULL_RACE,22,2466,1608,0.008921330089213302,0.013681592039800995
P01,2023_Australia_GP,0.45,23,Circuit action,FULL_RACE,42,2466,1608,0.0170316301703163,0.026119402985074626
P01,2023_Australia_GP,0.45,24,Inter-car distance,FULL_RACE,40,2466,1608,0.016220600162206,0.024875621890547265
P01,2023_Australia_GP,0.45,25,Driver & team references,FULL_RACE,48,2466,1608,0.019464720194647202,0.029850746268656716
P01,2023_Australia_GP,0.45,26,Defending & attacking,FULL_RACE,26,2466,1608,0.010543390105433901,0.01616915422885572
P01,2023_Australia_GP,0.45,27,Overtake battles,FULL_RACE,261,2466,1608,0.10583941605839416,0.1623134328358209
P01,2023_Australia_GP,0.45,28,Corner battles,FULL_RACE,33,2466,1608,0.01338199513381995,0.020522388059701493
P01,2023_Australia_GP,0.45,29,Corner specific moves,FULL_RACE,22,2466,1608,0.008921330089213302,0.013681592039800995
P01,2023_Australia_GP,0.45,30,Lap pace & timing,FULL_RACE,55,2466,1608,0.022303325223033254,0.034203980099502485
P01,2023_Australia_GP,0.45,31,Race leader changes,FULL_RACE,91,2466,1608,0.036901865369018655,0.056592039800995024
P01,2023_Australia_GP,0.45,32,Front position changes,FULL_RACE,37,2466,1608,0.015004055150040552,0.023009950248756218
P01,2023_Australia_GP,0.45,33,Field position changes,FULL_RACE,73,2466,1608,0.029602595296025953,0.04539800995024876
P02,2023_Qatar_GP,0.45,0,DRS-assisted battles,HIGHLIGHT,0,50,47,0.0,0.0
P02,2023_Qatar_GP,0.45,1,Time penalties,HIGHLIGHT,1,50,47,0.02,0.02127659574468085
P02,2023_Qatar_GP,0.45,2,Lights-out race starts,HIGHLIGHT,0,50,47,0.0,0.0
P02,2023_Qatar_GP,0.45,3,Mirror checks defending,HIGHLIGHT,1,50,47,0.02,0.02127659574468085
P02,2023_Qatar_GP,0.45,4,Race start launch,HIGHLIGHT,1,50,47,0.02,0.02127659574468085
P02,2023_Qatar_GP,0.45,5,Weather conditions,HIGHLIGHT,1,50,47,0.02,0.02127659574468085
P02,2023_Qatar_GP,0.45,6,Grand Prix wins,HIGHLIGHT,4,50,47,0.08,0.0851063829787234
P02,2023_Qatar_GP,0.45,7,Race start lights,HIGHLIGHT,0,50,47,0.0,0.0
P02,2023_Qatar_GP,0.45,8,Race control flags,HIGHLIGHT,0,50,47,0.0,0.0
P02,2023_Qatar_GP,0.45,9,Formula 1 milestones,HIGHLIGHT,1,50,47,0.02,0.02127659574468085
P02,2023_Qatar_GP,0.45,10,Chicane moves,HIGHLIGHT,0,50,47,0.0,0.0
P02,2023_Qatar_GP,0.45,11,Team radio celebrations,HIGHLIGHT,0,50,47,0.0,0.0
P02,2023_Qatar_GP,0.45,12,Podium finishes,HIGHLIGHT,1,50,47,0.02,0.02127659574468085
P02,2023_Qatar_GP,0.45,13,Championship & title,HIGHLIGHT,1,50,47,0.02,0.02127659574468085
P02,2023_Qatar_GP,0.45,14,Pit stops,HIGHLIGHT,2,50,47,0.04,0.0425531914893617
P02,2023_Qatar_GP,0.45,15,Tires & compounds,HIGHLIGHT,3,50,47,0.06,0.06382978723404255
P02,2023_Qatar_GP,0.45,16,Safety car deployment,HIGHLIGHT,1,50,47,0.02,0.02127659574468085
P02,2023_Qatar_GP,0.45,17,Gap & pace,HIGHLIGHT,0,50,47,0.0,0.0
P02,2023_Qatar_GP,0.45,18,Team dynamics,HIGHLIGHT,7,50,47,0.14,0.14893617021276595
P02,2023_Qatar_GP,0.45,19,Race lead holding,HIGHLIGHT,0,50,47,0.0,0.0
P02,2023_Qatar_GP,0.45,20,Wing & car damage,HIGHLIGHT,0,50,47,0.0,0.0
P02,2023_Qatar_GP,0.45,21,Braking & lockups,HIGHLIGHT,5,50,47,0.1,0.10638297872340426
P02,2023_Qatar_GP,0.45,22,Wheel-to-wheel,HIGHLIGHT,3,50,47,0.06,0.06382978723404255
P02,2023_Qatar_GP,0.45,23,Circuit action,HIGHLIGHT,1,50,47,0.02,0.02127659574468085
P02,2023_Qatar_GP,0.45,24,Inter-car distance,HIGHLIGHT,0,50,47,0.0,0.0
P02,2023_Qatar_GP,0.45,25,Driver & team references,HIGHLIGHT,2,50,47,0.04,0.0425531914893617
P02,2023_Qatar_GP,0.45,26,Defending & attacking,HIGHLIGHT,3,50,47,0.06,0.06382978723404255
P02,2023_Qatar_GP,0.45,27,Overtake battles,HIGHLIGHT,2,50,47,0.04,0.0425531914893617
P02,2023_Qatar_GP,0.45,28,Corner battles,HIGHLIGHT,0,50,47,0.0,0.0
P02,2023_Qatar_GP,0.45,29,Corner specific moves,HIGHLIGHT,1,50,47,0.02,0.02127659574468085
P02,2023_Qatar_GP,0.45,30,Lap pace & timing,HIGHLIGHT,2,50,47,0.04,0.0425531914893617
P02,2023_Qatar_GP,0.45,31,Race leader changes,HIGHLIGHT,0,50,47,0.0,0.0
P02,2023_Qatar_GP,0.45,32,Front position changes,HIGHLIGHT,2,50,47,0.04,0.0425531914893617
P02,2023_Qatar_GP,0.45,33,Field position changes,HIGHLIGHT,2,50,47,0.04,0.0425531914893617
P02,2023_Qatar_GP,0.45,0,DRS-assisted battles,FULL_RACE,4,1336,848,0.0029940119760479044,0.0047169811320754715
P02,2023_Qatar_GP,0.45,1,Time penalties,FULL_RACE,39,1336,848,0.029191616766467067,0.045990566037735846
P02,2023_Qatar_GP,0.45,2,Lights-out race starts,FULL_RACE,1,1336,848,0.0007485029940119761,0.0011792452830188679
P02,2023_Qatar_GP,0.45,3,Mirror checks defending,FULL_RACE,1,1336,848,0.0007485029940119761,0.0011792452830188679
P02,2023_Qatar_GP,0.45,4,Race start launch,FULL_RACE,1,1336,848,0.0007485029940119761,0.0011792452830188679
P02,2023_Qatar_GP,0.45,5,Weather conditions,FULL_RACE,3,1336,848,0.002245508982035928,0.003537735849056604
P02,2023_Qatar_GP,0.45,6,Grand Prix wins,FULL_RACE,80,1336,848,0.059880239520958084,0.09433962264150944
P02,2023_Qatar_GP,0.45,7,Race start lights,FULL_RACE,2,1336,848,0.0014970059880239522,0.0023584905660377358
P02,2023_Qatar_GP,0.45,8,Race control flags,FULL_RACE,11,1336,848,0.008233532934131737,0.012971698113207548
P02,2023_Qatar_GP,0.45,9,Formula 1 milestones,FULL_RACE,19,1336,848,0.014221556886227544,0.02240566037735849
P02,2023_Qatar_GP,0.45,10,Chicane moves,FULL_RACE,0,1336,848,0.0,0.0
P02,2023_Qatar_GP,0.45,11,Team radio celebrations,FULL_RACE,13,1336,848,0.009730538922155689,0.015330188679245283
P02,2023_Qatar_GP,0.45,12,Podium finishes,FULL_RACE,16,1336,848,0.011976047904191617,0.018867924528301886
P02,2023_Qatar_GP,0.45,13,Championship & title,FULL_RACE,23,1336,848,0.01721556886227545,0.027122641509433963
P02,2023_Qatar_GP,0.45,14,Pit stops,FULL_RACE,36,1336,848,0.02694610778443114,0.04245283018867924
P02,2023_Qatar_GP,0.45,15,Tires & compounds,FULL_RACE,106,1336,848,0.07934131736526946,0.125
P02,2023_Qatar_GP,0.45,16,Safety car deployment,FULL_RACE,12,1336,848,0.008982035928143712,0.014150943396226415
P02,2023_Qatar_GP,0.45,17,Gap & pace,FULL_RACE,27,1336,848,0.020209580838323353,0.031839622641509434
P02,2023_Qatar_GP,0.45,18,Team dynamics,FULL_RACE,80,1336,848,0.059880239520958084,0.09433962264150944
P02,2023_Qatar_GP,0.45,19,Race lead holding,FULL_RACE,6,1336,848,0.004491017964071856,0.007075471698113208
P02,2023_Qatar_GP,0.45,20,Wing & car damage,FULL_RACE,10,1336,848,0.0074850299401197605,0.01179245283018868
P02,2023_Qatar_GP,0.45,21,Braking & lockups,FULL_RACE,19,1336,848,0.014221556886227544,0.02240566037735849
P02,2023_Qatar_GP,0.45,22,Wheel-to-wheel,FULL_RACE,9,1336,848,0.006736526946107785,0.01061320754716981
P02,2023_Qatar_GP,0.45,23,Circuit action,FULL_RACE,21,1336,848,0.015718562874251496,0.024764150943396228
P02,2023_Qatar_GP,0.45,24,Inter-car distance,FULL_RACE,9,1336,848,0.006736526946107785,0.01061320754716981
P02,2023_Qatar_GP,0.45,25,Driver & team references,FULL_RACE,46,1336,848,0.0344311377245509,0.054245283018867926
P02,2023_Qatar_GP,0.45,26,Defending & attacking,FULL_RACE,14,1336,848,0.010479041916167664,0.01650943396226415
P02,2023_Qatar_GP,0.45,27,Overtake battles,FULL_RACE,99,1336,848,0.07410179640718563,0.11674528301886793
P02,2023_Qatar_GP,0.45,28,Corner battles,FULL_RACE,11,1336,848,0.008233532934131737,0.012971698113207548
P02,2023_Qatar_GP,0.45,29,Corner specific moves,FULL_RACE,4,1336,848,0.0029940119760479044,0.0047169811320754715
P02,2023_Qatar_GP,0.45,30,Lap pace & timing,FULL_RACE,35,1336,848,0.02619760479041916,0.041273584905660375
P02,2023_Qatar_GP,0.45,31,Race leader changes,FULL_RACE,47,1336,848,0.035179640718562874,0.055424528301886794
P02,2023_Qatar_GP,0.45,32,Front position changes,FULL_RACE,20,1336,848,0.014970059880239521,0.02358490566037736
P02,2023_Qatar_GP,0.45,33,Field position changes,FULL_RACE,24,1336,848,0.017964071856287425,0.02830188679245283
P03,2023_Singapore_GP,0.45,0,DRS-assisted battles,HIGHLIGHT,3,60,59,0.05,0.05084745762711865
P03,2023_Singapore_GP,0.45,1,Time penalties,HIGHLIGHT,0,60,59,0.0,0.0
P03,2023_Singapore_GP,0.45,2,Lights-out race starts,HIGHLIGHT,0,60,59,0.0,0.0
P03,2023_Singapore_GP,0.45,3,Mirror checks defending,HIGHLIGHT,0,60,59,0.0,0.0
P03,2023_Singapore_GP,0.45,4,Race start launch,HIGHLIGHT,1,60,59,0.016666666666666666,0.01694915254237288
P03,2023_Singapore_GP,0.45,5,Weather conditions,HIGHLIGHT,0,60,59,0.0,0.0
P03,2023_Singapore_GP,0.45,6,Grand Prix wins,HIGHLIGHT,6,60,59,0.1,0.1016949152542373
P03,2023_Singapore_GP,0.45,7,Race start lights,HIGHLIGHT,0,60,59,0.0,0.0
P03,2023_Singapore_GP,0.45,8,Race control flags,HIGHLIGHT,0,60,59,0.0,0.0
P03,2023_Singapore_GP,0.45,9,Formula 1 milestones,HIGHLIGHT,3,60,59,0.05,0.05084745762711865
P03,2023_Singapore_GP,0.45,10,Chicane moves,HIGHLIGHT,0,60,59,0.0,0.0
P03,2023_Singapore_GP,0.45,11,Team radio celebrations,HIGHLIGHT,0,60,59,0.0,0.0
P03,2023_Singapore_GP,0.45,12,Podium finishes,HIGHLIGHT,1,60,59,0.016666666666666666,0.01694915254237288
P03,2023_Singapore_GP,0.45,13,Championship & title,HIGHLIGHT,1,60,59,0.016666666666666666,0.01694915254237288
P03,2023_Singapore_GP,0.45,14,Pit stops,HIGHLIGHT,3,60,59,0.05,0.05084745762711865
P03,2023_Singapore_GP,0.45,15,Tires & compounds,HIGHLIGHT,0,60,59,0.0,0.0
P03,2023_Singapore_GP,0.45,16,Safety car deployment,HIGHLIGHT,2,60,59,0.03333333333333333,0.03389830508474576
P03,2023_Singapore_GP,0.45,17,Gap & pace,HIGHLIGHT,1,60,59,0.016666666666666666,0.01694915254237288
P03,2023_Singapore_GP,0.45,18,Team dynamics,HIGHLIGHT,8,60,59,0.13333333333333333,0.13559322033898305
P03,2023_Singapore_GP,0.45,19,Race lead holding,HIGHLIGHT,1,60,59,0.016666666666666666,0.01694915254237288
P03,2023_Singapore_GP,0.45,20,Wing & car damage,HIGHLIGHT,0,60,59,0.0,0.0
P03,2023_Singapore_GP,0.45,21,Braking & lockups,HIGHLIGHT,2,60,59,0.03333333333333333,0.03389830508474576
P03,2023_Singapore_GP,0.45,22,Wheel-to-wheel,HIGHLIGHT,1,60,59,0.016666666666666666,0.01694915254237288
P03,2023_Singapore_GP,0.45,23,Circuit action,HIGHLIGHT,1,60,59,0.016666666666666666,0.01694915254237288
P03,2023_Singapore_GP,0.45,24,Inter-car distance,HIGHLIGHT,1,60,59,0.016666666666666666,0.01694915254237288
P03,2023_Singapore_GP,0.45,25,Driver & team references,HIGHLIGHT,4,60,59,0.06666666666666667,0.06779661016949153
P03,2023_Singapore_GP,0.45,26,Defending & attacking,HIGHLIGHT,1,60,59,0.016666666666666666,0.01694915254237288
P03,2023_Singapore_GP,0.45,27,Overtake battles,HIGHLIGHT,9,60,59,0.15,0.15254237288135594
P03,2023_Singapore_GP,0.45,28,Corner battles,HIGHLIGHT,2,60,59,0.03333333333333333,0.03389830508474576
P03,2023_Singapore_GP,0.45,29,Corner specific moves,HIGHLIGHT,0,60,59,0.0,0.0
P03,2023_Singapore_GP,0.45,30,Lap pace & timing,HIGHLIGHT,1,60,59,0.016666666666666666,0.01694915254237288
P03,2023_Singapore_GP,0.45,31,Race leader changes,HIGHLIGHT,3,60,59,0.05,0.05084745762711865
P03,2023_Singapore_GP,0.45,32,Front position changes,HIGHLIGHT,4,60,59,0.06666666666666667,0.06779661016949153
P03,2023_Singapore_GP,0.45,33,Field position changes,HIGHLIGHT,0,60,59,0.0,0.0
P03,2023_Singapore_GP,0.45,0,DRS-assisted battles,FULL_RACE,39,1635,1229,0.023853211009174313,0.03173311635475997
P03,2023_Singapore_GP,0.45,1,Time penalties,FULL_RACE,10,1635,1229,0.0061162079510703364,0.008136696501220505
P03,2023_Singapore_GP,0.45,2,Lights-out race starts,FULL_RACE,1,1635,1229,0.0006116207951070336,0.0008136696501220504
P03,2023_Singapore_GP,0.45,3,Mirror checks defending,FULL_RACE,3,1635,1229,0.001834862385321101,0.0024410089503661514
P03,2023_Singapore_GP,0.45,4,Race start launch,FULL_RACE,2,1635,1229,0.0012232415902140672,0.0016273393002441008
P03,2023_Singapore_GP,0.45,5,Weather conditions,FULL_RACE,3,1635,1229,0.001834862385321101,0.0024410089503661514
P03,2023_Singapore_GP,0.45,6,Grand Prix wins,FULL_RACE,94,1635,1229,0.05749235474006116,0.07648494711147275
P03,2023_Singapore_GP,0.45,7,Race start lights,FULL_RACE,3,1635,1229,0.001834862385321101,0.0024410089503661514
P03,2023_Singapore_GP,0.45,8,Race control flags,FULL_RACE,14,1635,1229,0.00856269113149847,0.011391375101708706
P03,2023_Singapore_GP,0.45,9,Formula 1 milestones,FULL_RACE,20,1635,1229,0.012232415902140673,0.01627339300244101
P03,2023_Singapore_GP,0.45,10,Chicane moves,FULL_RACE,0,1635,1229,0.0,0.0
P03,2023_Singapore_GP,0.45,11,Team radio celebrations,FULL_RACE,10,1635,1229,0.0061162079510703364,0.008136696501220505
P03,2023_Singapore_GP,0.45,12,Podium finishes,FULL_RACE,28,1635,1229,0.01712538226299694,0.022782750203417412
P03,2023_Singapore_GP,0.45,13,Championship & title,FULL_RACE,36,1635,1229,0.022018348623853212,0.029292107404393815
P03,2023_Singapore_GP,0.45,14,Pit stops,FULL_RACE,51,1635,1229,0.031192660550458717,0.04149715215622457
P03,2023_Singapore_GP,0.45,15,Tires & compounds,FULL_RACE,103,1635,1229,0.06299694189602446,0.0838079739625712
P03,2023_Singapore_GP,0.45,16,Safety car deployment,FULL_RACE,45,1635,1229,0.027522935779816515,0.03661513425549227
P03,2023_Singapore_GP,0.45,17,Gap & pace,FULL_RACE,51,1635,1229,0.031192660550458717,0.04149715215622457
P03,2023_Singapore_GP,0.45,18,Team dynamics,FULL_RACE,106,1635,1229,0.06483180428134556,0.08624898291293735
P03,2023_Singapore_GP,0.45,19,Race lead holding,FULL_RACE,6,1635,1229,0.003669724770642202,0.004882017900732303
P03,2023_Singapore_GP,0.45,20,Wing & car damage,FULL_RACE,15,1635,1229,0.009174311926605505,0.012205044751830757
P03,2023_Singapore_GP,0.45,21,Braking & lockups,FULL_RACE,34,1635,1229,0.020795107033639144,0.027664768104149716
P03,2023_Singapore_GP,0.45,22,Wheel-to-wheel,FULL_RACE,3,1635,1229,0.001834862385321101,0.0024410089503661514
P03,2023_Singapore_GP,0.45,23,Circuit action,FULL_RACE,38,1635,1229,0.023241590214067277,0.030919446704637917
P03,2023_Singapore_GP,0.45,24,Inter-car distance,FULL_RACE,36,1635,1229,0.022018348623853212,0.029292107404393815
P03,2023_Singapore_GP,0.45,25,Driver & team references,FULL_RACE,55,1635,1229,0.03363914373088685,0.044751830756712775
P03,2023_Singapore_GP,0.45,26,Defending & attacking,FULL_RACE,29,1635,1229,0.017737003058103974,0.023596419853539462
P03,2023_Singapore_GP,0.45,27,Overtake battles,FULL_RACE,193,1635,1229,0.1180428134556575,0.15703824247355574
P03,2023_Singapore_GP,0.45,28,Corner battles,FULL_RACE,5,1635,1229,0.0030581039755351682,0.0040683482506102524
P03,2023_Singapore_GP,0.45,29,Corner specific moves,FULL_RACE,16,1635,1229,0.009785932721712538,0.013018714401952807
P03,2023_Singapore_GP,0.45,30,Lap pace & timing,FULL_RACE,52,1635,1229,0.031804281345565746,0.04231082180634662
P03,2023_Singapore_GP,0.45,31,Race leader changes,FULL_RACE,70,1635,1229,0.04281345565749235,0.05695687550854353
P03,2023_Singapore_GP,0.45,32,Front position changes,FULL_RACE,33,1635,1229,0.02018348623853211,0.026851098454027666
P03,2023_Singapore_GP,0.45,33,Field position changes,FULL_RACE,25,1635,1229,0.01529051987767584,0.02034174125305126
P04,2024_Bahrain_GP,0.45,0,DRS-assisted battles,HIGHLIGHT,0,72,65,0.0,0.0
P04,2024_Bahrain_GP,0.45,1,Time penalties,HIGHLIGHT,0,72,65,0.0,0.0
P04,2024_Bahrain_GP,0.45,2,Lights-out race starts,HIGHLIGHT,0,72,65,0.0,0.0
P04,2024_Bahrain_GP,0.45,3,Mirror checks defending,HIGHLIGHT,1,72,65,0.013888888888888888,0.015384615384615385
P04,2024_Bahrain_GP,0.45,4,Race start launch,HIGHLIGHT,0,72,65,0.0,0.0
P04,2024_Bahrain_GP,0.45,5,Weather conditions,HIGHLIGHT,0,72,65,0.0,0.0
P04,2024_Bahrain_GP,0.45,6,Grand Prix wins,HIGHLIGHT,5,72,65,0.06944444444444445,0.07692307692307693
P04,2024_Bahrain_GP,0.45,7,Race start lights,HIGHLIGHT,1,72,65,0.013888888888888888,0.015384615384615385
P04,2024_Bahrain_GP,0.45,8,Race control flags,HIGHLIGHT,0,72,65,0.0,0.0
P04,2024_Bahrain_GP,0.45,9,Formula 1 milestones,HIGHLIGHT,1,72,65,0.013888888888888888,0.015384615384615385
P04,2024_Bahrain_GP,0.45,10,Chicane moves,HIGHLIGHT,0,72,65,0.0,0.0
P04,2024_Bahrain_GP,0.45,11,Team radio celebrations,HIGHLIGHT,0,72,65,0.0,0.0
P04,2024_Bahrain_GP,0.45,12,Podium finishes,HIGHLIGHT,0,72,65,0.0,0.0
P04,2024_Bahrain_GP,0.45,13,Championship & title,HIGHLIGHT,1,72,65,0.013888888888888888,0.015384615384615385
P04,2024_Bahrain_GP,0.45,14,Pit stops,HIGHLIGHT,2,72,65,0.027777777777777776,0.03076923076923077
P04,2024_Bahrain_GP,0.45,15,Tires & compounds,HIGHLIGHT,2,72,65,0.027777777777777776,0.03076923076923077
P04,2024_Bahrain_GP,0.45,16,Safety car deployment,HIGHLIGHT,0,72,65,0.0,0.0
P04,2024_Bahrain_GP,0.45,17,Gap & pace,HIGHLIGHT,0,72,65,0.0,0.0
P04,2024_Bahrain_GP,0.45,18,Team dynamics,HIGHLIGHT,15,72,65,0.20833333333333334,0.23076923076923078
P04,2024_Bahrain_GP,0.45,19,Race lead holding,HIGHLIGHT,3,72,65,0.041666666666666664,0.046153846153846156
P04,2024_Bahrain_GP,0.45,20,Wing & car damage,HIGHLIGHT,0,72,65,0.0,0.0
P04,2024_Bahrain_GP,0.45,21,Braking & lockups,HIGHLIGHT,1,72,65,0.013888888888888888,0.015384615384615385
P04,2024_Bahrain_GP,0.45,22,Wheel-to-wheel,HIGHLIGHT,0,72,65,0.0,0.0
P04,2024_Bahrain_GP,0.45,23,Circuit action,HIGHLIGHT,0,72,65,0.0,0.0
P04,2024_Bahrain_GP,0.45,24,Inter-car distance,HIGHLIGHT,1,72,65,0.013888888888888888,0.015384615384615385
P04,2024_Bahrain_GP,0.45,25,Driver & team references,HIGHLIGHT,5,72,65,0.06944444444444445,0.07692307692307693
P04,2024_Bahrain_GP,0.45,26,Defending & attacking,HIGHLIGHT,3,72,65,0.041666666666666664,0.046153846153846156
P04,2024_Bahrain_GP,0.45,27,Overtake battles,HIGHLIGHT,12,72,65,0.16666666666666666,0.18461538461538463
P04,2024_Bahrain_GP,0.45,28,Corner battles,HIGHLIGHT,0,72,65,0.0,0.0
P04,2024_Bahrain_GP,0.45,29,Corner specific moves,HIGHLIGHT,3,72,65,0.041666666666666664,0.046153846153846156
P04,2024_Bahrain_GP,0.45,30,Lap pace & timing,HIGHLIGHT,2,72,65,0.027777777777777776,0.03076923076923077
P04,2024_Bahrain_GP,0.45,31,Race leader changes,HIGHLIGHT,4,72,65,0.05555555555555555,0.06153846153846154
P04,2024_Bahrain_GP,0.45,32,Front position changes,HIGHLIGHT,2,72,65,0.027777777777777776,0.03076923076923077
P04,2024_Bahrain_GP,0.45,33,Field position changes,HIGHLIGHT,1,72,65,0.013888888888888888,0.015384615384615385
P04,2024_Bahrain_GP,0.45,0,DRS-assisted battles,FULL_RACE,28,1322,837,0.02118003025718608,0.03345280764635603
P04,2024_Bahrain_GP,0.45,1,Time penalties,FULL_RACE,3,1322,837,0.0022692889561270802,0.0035842293906810036
P04,2024_Bahrain_GP,0.45,2,Lights-out race starts,FULL_RACE,2,1322,837,0.0015128593040847202,0.0023894862604540022
P04,2024_Bahrain_GP,0.45,3,Mirror checks defending,FULL_RACE,6,1322,837,0.0045385779122541605,0.007168458781362007
P04,2024_Bahrain_GP,0.45,4,Race start launch,FULL_RACE,2,1322,837,0.0015128593040847202,0.0023894862604540022
P04,2024_Bahrain_GP,0.45,5,Weather conditions,FULL_RACE,3,1322,837,0.0022692889561270802,0.0035842293906810036
P04,2024_Bahrain_GP,0.45,6,Grand Prix wins,FULL_RACE,64,1322,837,0.048411497730711045,0.07646356033452807
P04,2024_Bahrain_GP,0.45,7,Race start lights,FULL_RACE,2,1322,837,0.0015128593040847202,0.0023894862604540022
P04,2024_Bahrain_GP,0.45,8,Race control flags,FULL_RACE,10,1322,837,0.007564296520423601,0.011947431302270013
P04,2024_Bahrain_GP,0.45,9,Formula 1 milestones,FULL_RACE,34,1322,837,0.025718608169440244,0.04062126642771804
P04,2024_Bahrain_GP,0.45,10,Chicane moves,FULL_RACE,0,1322,837,0.0,0.0
P04,2024_Bahrain_GP,0.45,11,Team radio celebrations,FULL_RACE,13,1322,837,0.009833585476550681,0.015531660692951015
P04,2024_Bahrain_GP,0.45,12,Podium finishes,FULL_RACE,18,1322,837,0.01361573373676248,0.021505376344086023
P04,2024_Bahrain_GP,0.45,13,Championship & title,FULL_RACE,29,1322,837,0.02193645990922844,0.03464755077658303
P04,2024_Bahrain_GP,0.45,14,Pit stops,FULL_RACE,31,1322,837,0.023449319213313162,0.037037037037037035
P04,2024_Bahrain_GP,0.45,15,Tires & compounds,FULL_RACE,58,1322,837,0.04387291981845688,0.06929510155316607
P04,2024_Bahrain_GP,0.45,16,Safety car deployment,FULL_RACE,17,1322,837,0.012859304084720122,0.02031063321385902
P04,2024_Bahrain_GP,0.45,17,Gap & pace,FULL_RACE,16,1322,837,0.012102874432677761,0.019115890083632018
P04,2024_Bahrain_GP,0.45,18,Team dynamics,FULL_RACE,77,1322,837,0.058245083207261725,0.09199522102747909
P04,2024_Bahrain_GP,0.45,19,Race lead holding,FULL_RACE,4,1322,837,0.0030257186081694403,0.0047789725209080045
P04,2024_Bahrain_GP,0.45,20,Wing & car damage,FULL_RACE,10,1322,837,0.007564296520423601,0.011947431302270013
P04,2024_Bahrain_GP,0.45,21,Braking & lockups,FULL_RACE,50,1322,837,0.037821482602118005,0.05973715651135006
P04,2024_Bahrain_GP,0.45,22,Wheel-to-wheel,FULL_RACE,8,1322,837,0.006051437216338881,0.009557945041816009
P04,2024_Bahrain_GP,0.45,23,Circuit action,FULL_RACE,23,1322,837,0.01739788199697428,0.027479091995221028
P04,2024_Bahrain_GP,0.45,24,Inter-car distance,FULL_RACE,15,1322,837,0.0113464447806354,0.017921146953405017
P04,2024_Bahrain_GP,0.45,25,Driver & team references,FULL_RACE,44,1322,837,0.03328290468986384,0.052568697729988054
P04,2024_Bahrain_GP,0.45,26,Defending & attacking,FULL_RACE,14,1322,837,0.01059001512859304,0.016726403823178016
P04,2024_Bahrain_GP,0.45,27,Overtake battles,FULL_RACE,92,1322,837,0.06959152798789713,0.10991636798088411
P04,2024_Bahrain_GP,0.45,28,Corner battles,FULL_RACE,8,1322,837,0.006051437216338881,0.009557945041816009
P04,2024_Bahrain_GP,0.45,29,Corner specific moves,FULL_RACE,14,1322,837,0.01059001512859304,0.016726403823178016
P04,2024_Bahrain_GP,0.45,30,Lap pace & timing,FULL_RACE,51,1322,837,0.038577912254160365,0.06093189964157706
P04,2024_Bahrain_GP,0.45,31,Race leader changes,FULL_RACE,54,1322,837,0.04084720121028744,0.06451612903225806
P04,2024_Bahrain_GP,0.45,32,Front position changes,FULL_RACE,13,1322,837,0.009833585476550681,0.015531660692951015
P04,2024_Bahrain_GP,0.45,33,Field position changes,FULL_RACE,24,1322,837,0.018154311649016642,0.02867383512544803
P05,2024_SaoPaulo_GP,0.45,0,DRS-assisted battles,HIGHLIGHT,0,96,85,0.0,0.0
P05,2024_SaoPaulo_GP,0.45,1,Time penalties,HIGHLIGHT,3,96,85,0.03125,0.03529411764705882
P05,2024_SaoPaulo_GP,0.45,2,Lights-out race starts,HIGHLIGHT,1,96,85,0.010416666666666666,0.011764705882352941
P05,2024_SaoPaulo_GP,0.45,3,Mirror checks defending,HIGHLIGHT,0,96,85,0.0,0.0
P05,2024_SaoPaulo_GP,0.45,4,Race start launch,HIGHLIGHT,0,96,85,0.0,0.0
P05,2024_SaoPaulo_GP,0.45,5,Weather conditions,HIGHLIGHT,2,96,85,0.020833333333333332,0.023529411764705882
P05,2024_SaoPaulo_GP,0.45,6,Grand Prix wins,HIGHLIGHT,6,96,85,0.0625,0.07058823529411765
P05,2024_SaoPaulo_GP,0.45,7,Race start lights,HIGHLIGHT,1,96,85,0.010416666666666666,0.011764705882352941
P05,2024_SaoPaulo_GP,0.45,8,Race control flags,HIGHLIGHT,2,96,85,0.020833333333333332,0.023529411764705882
P05,2024_SaoPaulo_GP,0.45,9,Formula 1 milestones,HIGHLIGHT,1,96,85,0.010416666666666666,0.011764705882352941
P05,2024_SaoPaulo_GP,0.45,10,Chicane moves,HIGHLIGHT,0,96,85,0.0,0.0
P05,2024_SaoPaulo_GP,0.45,11,Team radio celebrations,HIGHLIGHT,0,96,85,0.0,0.0
P05,2024_SaoPaulo_GP,0.45,12,Podium finishes,HIGHLIGHT,2,96,85,0.020833333333333332,0.023529411764705882
P05,2024_SaoPaulo_GP,0.45,13,Championship & title,HIGHLIGHT,6,96,85,0.0625,0.07058823529411765
P05,2024_SaoPaulo_GP,0.45,14,Pit stops,HIGHLIGHT,0,96,85,0.0,0.0
P05,2024_SaoPaulo_GP,0.45,15,Tires & compounds,HIGHLIGHT,3,96,85,0.03125,0.03529411764705882
P05,2024_SaoPaulo_GP,0.45,16,Safety car deployment,HIGHLIGHT,5,96,85,0.052083333333333336,0.058823529411764705
P05,2024_SaoPaulo_GP,0.45,17,Gap & pace,HIGHLIGHT,0,96,85,0.0,0.0
P05,2024_SaoPaulo_GP,0.45,18,Team dynamics,HIGHLIGHT,6,96,85,0.0625,0.07058823529411765
P05,2024_SaoPaulo_GP,0.45,19,Race lead holding,HIGHLIGHT,2,96,85,0.020833333333333332,0.023529411764705882
P05,2024_SaoPaulo_GP,0.45,20,Wing & car damage,HIGHLIGHT,0,96,85,0.0,0.0
P05,2024_SaoPaulo_GP,0.45,21,Braking & lockups,HIGHLIGHT,1,96,85,0.010416666666666666,0.011764705882352941
P05,2024_SaoPaulo_GP,0.45,22,Wheel-to-wheel,HIGHLIGHT,3,96,85,0.03125,0.03529411764705882
P05,2024_SaoPaulo_GP,0.45,23,Circuit action,HIGHLIGHT,3,96,85,0.03125,0.03529411764705882
P05,2024_SaoPaulo_GP,0.45,24,Inter-car distance,HIGHLIGHT,0,96,85,0.0,0.0
P05,2024_SaoPaulo_GP,0.45,25,Driver & team references,HIGHLIGHT,2,96,85,0.020833333333333332,0.023529411764705882
P05,2024_SaoPaulo_GP,0.45,26,Defending & attacking,HIGHLIGHT,3,96,85,0.03125,0.03529411764705882
P05,2024_SaoPaulo_GP,0.45,27,Overtake battles,HIGHLIGHT,16,96,85,0.16666666666666666,0.18823529411764706
P05,2024_SaoPaulo_GP,0.45,28,Corner battles,HIGHLIGHT,2,96,85,0.020833333333333332,0.023529411764705882
P05,2024_SaoPaulo_GP,0.45,29,Corner specific moves,HIGHLIGHT,3,96,85,0.03125,0.03529411764705882
P05,2024_SaoPaulo_GP,0.45,30,Lap pace & timing,HIGHLIGHT,4,96,85,0.041666666666666664,0.047058823529411764
P05,2024_SaoPaulo_GP,0.45,31,Race leader changes,HIGHLIGHT,3,96,85,0.03125,0.03529411764705882
P05,2024_SaoPaulo_GP,0.45,32,Front position changes,HIGHLIGHT,1,96,85,0.010416666666666666,0.011764705882352941
P05,2024_SaoPaulo_GP,0.45,33,Field position changes,HIGHLIGHT,4,96,85,0.041666666666666664,0.047058823529411764
P05,2024_SaoPaulo_GP,0.45,0,DRS-assisted battles,FULL_RACE,3,1905,1298,0.0015748031496062992,0.0023112480739599386
P05,2024_SaoPaulo_GP,0.45,1,Time penalties,FULL_RACE,26,1905,1298,0.013648293963254593,0.020030816640986132
P05,2024_SaoPaulo_GP,0.45,2,Lights-out race starts,FULL_RACE,4,1905,1298,0.002099737532808399,0.0030816640986132513
P05,2024_SaoPaulo_GP,0.45,3,Mirror checks defending,FULL_RACE,2,1905,1298,0.0010498687664041995,0.0015408320493066256
P05,2024_SaoPaulo_GP,0.45,4,Race start launch,FULL_RACE,4,1905,1298,0.002099737532808399,0.0030816640986132513
P05,2024_SaoPaulo_GP,0.45,5,Weather conditions,FULL_RACE,121,1905,1298,0.06351706036745407,0.09322033898305085
P05,2024_SaoPaulo_GP,0.45,6,Grand Prix wins,FULL_RACE,85,1905,1298,0.04461942257217848,0.06548536209553159
P05,2024_SaoPaulo_GP,0.45,7,Race start lights,FULL_RACE,12,1905,1298,0.006299212598425197,0.009244992295839754
P05,2024_SaoPaulo_GP,0.45,8,Race control flags,FULL_RACE,31,1905,1298,0.01627296587926509,0.023882896764252697
P05,2024_SaoPaulo_GP,0.45,9,Formula 1 milestones,FULL_RACE,30,1905,1298,0.015748031496062992,0.023112480739599383
P05,2024_SaoPaulo_GP,0.45,10,Chicane moves,FULL_RACE,0,1905,1298,0.0,0.0
P05,2024_SaoPaulo_GP,0.45,11,Team radio celebrations,FULL_RACE,19,1905,1298,0.009973753280839895,0.014637904468412942
P05,2024_SaoPaulo_GP,0.45,12,Podium finishes,FULL_RACE,29,1905,1298,0.015223097112860892,0.02234206471494607
P05,2024_SaoPaulo_GP,0.45,13,Championship & title,FULL_RACE,52,1905,1298,0.027296587926509186,0.040061633281972264
P05,2024_SaoPaulo_GP,0.45,14,Pit stops,FULL_RACE,27,1905,1298,0.014173228346456693,0.020801232665639446
P05,2024_SaoPaulo_GP,0.45,15,Tires & compounds,FULL_RACE,62,1905,1298,0.03254593175853018,0.04776579352850539
P05,2024_SaoPaulo_GP,0.45,16,Safety car deployment,FULL_RACE,42,1905,1298,0.02204724409448819,0.032357473035439135
P05,2024_SaoPaulo_GP,0.45,17,Gap & pace,FULL_RACE,30,1905,1298,0.015748031496062992,0.023112480739599383
P05,2024_SaoPaulo_GP,0.45,18,Team dynamics,FULL_RACE,92,1905,1298,0.048293963254593175,0.07087827426810478
P05,2024_SaoPaulo_GP,0.45,19,Race lead holding,FULL_RACE,11,1905,1298,0.005774278215223097,0.00847457627118644
P05,2024_SaoPaulo_GP,0.45,20,Wing & car damage,FULL_RACE,12,1905,1298,0.006299212598425197,0.009244992295839754
P05,2024_SaoPaulo_GP,0.45,21,Braking & lockups,FULL_RACE,40,1905,1298,0.02099737532808399,0.030816640986132512
P05,2024_SaoPaulo_GP,0.45,22,Wheel-to-wheel,FULL_RACE,10,1905,1298,0.005249343832020997,0.007704160246533128
P05,2024_SaoPaulo_GP,0.45,23,Circuit action,FULL_RACE,56,1905,1298,0.029396325459317585,0.04314329738058552
P05,2024_SaoPaulo_GP,0.45,24,Inter-car distance,FULL_RACE,33,1905,1298,0.01732283464566929,0.025423728813559324
P05,2024_SaoPaulo_GP,0.45,25,Driver & team references,FULL_RACE,74,1905,1298,0.03884514435695538,0.05701078582434515
P05,2024_SaoPaulo_GP,0.45,26,Defending & attacking,FULL_RACE,16,1905,1298,0.008398950131233596,0.012326656394453005
P05,2024_SaoPaulo_GP,0.45,27,Overtake battles,FULL_RACE,154,1905,1298,0.08083989501312336,0.11864406779661017
P05,2024_SaoPaulo_GP,0.45,28,Corner battles,FULL_RACE,18,1905,1298,0.009448818897637795,0.01386748844375963
P05,2024_SaoPaulo_GP,0.45,29,Corner specific moves,FULL_RACE,11,1905,1298,0.005774278215223097,0.00847457627118644
P05,2024_SaoPaulo_GP,0.45,30,Lap pace & timing,FULL_RACE,56,1905,1298,0.029396325459317585,0.04314329738058552
P05,2024_SaoPaulo_GP,0.45,31,Race leader changes,FULL_RACE,81,1905,1298,0.04251968503937008,0.062403697996918334
P05,2024_SaoPaulo_GP,0.45,32,Front position changes,FULL_RACE,23,1905,1298,0.012073490813648294,0.017719568567026195
P05,2024_SaoPaulo_GP,0.45,33,Field position changes,FULL_RACE,32,1905,1298,0.01679790026246719,0.02465331278890601
P06,2024_Italy_GP,0.45,0,DRS-assisted battles,HIGHLIGHT,0,69,63,0.0,0.0
P06,2024_Italy_GP,0.45,1,Time penalties,HIGHLIGHT,1,69,63,0.014492753623188406,0.015873015873015872
P06,2024_Italy_GP,0.45,2,Lights-out race starts,HIGHLIGHT,0,69,63,0.0,0.0
P06,2024_Italy_GP,0.45,3,Mirror checks defending,HIGHLIGHT,0,69,63,0.0,0.0
P06,2024_Italy_GP,0.45,4,Race start launch,HIGHLIGHT,2,69,63,0.028985507246376812,0.031746031746031744
P06,2024_Italy_GP,0.45,5,Weather conditions,HIGHLIGHT,0,69,63,0.0,0.0
P06,2024_Italy_GP,0.45,6,Grand Prix wins,HIGHLIGHT,5,69,63,0.07246376811594203,0.07936507936507936
P06,2024_Italy_GP,0.45,7,Race start lights,HIGHLIGHT,0,69,63,0.0,0.0
P06,2024_Italy_GP,0.45,8,Race control flags,HIGHLIGHT,0,69,63,0.0,0.0
P06,2024_Italy_GP,0.45,9,Formula 1 milestones,HIGHLIGHT,0,69,63,0.0,0.0
P06,2024_Italy_GP,0.45,10,Chicane moves,HIGHLIGHT,4,69,63,0.057971014492753624,0.06349206349206349
P06,2024_Italy_GP,0.45,11,Team radio celebrations,HIGHLIGHT,0,69,63,0.0,0.0
P06,2024_Italy_GP,0.45,12,Podium finishes,HIGHLIGHT,0,69,63,0.0,0.0
P06,2024_Italy_GP,0.45,13,Championship & title,HIGHLIGHT,2,69,63,0.028985507246376812,0.031746031746031744
P06,2024_Italy_GP,0.45,14,Pit stops,HIGHLIGHT,2,69,63,0.028985507246376812,0.031746031746031744
P06,2024_Italy_GP,0.45,15,Tires & compounds,HIGHLIGHT,3,69,63,0.043478260869565216,0.047619047619047616
P06,2024_Italy_GP,0.45,16,Safety car deployment,HIGHLIGHT,0,69,63,0.0,0.0
P06,2024_Italy_GP,0.45,17,Gap & pace,HIGHLIGHT,2,69,63,0.028985507246376812,0.031746031746031744
P06,2024_Italy_GP,0.45,18,Team dynamics,HIGHLIGHT,9,69,63,0.13043478260869565,0.14285714285714285
P06,2024_Italy_GP,0.45,19,Race lead holding,HIGHLIGHT,2,69,63,0.028985507246376812,0.031746031746031744
P06,2024_Italy_GP,0.45,20,Wing & car damage,HIGHLIGHT,0,69,63,0.0,0.0
P06,2024_Italy_GP,0.45,21,Braking & lockups,HIGHLIGHT,1,69,63,0.014492753623188406,0.015873015873015872
P06,2024_Italy_GP,0.45,22,Wheel-to-wheel,HIGHLIGHT,2,69,63,0.028985507246376812,0.031746031746031744
P06,2024_Italy_GP,0.45,23,Circuit action,HIGHLIGHT,3,69,63,0.043478260869565216,0.047619047619047616
P06,2024_Italy_GP,0.45,24,Inter-car distance,HIGHLIGHT,0,69,63,0.0,0.0
P06,2024_Italy_GP,0.45,25,Driver & team references,HIGHLIGHT,3,69,63,0.043478260869565216,0.047619047619047616
P06,2024_Italy_GP,0.45,26,Defending & attacking,HIGHLIGHT,0,69,63,0.0,0.0
P06,2024_Italy_GP,0.45,27,Overtake battles,HIGHLIGHT,9,69,63,0.13043478260869565,0.14285714285714285
P06,2024_Italy_GP,0.45,28,Corner battles,HIGHLIGHT,1,69,63,0.014492753623188406,0.015873015873015872
P06,2024_Italy_GP,0.45,29,Corner specific moves,HIGHLIGHT,0,69,63,0.0,0.0
P06,2024_Italy_GP,0.45,30,Lap pace & timing,HIGHLIGHT,3,69,63,0.043478260869565216,0.047619047619047616
P06,2024_Italy_GP,0.45,31,Race leader changes,HIGHLIGHT,6,69,63,0.08695652173913043,0.09523809523809523
P06,2024_Italy_GP,0.45,32,Front position changes,HIGHLIGHT,2,69,63,0.028985507246376812,0.031746031746031744
P06,2024_Italy_GP,0.45,33,Field position changes,HIGHLIGHT,1,69,63,0.014492753623188406,0.015873015873015872
P06,2024_Italy_GP,0.45,0,DRS-assisted battles,FULL_RACE,12,1458,1000,0.00823045267489712,0.012
P06,2024_Italy_GP,0.45,1,Time penalties,FULL_RACE,6,1458,1000,0.00411522633744856,0.006
P06,2024_Italy_GP,0.45,2,Lights-out race starts,FULL_RACE,1,1458,1000,0.0006858710562414266,0.001
P06,2024_Italy_GP,0.45,3,Mirror checks defending,FULL_RACE,2,1458,1000,0.0013717421124828531,0.002
P06,2024_Italy_GP,0.45,4,Race start launch,FULL_RACE,5,1458,1000,0.003429355281207133,0.005
P06,2024_Italy_GP,0.45,5,Weather conditions,FULL_RACE,3,1458,1000,0.00205761316872428,0.003
P06,2024_Italy_GP,0.45,6,Grand Prix wins,FULL_RACE,84,1458,1000,0.05761316872427984,0.084
P06,2024_Italy_GP,0.45,7,Race start lights,FULL_RACE,1,1458,1000,0.0006858710562414266,0.001
P06,2024_Italy_GP,0.45,8,Race control flags,FULL_RACE,6,1458,1000,0.00411522633744856,0.006
P06,2024_Italy_GP,0.45,9,Formula 1 milestones,FULL_RACE,15,1458,1000,0.0102880658436214,0.015
P06,2024_Italy_GP,0.45,10,Chicane moves,FULL_RACE,17,1458,1000,0.011659807956104253,0.017
P06,2024_Italy_GP,0.45,11,Team radio celebrations,FULL_RACE,11,1458,1000,0.0075445816186556925,0.011
P06,2024_Italy_GP,0.45,12,Podium finishes,FULL_RACE,14,1458,1000,0.009602194787379973,0.014
P06,2024_Italy_GP,0.45,13,Championship & title,FULL_RACE,45,1458,1000,0.030864197530864196,0.045
P06,2024_Italy_GP,0.45,14,Pit stops,FULL_RACE,42,1458,1000,0.02880658436213992,0.042
P06,2024_Italy_GP,0.45,15,Tires & compounds,FULL_RACE,84,1458,1000,0.05761316872427984,0.084
P06,2024_Italy_GP,0.45,16,Safety car deployment,FULL_RACE,9,1458,1000,0.006172839506172839,0.009
P06,2024_Italy_GP,0.45,17,Gap & pace,FULL_RACE,41,1458,1000,0.028120713305898493,0.041
P06,2024_Italy_GP,0.45,18,Team dynamics,FULL_RACE,104,1458,1000,0.07133058984910837,0.104
P06,2024_Italy_GP,0.45,19,Race lead holding,FULL_RACE,11,1458,1000,0.0075445816186556925,0.011
P06,2024_Italy_GP,0.45,20,Wing & car damage,FULL_RACE,22,1458,1000,0.015089163237311385,0.022
P06,2024_Italy_GP,0.45,21,Braking & lockups,FULL_RACE,23,1458,1000,0.01577503429355281,0.023
P06,2024_Italy_GP,0.45,22,Wheel-to-wheel,FULL_RACE,10,1458,1000,0.006858710562414266,0.01
P06,2024_Italy_GP,0.45,23,Circuit action,FULL_RACE,25,1458,1000,0.017146776406035666,0.025
P06,2024_Italy_GP,0.45,24,Inter-car distance,FULL_RACE,10,1458,1000,0.006858710562414266,0.01
P06,2024_Italy_GP,0.45,25,Driver & team references,FULL_RACE,27,1458,1000,0.018518518518518517,0.027
P06,2024_Italy_GP,0.45,26,Defending & attacking,FULL_RACE,13,1458,1000,0.008916323731138546,0.013
P06,2024_Italy_GP,0.45,27,Overtake battles,FULL_RACE,173,1458,1000,0.11865569272976681,0.173
P06,2024_Italy_GP,0.45,28,Corner battles,FULL_RACE,5,1458,1000,0.003429355281207133,0.005
P06,2024_Italy_GP,0.45,29,Corner specific moves,FULL_RACE,1,1458,1000,0.0006858710562414266,0.001
P06,2024_Italy_GP,0.45,30,Lap pace & timing,FULL_RACE,58,1458,1000,0.039780521262002745,0.058
P06,2024_Italy_GP,0.45,31,Race leader changes,FULL_RACE,61,1458,1000,0.04183813443072702,0.061
P06,2024_Italy_GP,0.45,32,Front position changes,FULL_RACE,28,1458,1000,0.019204389574759947,0.028
P06,2024_Italy_GP,0.45,33,Field position changes,FULL_RACE,31,1458,1000,0.021262002743484224,0.031
P07,2024_LasVegas_GP,0.45,0,DRS-assisted battles,HIGHLIGHT,3,105,84,0.02857142857142857,0.03571428571428571
P07,2024_LasVegas_GP,0.45,1,Time penalties,HIGHLIGHT,0,105,84,0.0,0.0
P07,2024_LasVegas_GP,0.45,2,Lights-out race starts,HIGHLIGHT,1,105,84,0.009523809523809525,0.011904761904761904
P07,2024_LasVegas_GP,0.45,3,Mirror checks defending,HIGHLIGHT,0,105,84,0.0,0.0
P07,2024_LasVegas_GP,0.45,4,Race start launch,HIGHLIGHT,0,105,84,0.0,0.0
P07,2024_LasVegas_GP,0.45,5,Weather conditions,HIGHLIGHT,0,105,84,0.0,0.0
P07,2024_LasVegas_GP,0.45,6,Grand Prix wins,HIGHLIGHT,5,105,84,0.047619047619047616,0.05952380952380952
P07,2024_LasVegas_GP,0.45,7,Race start lights,HIGHLIGHT,0,105,84,0.0,0.0
P07,2024_LasVegas_GP,0.45,8,Race control flags,HIGHLIGHT,1,105,84,0.009523809523809525,0.011904761904761904
P07,2024_LasVegas_GP,0.45,9,Formula 1 milestones,HIGHLIGHT,3,105,84,0.02857142857142857,0.03571428571428571
P07,2024_LasVegas_GP,0.45,10,Chicane moves,HIGHLIGHT,0,105,84,0.0,0.0
P07,2024_LasVegas_GP,0.45,11,Team radio celebrations,HIGHLIGHT,1,105,84,0.009523809523809525,0.011904761904761904
P07,2024_LasVegas_GP,0.45,12,Podium finishes,HIGHLIGHT,2,105,84,0.01904761904761905,0.023809523809523808
P07,2024_LasVegas_GP,0.45,13,Championship & title,HIGHLIGHT,8,105,84,0.0761904761904762,0.09523809523809523
P07,2024_LasVegas_GP,0.45,14,Pit stops,HIGHLIGHT,5,105,84,0.047619047619047616,0.05952380952380952
P07,2024_LasVegas_GP,0.45,15,Tires & compounds,HIGHLIGHT,3,105,84,0.02857142857142857,0.03571428571428571
P07,2024_LasVegas_GP,0.45,16,Safety car deployment,HIGHLIGHT,0,105,84,0.0,0.0
P07,2024_LasVegas_GP,0.45,17,Gap & pace,HIGHLIGHT,0,105,84,0.0,0.0
P07,2024_LasVegas_GP,0.45,18,Team dynamics,HIGHLIGHT,8,105,84,0.0761904761904762,0.09523809523809523
P07,2024_LasVegas_GP,0.45,19,Race lead holding,HIGHLIGHT,2,105,84,0.01904761904761905,0.023809523809523808
P07,2024_LasVegas_GP,0.45,20,Wing & car damage,HIGHLIGHT,0,105,84,0.0,0.0
P07,2024_LasVegas_GP,0.45,21,Braking & lockups,HIGHLIGHT,3,105,84,0.02857142857142857,0.03571428571428571
P07,2024_LasVegas_GP,0.45,22,Wheel-to-wheel,HIGHLIGHT,0,105,84,0.0,0.0
P07,2024_LasVegas_GP,0.45,23,Circuit action,HIGHLIGHT,1,105,84,0.009523809523809525,0.011904761904761904
P07,2024_LasVegas_GP,0.45,24,Inter-car distance,HIGHLIGHT,4,105,84,0.0380952380952381,0.047619047619047616
P07,2024_LasVegas_GP,0.45,25,Driver & team references,HIGHLIGHT,2,105,84,0.01904761904761905,0.023809523809523808
P07,2024_LasVegas_GP,0.45,26,Defending & attacking,HIGHLIGHT,5,105,84,0.047619047619047616,0.05952380952380952
P07,2024_LasVegas_GP,0.45,27,Overtake battles,HIGHLIGHT,14,105,84,0.13333333333333333,0.16666666666666666
P07,2024_LasVegas_GP,0.45,28,Corner battles,HIGHLIGHT,3,105,84,0.02857142857142857,0.03571428571428571
P07,2024_LasVegas_GP,0.45,29,Corner specific moves,HIGHLIGHT,0,105,84,0.0,0.0
P07,2024_LasVegas_GP,0.45,30,Lap pace & timing,HIGHLIGHT,1,105,84,0.009523809523809525,0.011904761904761904
P07,2024_LasVegas_GP,0.45,31,Race leader changes,HIGHLIGHT,0,105,84,0.0,0.0
P07,2024_LasVegas_GP,0.45,32,Front position changes,HIGHLIGHT,5,105,84,0.047619047619047616,0.05952380952380952
P07,2024_LasVegas_GP,0.45,33,Field position changes,HIGHLIGHT,4,105,84,0.0380952380952381,0.047619047619047616
P07,2024_LasVegas_GP,0.45,0,DRS-assisted battles,FULL_RACE,16,1344,938,0.011904761904761904,0.017057569296375266
P07,2024_LasVegas_GP,0.45,1,Time penalties,FULL_RACE,12,1344,938,0.008928571428571428,0.01279317697228145
P07,2024_LasVegas_GP,0.45,2,Lights-out race starts,FULL_RACE,3,1344,938,0.002232142857142857,0.0031982942430703624
P07,2024_LasVegas_GP,0.45,3,Mirror checks defending,FULL_RACE,6,1344,938,0.004464285714285714,0.006396588486140725
P07,2024_LasVegas_GP,0.45,4,Race start launch,FULL_RACE,3,1344,938,0.002232142857142857,0.0031982942430703624
P07,2024_LasVegas_GP,0.45,5,Weather conditions,FULL_RACE,5,1344,938,0.003720238095238095,0.005330490405117271
P07,2024_LasVegas_GP,0.45,6,Grand Prix wins,FULL_RACE,108,1344,938,0.08035714285714286,0.11513859275053305
P07,2024_LasVegas_GP,0.45,7,Race start lights,FULL_RACE,6,1344,938,0.004464285714285714,0.006396588486140725
P07,2024_LasVegas_GP,0.45,8,Race control flags,FULL_RACE,6,1344,938,0.004464285714285714,0.006396588486140725
P07,2024_LasVegas_GP,0.45,9,Formula 1 milestones,FULL_RACE,28,1344,938,0.020833333333333332,0.029850746268656716
P07,2024_LasVegas_GP,0.45,10,Chicane moves,FULL_RACE,1,1344,938,0.000744047619047619,0.0010660980810234541
P07,2024_LasVegas_GP,0.45,11,Team radio celebrations,FULL_RACE,19,1344,938,0.014136904761904762,0.02025586353944563
P07,2024_LasVegas_GP,0.45,12,Podium finishes,FULL_RACE,23,1344,938,0.01711309523809524,0.024520255863539446
P07,2024_LasVegas_GP,0.45,13,Championship & title,FULL_RACE,62,1344,938,0.046130952380952384,0.06609808102345416
P07,2024_LasVegas_GP,0.45,14,Pit stops,FULL_RACE,30,1344,938,0.022321428571428572,0.031982942430703626
P07,2024_LasVegas_GP,0.45,15,Tires & compounds,FULL_RACE,55,1344,938,0.04092261904761905,0.05863539445628998
P07,2024_LasVegas_GP,0.45,16,Safety car deployment,FULL_RACE,12,1344,938,0.008928571428571428,0.01279317697228145
P07,2024_LasVegas_GP,0.45,17,Gap & pace,FULL_RACE,23,1344,938,0.01711309523809524,0.024520255863539446
P07,2024_LasVegas_GP,0.45,18,Team dynamics,FULL_RACE,95,1344,938,0.07068452380952381,0.10127931769722814
P07,2024_LasVegas_GP,0.45,19,Race lead holding,FULL_RACE,15,1344,938,0.011160714285714286,0.015991471215351813
P07,2024_LasVegas_GP,0.45,20,Wing & car damage,FULL_RACE,7,1344,938,0.005208333333333333,0.007462686567164179
P07,2024_LasVegas_GP,0.45,21,Braking & lockups,FULL_RACE,24,1344,938,0.017857142857142856,0.0255863539445629
P07,2024_LasVegas_GP,0.45,22,Wheel-to-wheel,FULL_RACE,4,1344,938,0.002976190476190476,0.0042643923240938165
P07,2024_LasVegas_GP,0.45,23,Circuit action,FULL_RACE,24,1344,938,0.017857142857142856,0.0255863539445629
P07,2024_LasVegas_GP,0.45,24,Inter-car distance,FULL_RACE,23,1344,938,0.01711309523809524,0.024520255863539446
P07,2024_LasVegas_GP,0.45,25,Driver & team references,FULL_RACE,33,1344,938,0.024553571428571428,0.035181236673773986
P07,2024_LasVegas_GP,0.45,26,Defending & attacking,FULL_RACE,22,1344,938,0.01636904761904762,0.023454157782515993
P07,2024_LasVegas_GP,0.45,27,Overtake battles,FULL_RACE,114,1344,938,0.08482142857142858,0.12153518123667377
P07,2024_LasVegas_GP,0.45,28,Corner battles,FULL_RACE,7,1344,938,0.005208333333333333,0.007462686567164179
P07,2024_LasVegas_GP,0.45,29,Corner specific moves,FULL_RACE,13,1344,938,0.009672619047619048,0.013859275053304905
P07,2024_LasVegas_GP,0.45,30,Lap pace & timing,FULL_RACE,53,1344,938,0.03943452380952381,0.05650319829424307
P07,2024_LasVegas_GP,0.45,31,Race leader changes,FULL_RACE,42,1344,938,0.03125,0.04477611940298507
P07,2024_LasVegas_GP,0.45,32,Front position changes,FULL_RACE,21,1344,938,0.015625,0.022388059701492536
P07,2024_LasVegas_GP,0.45,33,Field position changes,FULL_RACE,23,1344,938,0.01711309523809524,0.024520255863539446
P08,2024_Qatar_GP,0.45,0,DRS-assisted battles,HIGHLIGHT,0,55,52,0.0,0.0
P08,2024_Qatar_GP,0.45,1,Time penalties,HIGHLIGHT,6,55,52,0.10909090909090909,0.11538461538461539
P08,2024_Qatar_GP,0.45,2,Lights-out race starts,HIGHLIGHT,0,55,52,0.0,0.0
P08,2024_Qatar_GP,0.45,3,Mirror checks defending,HIGHLIGHT,1,55,52,0.01818181818181818,0.019230769230769232
P08,2024_Qatar_GP,0.45,4,Race start launch,HIGHLIGHT,1,55,52,0.01818181818181818,0.019230769230769232
P08,2024_Qatar_GP,0.45,5,Weather conditions,HIGHLIGHT,0,55,52,0.0,0.0
P08,2024_Qatar_GP,0.45,6,Grand Prix wins,HIGHLIGHT,6,55,52,0.10909090909090909,0.11538461538461539
P08,2024_Qatar_GP,0.45,7,Race start lights,HIGHLIGHT,1,55,52,0.01818181818181818,0.019230769230769232
P08,2024_Qatar_GP,0.45,8,Race control flags,HIGHLIGHT,2,55,52,0.03636363636363636,0.038461538461538464
P08,2024_Qatar_GP,0.45,9,Formula 1 milestones,HIGHLIGHT,0,55,52,0.0,0.0
P08,2024_Qatar_GP,0.45,10,Chicane moves,HIGHLIGHT,0,55,52,0.0,0.0
P08,2024_Qatar_GP,0.45,11,Team radio celebrations,HIGHLIGHT,0,55,52,0.0,0.0
P08,2024_Qatar_GP,0.45,12,Podium finishes,HIGHLIGHT,0,55,52,0.0,0.0
P08,2024_Qatar_GP,0.45,13,Championship & title,HIGHLIGHT,2,55,52,0.03636363636363636,0.038461538461538464
P08,2024_Qatar_GP,0.45,14,Pit stops,HIGHLIGHT,0,55,52,0.0,0.0
P08,2024_Qatar_GP,0.45,15,Tires & compounds,HIGHLIGHT,4,55,52,0.07272727272727272,0.07692307692307693
P08,2024_Qatar_GP,0.45,16,Safety car deployment,HIGHLIGHT,0,55,52,0.0,0.0
P08,2024_Qatar_GP,0.45,17,Gap & pace,HIGHLIGHT,0,55,52,0.0,0.0
P08,2024_Qatar_GP,0.45,18,Team dynamics,HIGHLIGHT,4,55,52,0.07272727272727272,0.07692307692307693
P08,2024_Qatar_GP,0.45,19,Race lead holding,HIGHLIGHT,1,55,52,0.01818181818181818,0.019230769230769232
P08,2024_Qatar_GP,0.45,20,Wing & car damage,HIGHLIGHT,2,55,52,0.03636363636363636,0.038461538461538464
P08,2024_Qatar_GP,0.45,21,Braking & lockups,HIGHLIGHT,3,55,52,0.05454545454545454,0.057692307692307696
P08,2024_Qatar_GP,0.45,22,Wheel-to-wheel,HIGHLIGHT,3,55,52,0.05454545454545454,0.057692307692307696
P08,2024_Qatar_GP,0.45,23,Circuit action,HIGHLIGHT,1,55,52,0.01818181818181818,0.019230769230769232
P08,2024_Qatar_GP,0.45,24,Inter-car distance,HIGHLIGHT,1,55,52,0.01818181818181818,0.019230769230769232
P08,2024_Qatar_GP,0.45,25,Driver & team references,HIGHLIGHT,0,55,52,0.0,0.0
P08,2024_Qatar_GP,0.45,26,Defending & attacking,HIGHLIGHT,1,55,52,0.01818181818181818,0.019230769230769232
P08,2024_Qatar_GP,0.45,27,Overtake battles,HIGHLIGHT,5,55,52,0.09090909090909091,0.09615384615384616
P08,2024_Qatar_GP,0.45,28,Corner battles,HIGHLIGHT,1,55,52,0.01818181818181818,0.019230769230769232
P08,2024_Qatar_GP,0.45,29,Corner specific moves,HIGHLIGHT,0,55,52,0.0,0.0
P08,2024_Qatar_GP,0.45,30,Lap pace & timing,HIGHLIGHT,1,55,52,0.01818181818181818,0.019230769230769232
P08,2024_Qatar_GP,0.45,31,Race leader changes,HIGHLIGHT,2,55,52,0.03636363636363636,0.038461538461538464
P08,2024_Qatar_GP,0.45,32,Front position changes,HIGHLIGHT,0,55,52,0.0,0.0
P08,2024_Qatar_GP,0.45,33,Field position changes,HIGHLIGHT,4,55,52,0.07272727272727272,0.07692307692307693
P08,2024_Qatar_GP,0.45,0,DRS-assisted battles,FULL_RACE,18,1631,1106,0.011036174126302882,0.0162748643761302
P08,2024_Qatar_GP,0.45,1,Time penalties,FULL_RACE,61,1631,1106,0.03740036787247088,0.05515370705244123
P08,2024_Qatar_GP,0.45,2,Lights-out race starts,FULL_RACE,1,1631,1106,0.0006131207847946045,0.0009041591320072332
P08,2024_Qatar_GP,0.45,3,Mirror checks defending,FULL_RACE,9,1631,1106,0.005518087063151441,0.0081374321880651
P08,2024_Qatar_GP,0.45,4,Race start launch,FULL_RACE,4,1631,1106,0.002452483139178418,0.003616636528028933
P08,2024_Qatar_GP,0.45,5,Weather conditions,FULL_RACE,2,1631,1106,0.001226241569589209,0.0018083182640144665
P08,2024_Qatar_GP,0.45,6,Grand Prix wins,FULL_RACE,78,1631,1106,0.04782342121397915,0.0705244122965642
P08,2024_Qatar_GP,0.45,7,Race start lights,FULL_RACE,5,1631,1106,0.0030656039239730227,0.0045207956600361665
P08,2024_Qatar_GP,0.45,8,Race control flags,FULL_RACE,27,1631,1106,0.01655426118945432,0.024412296564195298
P08,2024_Qatar_GP,0.45,9,Formula 1 milestones,FULL_RACE,17,1631,1106,0.010423053341508276,0.015370705244122965
P08,2024_Qatar_GP,0.45,10,Chicane moves,FULL_RACE,1,1631,1106,0.0006131207847946045,0.0009041591320072332
P08,2024_Qatar_GP,0.45,11,Team radio celebrations,FULL_RACE,7,1631,1106,0.004291845493562232,0.006329113924050633
P08,2024_Qatar_GP,0.45,12,Podium finishes,FULL_RACE,13,1631,1106,0.00797057020232986,0.011754068716094032
P08,2024_Qatar_GP,0.45,13,Championship & title,FULL_RACE,47,1631,1106,0.028816676885346414,0.042495479204339964
P08,2024_Qatar_GP,0.45,14,Pit stops,FULL_RACE,40,1631,1106,0.024524831391784182,0.03616636528028933
P08,2024_Qatar_GP,0.45,15,Tires & compounds,FULL_RACE,64,1631,1106,0.03923973022685469,0.05786618444846293
P08,2024_Qatar_GP,0.45,16,Safety car deployment,FULL_RACE,45,1631,1106,0.027590435315757205,0.0406871609403255
P08,2024_Qatar_GP,0.45,17,Gap & pace,FULL_RACE,36,1631,1106,0.022072348252605765,0.0325497287522604
P08,2024_Qatar_GP,0.45,18,Team dynamics,FULL_RACE,95,1631,1106,0.05824647455548743,0.08589511754068715
P08,2024_Qatar_GP,0.45,19,Race lead holding,FULL_RACE,4,1631,1106,0.002452483139178418,0.003616636528028933
P08,2024_Qatar_GP,0.45,20,Wing & car damage,FULL_RACE,13,1631,1106,0.00797057020232986,0.011754068716094032
P08,2024_Qatar_GP,0.45,21,Braking & lockups,FULL_RACE,51,1631,1106,0.03126916002452483,0.0461121157323689
P08,2024_Qatar_GP,0.45,22,Wheel-to-wheel,FULL_RACE,12,1631,1106,0.007357449417535254,0.0108499095840868
P08,2024_Qatar_GP,0.45,23,Circuit action,FULL_RACE,29,1631,1106,0.017780502759043533,0.026220614828209764
P08,2024_Qatar_GP,0.45,24,Inter-car distance,FULL_RACE,26,1631,1106,0.01594114040465972,0.023508137432188065
P08,2024_Qatar_GP,0.45,25,Driver & team references,FULL_RACE,20,1631,1106,0.012262415695892091,0.018083182640144666
P08,2024_Qatar_GP,0.45,26,Defending & attacking,FULL_RACE,23,1631,1106,0.014101778050275904,0.020795660036166366
P08,2024_Qatar_GP,0.45,27,Overtake battles,FULL_RACE,169,1631,1106,0.10361741263028816,0.15280289330922242
P08,2024_Qatar_GP,0.45,28,Corner battles,FULL_RACE,5,1631,1106,0.0030656039239730227,0.0045207956600361665
P08,2024_Qatar_GP,0.45,29,Corner specific moves,FULL_RACE,6,1631,1106,0.003678724708767627,0.0054249547920434
P08,2024_Qatar_GP,0.45,30,Lap pace & timing,FULL_RACE,52,1631,1106,0.03188228080931944,0.04701627486437613
P08,2024_Qatar_GP,0.45,31,Race leader changes,FULL_RACE,49,1631,1106,0.030042918454935622,0.04430379746835443
P08,2024_Qatar_GP,0.45,32,Front position changes,FULL_RACE,36,1631,1106,0.022072348252605765,0.0325497287522604
P08,2024_Qatar_GP,0.45,33,Field position changes,FULL_RACE,41,1631,1106,0.025137952176578784,0.037070524412296565
P09,2025_Belgium_GP,0.45,0,DRS-assisted battles,HIGHLIGHT,1,65,60,0.015384615384615385,0.016666666666666666
P09,2025_Belgium_GP,0.45,1,Time penalties,HIGHLIGHT,0,65,60,0.0,0.0
P09,2025_Belgium_GP,0.45,2,Lights-out race starts,HIGHLIGHT,0,65,60,0.0,0.0
P09,2025_Belgium_GP,0.45,3,Mirror checks defending,HIGHLIGHT,0,65,60,0.0,0.0
P09,2025_Belgium_GP,0.45,4,Race start launch,HIGHLIGHT,0,65,60,0.0,0.0
P09,2025_Belgium_GP,0.45,5,Weather conditions,HIGHLIGHT,0,65,60,0.0,0.0
P09,2025_Belgium_GP,0.45,6,Grand Prix wins,HIGHLIGHT,4,65,60,0.06153846153846154,0.06666666666666667
P09,2025_Belgium_GP,0.45,7,Race start lights,HIGHLIGHT,0,65,60,0.0,0.0
P09,2025_Belgium_GP,0.45,8,Race control flags,HIGHLIGHT,2,65,60,0.03076923076923077,0.03333333333333333
P09,2025_Belgium_GP,0.45,9,Formula 1 milestones,HIGHLIGHT,3,65,60,0.046153846153846156,0.05
P09,2025_Belgium_GP,0.45,10,Chicane moves,HIGHLIGHT,0,65,60,0.0,0.0
P09,2025_Belgium_GP,0.45,11,Team radio celebrations,HIGHLIGHT,1,65,60,0.015384615384615385,0.016666666666666666
P09,2025_Belgium_GP,0.45,12,Podium finishes,HIGHLIGHT,1,65,60,0.015384615384615385,0.016666666666666666
P09,2025_Belgium_GP,0.45,13,Championship & title,HIGHLIGHT,5,65,60,0.07692307692307693,0.08333333333333333
P09,2025_Belgium_GP,0.45,14,Pit stops,HIGHLIGHT,1,65,60,0.015384615384615385,0.016666666666666666
P09,2025_Belgium_GP,0.45,15,Tires & compounds,HIGHLIGHT,13,65,60,0.2,0.21666666666666667
P09,2025_Belgium_GP,0.45,16,Safety car deployment,HIGHLIGHT,2,65,60,0.03076923076923077,0.03333333333333333
P09,2025_Belgium_GP,0.45,17,Gap & pace,HIGHLIGHT,2,65,60,0.03076923076923077,0.03333333333333333
P09,2025_Belgium_GP,0.45,18,Team dynamics,HIGHLIGHT,2,65,60,0.03076923076923077,0.03333333333333333
P09,2025_Belgium_GP,0.45,19,Race lead holding,HIGHLIGHT,0,65,60,0.0,0.0
P09,2025_Belgium_GP,0.45,20,Wing & car damage,HIGHLIGHT,0,65,60,0.0,0.0
P09,2025_Belgium_GP,0.45,21,Braking & lockups,HIGHLIGHT,4,65,60,0.06153846153846154,0.06666666666666667
P09,2025_Belgium_GP,0.45,22,Wheel-to-wheel,HIGHLIGHT,0,65,60,0.0,0.0
P09,2025_Belgium_GP,0.45,23,Circuit action,HIGHLIGHT,1,65,60,0.015384615384615385,0.016666666666666666
P09,2025_Belgium_GP,0.45,24,Inter-car distance,HIGHLIGHT,1,65,60,0.015384615384615385,0.016666666666666666
P09,2025_Belgium_GP,0.45,25,Driver & team references,HIGHLIGHT,3,65,60,0.046153846153846156,0.05
P09,2025_Belgium_GP,0.45,26,Defending & attacking,HIGHLIGHT,0,65,60,0.0,0.0
P09,2025_Belgium_GP,0.45,27,Overtake battles,HIGHLIGHT,9,65,60,0.13846153846153847,0.15
P09,2025_Belgium_GP,0.45,28,Corner battles,HIGHLIGHT,0,65,60,0.0,0.0
P09,2025_Belgium_GP,0.45,29,Corner specific moves,HIGHLIGHT,0,65,60,0.0,0.0
P09,2025_Belgium_GP,0.45,30,Lap pace & timing,HIGHLIGHT,3,65,60,0.046153846153846156,0.05
P09,2025_Belgium_GP,0.45,31,Race leader changes,HIGHLIGHT,1,65,60,0.015384615384615385,0.016666666666666666
P09,2025_Belgium_GP,0.45,32,Front position changes,HIGHLIGHT,0,65,60,0.0,0.0
P09,2025_Belgium_GP,0.45,33,Field position changes,HIGHLIGHT,1,65,60,0.015384615384615385,0.016666666666666666
P09,2025_Belgium_GP,0.45,0,DRS-assisted battles,FULL_RACE,8,2232,1417,0.0035842293906810036,0.0056457304163726185
P09,2025_Belgium_GP,0.45,1,Time penalties,FULL_RACE,5,2232,1417,0.002240143369175627,0.0035285815102328866
P09,2025_Belgium_GP,0.45,2,Lights-out race starts,FULL_RACE,6,2232,1417,0.002688172043010753,0.004234297812279464
P09,2025_Belgium_GP,0.45,3,Mirror checks defending,FULL_RACE,3,2232,1417,0.0013440860215053765,0.002117148906139732
P09,2025_Belgium_GP,0.45,4,Race start launch,FULL_RACE,5,2232,1417,0.002240143369175627,0.0035285815102328866
P09,2025_Belgium_GP,0.45,5,Weather conditions,FULL_RACE,130,2232,1417,0.05824372759856631,0.09174311926605505
P09,2025_Belgium_GP,0.45,6,Grand Prix wins,FULL_RACE,92,2232,1417,0.04121863799283154,0.06492589978828511
P09,2025_Belgium_GP,0.45,7,Race start lights,FULL_RACE,12,2232,1417,0.005376344086021506,0.008468595624558928
P09,2025_Belgium_GP,0.45,8,Race control flags,FULL_RACE,17,2232,1417,0.0076164874551971325,0.011997177134791814
P09,2025_Belgium_GP,0.45,9,Formula 1 milestones,FULL_RACE,36,2232,1417,0.016129032258064516,0.025405786873676783
P09,2025_Belgium_GP,0.45,10,Chicane moves,FULL_RACE,5,2232,1417,0.002240143369175627,0.0035285815102328866
P09,2025_Belgium_GP,0.45,11,Team radio celebrations,FULL_RACE,33,2232,1417,0.01478494623655914,0.02328863796753705
P09,2025_Belgium_GP,0.45,12,Podium finishes,FULL_RACE,20,2232,1417,0.008960573476702509,0.014114326040931546
P09,2025_Belgium_GP,0.45,13,Championship & title,FULL_RACE,44,2232,1417,0.01971326164874552,0.031051517290049402
P09,2025_Belgium_GP,0.45,14,Pit stops,FULL_RACE,38,2232,1417,0.017025089605734768,0.026817219477769938
P09,2025_Belgium_GP,0.45,15,Tires & compounds,FULL_RACE,114,2232,1417,0.051075268817204304,0.08045165843330981
P09,2025_Belgium_GP,0.45,16,Safety car deployment,FULL_RACE,51,2232,1417,0.0228494623655914,0.03599153140437544
P09,2025_Belgium_GP,0.45,17,Gap & pace,FULL_RACE,66,2232,1417,0.02956989247311828,0.0465772759350741
P09,2025_Belgium_GP,0.45,18,Team dynamics,FULL_RACE,99,2232,1417,0.04435483870967742,0.06986591390261115
P09,2025_Belgium_GP,0.45,19,Race lead holding,FULL_RACE,8,2232,1417,0.0035842293906810036,0.0056457304163726185
P09,2025_Belgium_GP,0.45,20,Wing & car damage,FULL_RACE,5,2232,1417,0.002240143369175627,0.0035285815102328866
P09,2025_Belgium_GP,0.45,21,Braking & lockups,FULL_RACE,32,2232,1417,0.014336917562724014,0.022582921665490474
P09,2025_Belgium_GP,0.45,22,Wheel-to-wheel,FULL_RACE,6,2232,1417,0.002688172043010753,0.004234297812279464
P09,2025_Belgium_GP,0.45,23,Circuit action,FULL_RACE,70,2232,1417,0.03136200716845878,0.04940014114326041
P09,2025_Belgium_GP,0.45,24,Inter-car distance,FULL_RACE,33,2232,1417,0.01478494623655914,0.02328863796753705
P09,2025_Belgium_GP,0.45,25,Driver & team references,FULL_RACE,74,2232,1417,0.033154121863799284,0.05222300635144672
P09,2025_Belgium_GP,0.45,26,Defending & attacking,FULL_RACE,11,2232,1417,0.00492831541218638,0.0077628793225123505
P09,2025_Belgium_GP,0.45,27,Overtake battles,FULL_RACE,165,2232,1417,0.0739247311827957,0.11644318983768526
P09,2025_Belgium_GP,0.45,28,Corner battles,FULL_RACE,4,2232,1417,0.0017921146953405018,0.0028228652081863093
P09,2025_Belgium_GP,0.45,29,Corner specific moves,FULL_RACE,9,2232,1417,0.004032258064516129,0.006351446718419196
P09,2025_Belgium_GP,0.45,30,Lap pace & timing,FULL_RACE,81,2232,1417,0.036290322580645164,0.05716302046577276
P09,2025_Belgium_GP,0.45,31,Race leader changes,FULL_RACE,91,2232,1417,0.04077060931899642,0.06422018348623854
P09,2025_Belgium_GP,0.45,32,Front position changes,FULL_RACE,18,2232,1417,0.008064516129032258,0.012702893436838392
P09,2025_Belgium_GP,0.45,33,Field position changes,FULL_RACE,26,2232,1417,0.011648745519713262,0.01834862385321101
P10,2025_Japan_GP,0.45,0,DRS-assisted battles,HIGHLIGHT,0,81,70,0.0,0.0
P10,2025_Japan_GP,0.45,1,Time penalties,HIGHLIGHT,0,81,70,0.0,0.0
P10,2025_Japan_GP,0.45,2,Lights-out race starts,HIGHLIGHT,0,81,70,0.0,0.0
P10,2025_Japan_GP,0.45,3,Mirror checks defending,HIGHLIGHT,1,81,70,0.012345679012345678,0.014285714285714285
P10,2025_Japan_GP,0.45,4,Race start launch,HIGHLIGHT,1,81,70,0.012345679012345678,0.014285714285714285
P10,2025_Japan_GP,0.45,5,Weather conditions,HIGHLIGHT,0,81,70,0.0,0.0
P10,2025_Japan_GP,0.45,6,Grand Prix wins,HIGHLIGHT,10,81,70,0.12345679012345678,0.14285714285714285
P10,2025_Japan_GP,0.45,7,Race start lights,HIGHLIGHT,0,81,70,0.0,0.0
P10,2025_Japan_GP,0.45,8,Race control flags,HIGHLIGHT,1,81,70,0.012345679012345678,0.014285714285714285
P10,2025_Japan_GP,0.45,9,Formula 1 milestones,HIGHLIGHT,2,81,70,0.024691358024691357,0.02857142857142857
P10,2025_Japan_GP,0.45,10,Chicane moves,HIGHLIGHT,1,81,70,0.012345679012345678,0.014285714285714285
P10,2025_Japan_GP,0.45,11,Team radio celebrations,HIGHLIGHT,2,81,70,0.024691358024691357,0.02857142857142857
P10,2025_Japan_GP,0.45,12,Podium finishes,HIGHLIGHT,1,81,70,0.012345679012345678,0.014285714285714285
P10,2025_Japan_GP,0.45,13,Championship & title,HIGHLIGHT,3,81,70,0.037037037037037035,0.04285714285714286
P10,2025_Japan_GP,0.45,14,Pit stops,HIGHLIGHT,3,81,70,0.037037037037037035,0.04285714285714286
P10,2025_Japan_GP,0.45,15,Tires & compounds,HIGHLIGHT,2,81,70,0.024691358024691357,0.02857142857142857
P10,2025_Japan_GP,0.45,16,Safety car deployment,HIGHLIGHT,1,81,70,0.012345679012345678,0.014285714285714285
P10,2025_Japan_GP,0.45,17,Gap & pace,HIGHLIGHT,0,81,70,0.0,0.0
P10,2025_Japan_GP,0.45,18,Team dynamics,HIGHLIGHT,11,81,70,0.13580246913580246,0.15714285714285714
P10,2025_Japan_GP,0.45,19,Race lead holding,HIGHLIGHT,1,81,70,0.012345679012345678,0.014285714285714285
P10,2025_Japan_GP,0.45,20,Wing & car damage,HIGHLIGHT,0,81,70,0.0,0.0
P10,2025_Japan_GP,0.45,21,Braking & lockups,HIGHLIGHT,1,81,70,0.012345679012345678,0.014285714285714285
P10,2025_Japan_GP,0.45,22,Wheel-to-wheel,HIGHLIGHT,0,81,70,0.0,0.0
P10,2025_Japan_GP,0.45,23,Circuit action,HIGHLIGHT,4,81,70,0.04938271604938271,0.05714285714285714
P10,2025_Japan_GP,0.45,24,Inter-car distance,HIGHLIGHT,1,81,70,0.012345679012345678,0.014285714285714285
P10,2025_Japan_GP,0.45,25,Driver & team references,HIGHLIGHT,2,81,70,0.024691358024691357,0.02857142857142857
P10,2025_Japan_GP,0.45,26,Defending & attacking,HIGHLIGHT,0,81,70,0.0,0.0
P10,2025_Japan_GP,0.45,27,Overtake battles,HIGHLIGHT,13,81,70,0.16049382716049382,0.18571428571428572
P10,2025_Japan_GP,0.45,28,Corner battles,HIGHLIGHT,0,81,70,0.0,0.0
P10,2025_Japan_GP,0.45,29,Corner specific moves,HIGHLIGHT,0,81,70,0.0,0.0
P10,2025_Japan_GP,0.45,30,Lap pace & timing,HIGHLIGHT,2,81,70,0.024691358024691357,0.02857142857142857
P10,2025_Japan_GP,0.45,31,Race leader changes,HIGHLIGHT,4,81,70,0.04938271604938271,0.05714285714285714
P10,2025_Japan_GP,0.45,32,Front position changes,HIGHLIGHT,0,81,70,0.0,0.0
P10,2025_Japan_GP,0.45,33,Field position changes,HIGHLIGHT,3,81,70,0.037037037037037035,0.04285714285714286
P10,2025_Japan_GP,0.45,0,DRS-assisted battles,FULL_RACE,21,1547,1061,0.013574660633484163,0.019792648444863337
P10,2025_Japan_GP,0.45,1,Time penalties,FULL_RACE,3,1547,1061,0.0019392372333548805,0.002827521206409048
P10,2025_Japan_GP,0.45,2,Lights-out race starts,FULL_RACE,1,1547,1061,0.0006464124111182935,0.000942507068803016
P10,2025_Japan_GP,0.45,3,Mirror checks defending,FULL_RACE,3,1547,1061,0.0019392372333548805,0.002827521206409048
P10,2025_Japan_GP,0.45,4,Race start launch,FULL_RACE,5,1547,1061,0.003232062055591467,0.00471253534401508
P10,2025_Japan_GP,0.45,5,Weather conditions,FULL_RACE,19,1547,1061,0.012281835811247576,0.017907634307257305
P10,2025_Japan_GP,0.45,6,Grand Prix wins,FULL_RACE,75,1547,1061,0.04848093083387201,0.0706880301602262
P10,2025_Japan_GP,0.45,7,Race start lights,FULL_RACE,3,1547,1061,0.0019392372333548805,0.002827521206409048
P10,2025_Japan_GP,0.45,8,Race control flags,FULL_RACE,11,1547,1061,0.007110536522301228,0.010367577756833177
P10,2025_Japan_GP,0.45,9,Formula 1 milestones,FULL_RACE,20,1547,1061,0.012928248222365869,0.01885014137606032
P10,2025_Japan_GP,0.45,10,Chicane moves,FULL_RACE,14,1547,1061,0.00904977375565611,0.013195098963242224
P10,2025_Japan_GP,0.45,11,Team radio celebrations,FULL_RACE,9,1547,1061,0.005817711700064641,0.008482563619227144
P10,2025_Japan_GP,0.45,12,Podium finishes,FULL_RACE,20,1547,1061,0.012928248222365869,0.01885014137606032
P10,2025_Japan_GP,0.45,13,Championship & title,FULL_RACE,42,1547,1061,0.027149321266968326,0.03958529688972667
P10,2025_Japan_GP,0.45,14,Pit stops,FULL_RACE,60,1547,1061,0.03878474466709761,0.05655042412818096
P10,2025_Japan_GP,0.45,15,Tires & compounds,FULL_RACE,61,1547,1061,0.0394311570782159,0.057492931196983975
P10,2025_Japan_GP,0.45,16,Safety car deployment,FULL_RACE,9,1547,1061,0.005817711700064641,0.008482563619227144
P10,2025_Japan_GP,0.45,17,Gap & pace,FULL_RACE,41,1547,1061,0.026502908855850032,0.03864278982092366
P10,2025_Japan_GP,0.45,18,Team dynamics,FULL_RACE,107,1547,1061,0.0691661279896574,0.10084825636192271
P10,2025_Japan_GP,0.45,19,Race lead holding,FULL_RACE,5,1547,1061,0.003232062055591467,0.00471253534401508
P10,2025_Japan_GP,0.45,20,Wing & car damage,FULL_RACE,7,1547,1061,0.004524886877828055,0.006597549481621112
P10,2025_Japan_GP,0.45,21,Braking & lockups,FULL_RACE,23,1547,1061,0.014867485455720749,0.021677662582469368
P10,2025_Japan_GP,0.45,22,Wheel-to-wheel,FULL_RACE,5,1547,1061,0.003232062055591467,0.00471253534401508
P10,2025_Japan_GP,0.45,23,Circuit action,FULL_RACE,41,1547,1061,0.026502908855850032,0.03864278982092366
P10,2025_Japan_GP,0.45,24,Inter-car distance,FULL_RACE,33,1547,1061,0.021331609566903685,0.03110273327049953
P10,2025_Japan_GP,0.45,25,Driver & team references,FULL_RACE,49,1547,1061,0.03167420814479638,0.046182846371347785
P10,2025_Japan_GP,0.45,26,Defending & attacking,FULL_RACE,13,1547,1061,0.008403361344537815,0.012252591894439209
P10,2025_Japan_GP,0.45,27,Overtake battles,FULL_RACE,178,1547,1061,0.11506140917905623,0.16776625824693686
P10,2025_Japan_GP,0.45,28,Corner battles,FULL_RACE,5,1547,1061,0.003232062055591467,0.00471253534401508
P10,2025_Japan_GP,0.45,29,Corner specific moves,FULL_RACE,9,1547,1061,0.005817711700064641,0.008482563619227144
P10,2025_Japan_GP,0.45,30,Lap pace & timing,FULL_RACE,42,1547,1061,0.027149321266968326,0.03958529688972667
P10,2025_Japan_GP,0.45,31,Race leader changes,FULL_RACE,80,1547,1061,0.051712992889463474,0.07540056550424128
P10,2025_Japan_GP,0.45,32,Front position changes,FULL_RACE,13,1547,1061,0.008403361344537815,0.012252591894439209
P10,2025_Japan_GP,0.45,33,Field position changes,FULL_RACE,34,1547,1061,0.02197802197802198,0.03204524033930255
