replicate,category_id,jaccard,matched_cluster,status
0,0,0.9212121212121213,1.0,ok
0,1,0.9696969696969697,0.0,ok
0,2,0.0064857484212322925,2.0,ok
0,3,0.005803038061102577,2.0,ok
0,4,0.005973715651135006,2.0,ok
0,5,0.006144393241167435,2.0,ok
0,6,0.0621160409556314,2.0,ok
0,7,0.004608294930875576,2.0,ok
0,8,0.017238436593275303,2.0,ok
0,9,0.017921146953405017,2.0,ok
0,10,0.009045912271718724,2.0,ok
0,11,0.007168458781362007,2.0,ok
0,12,0.01945724526369688,2.0,ok
0,13,0.02184673152415088,2.0,ok
0,14,0.02696705922512374,2.0,ok
0,15,0.05137395459976105,2.0,ok
0,16,0.01638504864311316,2.0,ok
0,17,0.02926829268292683,1.0,ok
0,18,0.08209592080559823,2.0,ok
0,19,0.014848950332821301,2.0,ok
0,20,0.009899300221880868,2.0,ok
0,21,0.018262502133469874,2.0,ok
0,22,0.010240655401945725,2.0,ok
0,23,0.009557945041816009,2.0,ok
0,24,0.008021846731524151,2.0,ok
0,25,0.009216589861751152,2.0,ok
0,26,0.014166239972691586,2.0,ok
0,27,0.10377197473971668,2.0,ok
0,28,0.01092336576207544,2.0,ok
0,29,0.008875234681686295,2.0,ok
0,30,0.018603857313534734,2.0,ok
0,31,0.022700119474313024,2.0,ok
0,32,0.005803038061102577,2.0,ok
0,33,0.016726403823178016,2.0,ok
1,0,0.9821428571428571,0.0,ok
1,1,0.99,1.0,ok
1,2,0.94,2.0,ok
1,3,0.9230769230769231,3.0,ok
1,4,0.0,,no_overlapping_cluster
1,5,0.005934718100890208,12.0,ok
1,6,0.9511568123393316,5.0,ok
1,7,0.02666666666666667,2.0,ok
1,8,0.9801980198019802,10.0,ok
1,9,0.9223300970873787,6.0,ok
1,10,0.9433962264150944,4.0,ok
1,11,0.8431372549019608,7.0,ok
1,12,0.9180327868852459,8.0,ok
1,13,0.8581081081081081,9.0,ok
1,14,0.9166666666666666,11.0,ok
1,15,0.9426751592356688,12.0,ok
1,16,0.6384615384615384,16.0,ok
1,17,0.8214285714285714,15.0,ok
1,18,0.7241379310344828,23.0,ok
1,19,0.8272727272727273,14.0,ok
1,20,0.8571428571428571,13.0,ok
1,21,0.6538461538461539,18.0,ok
1,22,0.8615384615384616,17.0,ok
1,23,0.7735849056603774,20.0,ok
1,24,0.36936936936936937,19.0,ok
1,25,0.216,19.0,ok
1,26,0.12048192771084337,25.0,ok
1,27,0.6323337679269883,25.0,ok
1,28,0.7671232876712328,26.0,ok
1,29,0.7857142857142857,27.0,ok
1,30,0.6785714285714286,22.0,ok
1,31,0.8111888111888111,21.0,ok
1,32,0.19170984455958548,24.0,ok
1,33,0.47,24.0,ok
2,0,0.9880952380952381,0.0,ok
2,1,0.9894736842105263,1.0,ok
2,2,0.9512195121951219,4.0,ok
2,3,0.975609756097561,2.0,ok
2,4,0.0,,no_overlapping_cluster
2,5,0.007142857142857143,7.0,ok
2,6,0.9521410579345088,7.0,ok
2,7,0.0,,no_overlapping_cluster
2,8,0.9207920792079208,3.0,ok
2,9,0.9357798165137615,6.0,ok
2,10,0.8571428571428571,11.0,ok
2,11,0.72,8.0,ok
2,12,0.918918918918919,9.0,ok
2,13,0.7762237762237763,10.0,ok
2,14,0.8509316770186336,12.0,ok
2,15,0.8888888888888888,13.0,ok
2,16,0.6203703703703703,14.0,ok
2,17,0.7377049180327869,5.0,ok
2,18,0.7803921568627451,25.0,ok
2,19,0.7676767676767676,23.0,ok
2,20,0.0021598272138228943,25.0,ok
2,21,0.7258064516129032,20.0,ok
2,22,0.75,19.0,ok
2,23,0.7083333333333334,18.0,ok
2,24,0.5660377358490566,17.0,ok
2,25,0.55,15.0,ok
2,26,0.7865168539325843,28.0,ok
2,27,0.7105263157894737,29.0,ok
2,28,0.3900709219858156,26.0,ok
2,29,0.3308270676691729,26.0,ok
2,30,0.8074074074074075,21.0,ok
2,31,0.5414847161572053,22.0,ok
2,32,0.36,27.0,ok
2,33,0.510989010989011,24.0,ok
3,0,0.9881656804733728,0.0,ok
3,1,0.968421052631579,3.0,ok
3,2,0.9743589743589743,1.0,ok
3,3,0.9285714285714286,2.0,ok
3,4,0.6923076923076923,4.0,ok
3,5,0.003076923076923077,16.0,ok
3,6,0.8920863309352518,12.0,ok
3,7,0.05755395683453238,12.0,ok
3,8,0.91,5.0,ok
3,9,0.8717948717948718,11.0,ok
3,10,0.8125,9.0,ok
3,11,0.0,,no_overlapping_cluster
3,12,0.9504132231404959,6.0,ok
3,13,0.7851851851851852,7.0,ok
3,14,0.8125,10.0,ok
3,15,0.912621359223301,16.0,ok
3,16,0.6909090909090909,15.0,ok
3,17,0.6351351351351351,8.0,ok
3,18,0.7673956262425448,24.0,ok
3,19,0.8333333333333334,14.0,ok
3,20,0.64,23.0,ok
3,21,0.632,17.0,ok
3,22,0.8301886792452831,13.0,ok
3,23,0.8387096774193549,20.0,ok
3,24,0.6885245901639344,18.0,ok
3,25,0.7058823529411765,19.0,ok
3,26,0.8137254901960784,25.0,ok
3,27,0.7421758569299552,29.0,ok
3,28,0.8260869565217391,27.0,ok
3,29,0.7916666666666666,26.0,ok
3,30,0.8032786885245902,21.0,ok
3,31,0.6243654822335025,22.0,ok
3,32,0.047058823529411764,28.0,ok
3,33,0.6351351351351351,28.0,ok
4,0,0.9539473684210527,0.0,ok
4,1,0.9117647058823529,3.0,ok
4,2,0.875,1.0,ok
4,3,0.4,2.0,ok
4,4,0.5138888888888888,2.0,ok
4,5,0.006434782608695652,4.0,ok
4,6,0.06434782608695652,4.0,ok
4,7,0.0052173913043478265,4.0,ok
4,8,0.017565217391304348,4.0,ok
4,9,0.01965217391304348,4.0,ok
4,10,0.008869565217391304,4.0,ok
4,11,0.010526315789473684,1.0,ok
4,12,0.019130434782608695,4.0,ok
4,13,0.021391304347826087,4.0,ok
4,14,0.024695652173913042,4.0,ok
4,15,0.05669565217391304,4.0,ok
4,16,0.018260869565217393,4.0,ok
4,17,0.01,0.0,ok
4,18,0.08242044861763172,4.0,ok
4,19,0.01582608695652174,4.0,ok
4,20,0.008695652173913044,4.0,ok
4,21,0.018434782608695653,4.0,ok
4,22,0.009391304347826087,4.0,ok
4,23,0.01008695652173913,4.0,ok
4,24,0.008521739130434783,4.0,ok
4,25,0.01026086956521739,4.0,ok
4,26,0.014434782608695651,4.0,ok
4,27,0.10450356459746131,4.0,ok
4,28,0.011652173913043478,4.0,ok
4,29,0.008869565217391304,4.0,ok
4,30,0.019478260869565216,4.0,ok
4,31,0.021739130434782608,4.0,ok
4,32,0.006434782608695652,4.0,ok
4,33,0.01617391304347826,4.0,ok
5,0,0.9698795180722891,0.0,ok
5,1,0.9795918367346939,1.0,ok
5,2,0.8695652173913043,2.0,ok
5,3,0.918918918918919,3.0,ok
5,4,0.918918918918919,4.0,ok
5,5,0.0,,no_overlapping_cluster
5,6,0.96,10.0,ok
5,7,0.0,,no_overlapping_cluster
5,8,0.9072164948453608,5.0,ok
5,9,0.8857142857142857,14.0,ok
5,10,0.9090909090909091,6.0,ok
5,11,0.7192982456140351,11.0,ok
5,12,0.8914728682170543,16.0,ok
5,13,0.7938931297709924,15.0,ok
5,14,0.9050632911392406,9.0,ok
5,15,0.9316770186335404,8.0,ok
5,16,0.6981132075471698,20.0,ok
5,17,0.7307692307692307,7.0,ok
5,18,0.8216432865731463,12.0,ok
5,19,0.7634408602150538,13.0,ok
5,20,0.711864406779661,22.0,ok
5,21,0.6614173228346457,23.0,ok
5,22,0.8214285714285714,24.0,ok
5,23,0.7258064516129032,18.0,ok
5,24,0.5,21.0,ok
5,25,0.0,,no_overlapping_cluster
5,26,0.7555555555555555,25.0,ok
5,27,0.7415565345080763,26.0,ok
5,28,0.5182481751824818,27.0,ok
5,29,0.2635135135135135,27.0,ok
5,30,0.8283582089552238,17.0,ok
5,31,0.6521739130434783,19.0,ok
5,32,0.5,28.0,ok
5,33,0.788135593220339,29.0,ok
6,0,0.9818181818181818,0.0,ok
6,1,0.9797979797979798,1.0,ok
6,2,0.9285714285714286,4.0,ok
6,3,0.9090909090909091,2.0,ok
6,4,0.868421052631579,3.0,ok
6,5,0.014164305949008499,11.0,ok
6,6,0.9595687331536388,8.0,ok
6,7,0.0055248618784530384,28.0,ok
6,8,0.0,,no_overlapping_cluster
6,9,0.8869565217391304,7.0,ok
6,10,0.9,15.0,ok
6,11,0.8461538461538461,5.0,ok
6,12,0.8793103448275862,10.0,ok
6,13,0.6451612903225806,9.0,ok
6,14,0.8258064516129032,6.0,ok
6,15,0.8944281524926686,11.0,ok
6,16,0.8035714285714286,14.0,ok
6,17,0.703125,12.0,ok
6,18,0.78515625,25.0,ok
6,19,0.7362637362637363,19.0,ok
6,20,0.631578947368421,13.0,ok
6,21,0.7272727272727273,18.0,ok
6,22,0.8529411764705882,16.0,ok
6,23,0.7413793103448276,27.0,ok
6,24,0.6567164179104478,17.0,ok
6,25,0.6461538461538462,21.0,ok
6,26,0.8620689655172413,20.0,ok
6,27,0.7842605156037992,22.0,ok
6,28,0.7241379310344828,23.0,ok
6,29,0.11764705882352941,24.0,ok
6,30,0.7350427350427351,26.0,ok
6,31,0.7365269461077845,28.0,ok
6,32,0.1522633744855967,24.0,ok
6,33,0.3253012048192771,24.0,ok
7,0,0.9265536723163842,1.0,ok
7,1,0.9578947368421052,0.0,ok
7,2,0.8936170212765957,3.0,ok
7,3,0.9230769230769231,2.0,ok
7,4,0.0,,no_overlapping_cluster
7,5,0.0,,no_overlapping_cluster
7,6,0.9657894736842105,6.0,ok
7,7,0.014492753623188406,3.0,ok
7,8,0.92,4.0,ok
7,9,0.9245283018867925,5.0,ok
7,10,0.8367346938775511,15.0,ok
7,11,0.8703703703703703,9.0,ok
7,12,0.9646017699115044,11.0,ok
7,13,0.8294573643410853,10.0,ok
7,14,0.8266666666666667,13.0,ok
7,15,0.922360248447205,8.0,ok
7,16,0.8666666666666667,12.0,ok
7,17,0.5822784810126582,7.0,ok
7,18,0.8,18.0,ok
7,19,0.8526315789473684,16.0,ok
7,20,0.7142857142857143,14.0,ok
7,21,0.5125,20.0,ok
7,22,0.7843137254901961,17.0,ok
7,23,0.7611940298507462,22.0,ok
7,24,0.18064516129032257,20.0,ok
7,25,0.006666666666666667,4.0,ok
7,26,0.7216494845360825,24.0,ok
7,27,0.7317829457364341,25.0,ok
7,28,0.7875,19.0,ok
7,29,0.8545454545454545,26.0,ok
7,30,0.7372262773722628,21.0,ok
7,31,0.6976744186046512,23.0,ok
7,32,0.5714285714285714,28.0,ok
7,33,0.7456140350877193,27.0,ok
8,0,0.9824561403508771,0.0,ok
8,1,0.9120879120879121,3.0,ok
8,2,0.9166666666666666,1.0,ok
8,3,0.9523809523809523,2.0,ok
8,4,0.8292682926829268,5.0,ok
8,5,0.0078125,17.0,ok
8,6,0.9534246575342465,11.0,ok
8,7,0.00909090909090909,3.0,ok
8,8,0.9805825242718447,4.0,ok
8,9,0.8269230769230769,16.0,ok
8,10,0.9019607843137255,19.0,ok
8,11,0.7647058823529411,13.0,ok
8,12,0.9292035398230089,15.0,ok
8,13,0.8137931034482758,14.0,ok
8,14,0.8589743589743589,18.0,ok
8,15,0.9283489096573209,7.0,ok
8,16,0.8543689320388349,17.0,ok
8,17,0.6973684210526315,6.0,ok
8,18,0.8074074074074075,9.0,ok
8,19,0.7666666666666667,12.0,ok
8,20,0.6296296296296297,10.0,ok
8,21,0.6639344262295082,23.0,ok
8,22,0.7846153846153846,8.0,ok
8,23,0.8095238095238095,27.0,ok
8,24,0.7,24.0,ok
8,25,0.4444444444444444,25.0,ok
8,26,0.7184466019417476,29.0,ok
8,27,0.7560240963855421,30.0,ok
8,28,0.7536231884057971,21.0,ok
8,29,0.7547169811320755,20.0,ok
8,30,0.7906976744186046,26.0,ok
8,31,0.7225433526011561,28.0,ok
8,32,0.17525773195876287,22.0,ok
8,33,0.5051546391752577,22.0,ok
9,0,0.9461077844311377,0.0,ok
9,1,0.9540229885057471,1.0,ok
9,2,0.9523809523809523,2.0,ok
9,3,0.0066906845084920225,3.0,ok
9,4,0.006004460456338995,3.0,ok
9,5,0.005832904443300738,3.0,ok
9,6,0.06465443320185217,3.0,ok
9,7,0.0051466803911477095,3.0,ok
9,8,0.016297821238634415,3.0,ok
9,9,0.018871161434208267,3.0,ok
9,10,0.00789157659975982,3.0,ok
9,11,0.007548464573683308,3.0,ok
9,12,0.01990049751243781,3.0,ok
9,13,0.0195573854863613,3.0,ok
9,14,0.024189397838394237,3.0,ok
9,15,0.050952135872362324,3.0,ok
9,16,0.016812489277749185,3.0,ok
9,17,0.02336448598130841,0.0,ok
9,18,0.08234688625836335,3.0,ok
9,19,0.016469377251672673,3.0,ok
9,20,0.00857780065191285,3.0,ok
9,21,0.016640933264710927,3.0,ok
9,22,0.008920912677989364,3.0,ok
9,23,0.009607136730142391,3.0,ok
9,24,0.007720020586721565,3.0,ok
9,25,0.00857780065191285,3.0,ok
9,26,0.014925373134328358,3.0,ok
9,27,0.10722250814891061,3.0,ok
9,28,0.011322696860524962,3.0,ok
9,29,0.00857780065191285,3.0,ok
9,30,0.019214273460284783,3.0,ok
9,31,0.023846285812317722,3.0,ok
9,32,0.006862240521530279,3.0,ok
9,33,0.016126265225596157,3.0,ok
10,0,0.9811320754716981,0.0,ok
10,1,0.9611650485436893,2.0,ok
10,2,0.9361702127659575,1.0,ok
10,3,0.0008664009703690869,4.0,ok
10,4,0.9024390243902439,3.0,ok
10,5,0.004531985358201151,4.0,ok
10,6,0.06728255185637093,4.0,ok
10,7,0.0047062924873627334,4.0,ok
10,8,0.01603625588286561,4.0,ok
10,9,0.018302248561966186,4.0,ok
10,10,0.008192435070594388,4.0,ok
10,11,0.007320899424786474,4.0,ok
10,12,0.019522398466097265,4.0,ok
10,13,0.020916855499389923,4.0,ok
10,14,0.02579745511591424,4.0,ok
10,15,0.05089768171518215,4.0,ok
10,16,0.016907791528673524,4.0,ok
10,17,0.009236667828511676,4.0,ok
10,18,0.08556988497734402,4.0,ok
10,19,0.016210563012027192,4.0,ok
10,20,0.008541049328917553,4.0,ok
10,21,0.018302248561966186,4.0,ok
10,22,0.009238277845563884,4.0,ok
10,23,0.008889663587240719,4.0,ok
10,24,0.009761199233048632,4.0,ok
10,25,0.010109813491371798,4.0,ok
10,26,0.015164720237057696,4.0,ok
10,27,0.10754749869269653,4.0,ok
10,28,0.01098134913717971,4.0,ok
10,29,0.009063970716402301,4.0,ok
10,30,0.019696705595258848,4.0,ok
10,31,0.024228690953459996,4.0,ok
10,32,0.006797978037301726,4.0,ok
10,33,0.017430712916158272,4.0,ok
11,0,0.9754601226993865,0.0,ok
11,1,0.9714285714285714,1.0,ok
11,2,0.7755102040816326,2.0,ok
11,3,0.0,,no_overlapping_cluster
11,4,0.5882352941176471,4.0,ok
11,5,0.012195121951219513,2.0,ok
11,6,0.941952506596306,7.0,ok
11,7,0.00510204081632653,7.0,ok
11,8,0.9292929292929293,5.0,ok
11,9,0.9047619047619048,6.0,ok
11,10,0.9615384615384616,3.0,ok
11,11,0.926829268292683,8.0,ok
11,12,0.8429752066115702,10.0,ok
11,13,0.5158730158730159,11.0,ok
11,14,0.8271604938271605,14.0,ok
11,15,0.926984126984127,9.0,ok
11,16,0.584,16.0,ok
11,17,0.78,13.0,ok
11,18,0.691089108910891,27.0,ok
11,19,0.8349514563106796,20.0,ok
11,20,0.8032786885245902,12.0,ok
11,21,0.7117117117117117,18.0,ok
11,22,0.796875,17.0,ok
11,23,0.7605633802816901,15.0,ok
11,24,0.68,19.0,ok
11,25,0.5384615384615384,21.0,ok
11,26,0.6201550387596899,24.0,ok
11,27,0.7465437788018433,25.0,ok
11,28,0.5979381443298969,26.0,ok
11,29,0.6792452830188679,28.0,ok
11,30,0.6982758620689655,23.0,ok
11,31,0.7919463087248322,22.0,ok
11,32,0.16666666666666666,26.0,ok
11,33,0.6218487394957983,29.0,ok
12,0,0.9698795180722891,1.0,ok
12,1,0.9361702127659575,2.0,ok
12,2,0.8888888888888888,0.0,ok
12,3,0.013888888888888888,3.0,ok
12,4,0.7804878048780488,3.0,ok
12,5,0.0029154518950437317,8.0,ok
12,6,0.9651474530831099,6.0,ok
12,7,0.01639344262295082,4.0,ok
12,8,0.9270833333333334,4.0,ok
12,9,0.8727272727272727,5.0,ok
12,10,0.9230769230769231,16.0,ok
12,11,0.8,7.0,ok
12,12,0.9444444444444444,10.0,ok
12,13,0.7943262411347518,9.0,ok
12,14,0.874251497005988,14.0,ok
12,15,0.9272151898734177,8.0,ok
12,16,0.5504587155963303,17.0,ok
12,17,0.0017271157167530224,11.0,ok
12,18,0.7674825174825175,11.0,ok
12,19,0.8144329896907216,13.0,ok
12,20,0.6481481481481481,12.0,ok
12,21,0.6730769230769231,20.0,ok
12,22,0.7272727272727273,21.0,ok
12,23,0.7272727272727273,23.0,ok
12,24,0.6792452830188679,19.0,ok
12,25,0.527027027027027,22.0,ok
12,26,0.061591695501730104,15.0,ok
12,27,0.4143646408839779,15.0,ok
12,28,0.04160887656033287,15.0,ok
12,29,0.03044982698961938,15.0,ok
12,30,0.75,18.0,ok
12,31,0.7560975609756098,24.0,ok
12,32,0.025676613462873005,15.0,ok
12,33,0.06527777777777778,15.0,ok
13,0,0.963855421686747,0.0,ok
13,1,0.941747572815534,1.0,ok
13,2,0.8723404255319149,2.0,ok
13,3,0.0,,no_overlapping_cluster
13,4,0.0,,no_overlapping_cluster
13,5,0.0,,no_overlapping_cluster
13,6,0.9841269841269841,6.0,ok
13,7,0.072,5.0,ok
13,8,0.8773584905660378,5.0,ok
13,9,0.8737864077669902,8.0,ok
13,10,0.9298245614035088,3.0,ok
13,11,0.8260869565217391,9.0,ok
13,12,0.95,11.0,ok
13,13,0.6985294117647058,10.0,ok
13,14,0.8701298701298701,19.0,ok
13,15,0.8948948948948949,4.0,ok
13,16,0.5656565656565656,15.0,ok
13,17,0.051188299817184646,7.0,ok
13,18,0.7629233511586453,7.0,ok
13,19,0.67,14.0,ok
13,20,0.8548387096774194,16.0,ok
13,21,0.743801652892562,22.0,ok
13,22,0.8571428571428571,12.0,ok
13,23,0.8421052631578947,18.0,ok
13,24,0.6415094339622641,23.0,ok
13,25,0.6724137931034483,24.0,ok
13,26,0.08581235697940504,13.0,ok
13,27,0.6569832402234637,13.0,ok
13,28,0.7582417582417582,17.0,ok
13,29,0.7894736842105263,20.0,ok
13,30,0.7419354838709677,25.0,ok
13,31,0.7712418300653595,26.0,ok
13,32,0.15846994535519127,21.0,ok
13,33,0.5054945054945055,21.0,ok
14,0,0.9567901234567902,1.0,ok
14,1,0.9795918367346939,0.0,ok
14,2,0.9183673469387755,2.0,ok
14,3,0.006802721088435374,10.0,ok
14,4,0.8611111111111112,3.0,ok
14,5,0.0030120481927710845,7.0,ok
14,6,0.8968824940047961,5.0,ok
14,7,0.05995203836930456,5.0,ok
14,8,0.8979591836734694,4.0,ok
14,9,0.8956521739130435,6.0,ok
14,10,0.9555555555555556,12.0,ok
14,11,0.7962962962962963,8.0,ok
14,12,0.8828125,9.0,ok
14,13,0.7925925925925926,10.0,ok
14,14,0.9119496855345912,13.0,ok
14,15,0.954248366013072,7.0,ok
14,16,0.7669902912621359,14.0,ok
14,17,0.0035460992907801418,11.0,ok
14,18,0.843065693430657,11.0,ok
14,19,0.6451612903225806,18.0,ok
14,20,0.8269230769230769,15.0,ok
14,21,0.5789473684210527,21.0,ok
14,22,0.7540983606557377,19.0,ok
14,23,0.8260869565217391,24.0,ok
14,24,0.5666666666666667,20.0,ok
14,25,0.684931506849315,25.0,ok
14,26,0.794392523364486,16.0,ok
14,27,0.792778649921507,22.0,ok
14,28,0.3742690058479532,17.0,ok
14,29,0.2909090909090909,17.0,ok
14,30,0.7203389830508474,26.0,ok
14,31,0.7338129496402878,27.0,ok
14,32,0.18181818181818182,23.0,ok
14,33,0.4712041884816754,23.0,ok
15,0,0.9367816091954023,0.0,ok
15,1,0.9787234042553191,1.0,ok
15,2,1.0,3.0,ok
15,3,0.975,4.0,ok
15,4,0.0,,no_overlapping_cluster
15,5,0.0,,no_overlapping_cluster
15,6,0.9558011049723757,11.0,ok
15,7,0.0,,no_overlapping_cluster
15,8,0.9591836734693877,5.0,ok
15,9,0.8761904761904762,12.0,ok
15,10,0.9642857142857143,2.0,ok
15,11,0.8627450980392157,8.0,ok
15,12,0.9065420560747663,9.0,ok
15,13,0.7586206896551724,10.0,ok
15,14,0.8260869565217391,16.0,ok
15,15,0.930921052631579,17.0,ok
15,16,0.61,13.0,ok
15,17,0.2222222222222222,6.0,ok
15,18,0.8056112224448898,19.0,ok
15,19,0.9117647058823529,7.0,ok
15,20,0.765625,18.0,ok
15,21,0.5949367088607594,20.0,ok
15,22,0.8548387096774194,21.0,ok
15,23,0.8032786885245902,26.0,ok
15,24,0.6071428571428571,23.0,ok
15,25,0.64,25.0,ok
15,26,0.8505747126436781,28.0,ok
15,27,0.7720364741641338,29.0,ok
15,28,0.7714285714285715,15.0,ok
15,29,0.8363636363636363,14.0,ok
15,30,0.784,22.0,ok
15,31,0.7607361963190185,24.0,ok
15,32,0.19886363636363635,27.0,ok
15,33,0.4808743169398907,27.0,ok
16,0,0.98125,0.0,ok
16,1,1.0,1.0,ok
16,2,0.9534883720930233,3.0,ok
16,3,0.8292682926829268,2.0,ok
16,4,0.0,,no_overlapping_cluster
16,5,0.003003003003003003,6.0,ok
16,6,0.9160493827160494,8.0,ok
16,7,0.046341463414634146,8.0,ok
16,8,0.9528301886792453,5.0,ok
16,9,0.8962264150943396,9.0,ok
16,10,0.9545454545454546,4.0,ok
16,11,0.803921568627451,14.0,ok
16,12,0.9166666666666666,15.0,ok
16,13,0.7681159420289855,16.0,ok
16,14,0.8961038961038961,7.0,ok
16,15,0.8923076923076924,6.0,ok
16,16,0.7849462365591398,19.0,ok
16,17,0.6666666666666666,11.0,ok
16,18,0.8144329896907216,12.0,ok
16,19,0.8125,13.0,ok
16,20,0.8333333333333334,20.0,ok
16,21,0.6697247706422018,27.0,ok
16,22,0.8571428571428571,17.0,ok
16,23,0.7096774193548387,28.0,ok
16,24,0.603448275862069,26.0,ok
16,25,0.7285714285714285,25.0,ok
16,26,0.8260869565217391,23.0,ok
16,27,0.8440366972477065,24.0,ok
16,28,0.8108108108108109,18.0,ok
16,29,0.26229508196721313,22.0,ok
16,30,0.7692307692307693,30.0,ok
16,31,0.7792207792207793,29.0,ok
16,32,0.6511627906976745,21.0,ok
16,33,0.48148148148148145,22.0,ok
17,0,0.9820359281437125,0.0,ok
17,1,0.967391304347826,2.0,ok
17,2,0.875,1.0,ok
17,3,0.012658227848101266,3.0,ok
17,4,0.925,3.0,ok
17,5,0.9487179487179487,4.0,ok
17,6,0.9482288828337875,7.0,ok
17,7,0.015748031496062992,6.0,ok
17,8,0.9029126213592233,6.0,ok
17,9,0.9174311926605505,8.0,ok
17,10,0.9122807017543859,13.0,ok
17,11,0.9302325581395349,10.0,ok
17,12,0.9322033898305084,11.0,ok
17,13,0.8163265306122449,12.0,ok
17,14,0.8776978417266187,14.0,ok
17,15,0.9024390243902439,5.0,ok
17,16,0.865979381443299,9.0,ok
17,17,0.8064516129032258,15.0,ok
17,18,0.7571428571428571,20.0,ok
17,19,0.6767676767676768,16.0,ok
17,20,0.6923076923076923,18.0,ok
17,21,0.7073170731707317,19.0,ok
17,22,0.703125,17.0,ok
17,23,0.7538461538461538,28.0,ok
17,24,0.0,,no_overlapping_cluster
17,25,0.676923076923077,26.0,ok
17,26,0.7777777777777778,21.0,ok
17,27,0.7613941018766756,22.0,ok
17,28,0.5825242718446602,23.0,ok
17,29,0.23728813559322035,23.0,ok
17,30,0.8062015503875969,25.0,ok
17,31,0.7342657342657343,27.0,ok
17,32,0.14705882352941177,24.0,ok
17,33,0.48292682926829267,24.0,ok
18,0,0.9583333333333334,0.0,ok
18,1,0.9897959183673469,2.0,ok
18,2,0.9,1.0,ok
18,3,0.918918918918919,4.0,ok
18,4,0.8095238095238095,3.0,ok
18,5,0.0,,no_overlapping_cluster
18,6,0.9712041884816754,6.0,ok
18,7,0.10483870967741936,10.0,ok
18,8,0.7739130434782608,10.0,ok
18,9,0.9174311926605505,9.0,ok
18,10,0.9259259259259259,5.0,ok
18,11,0.8367346938775511,13.0,ok
18,12,0.8928571428571429,15.0,ok
18,13,0.7560975609756098,14.0,ok
18,14,0.86,7.0,ok
18,15,0.921875,8.0,ok
18,16,0.88,11.0,ok
18,17,0.6111111111111112,16.0,ok
18,18,0.7541666666666667,27.0,ok
18,19,0.84375,17.0,ok
18,20,0.7058823529411765,21.0,ok
18,21,0.6578947368421053,20.0,ok
18,22,0.7758620689655172,12.0,ok
18,23,0.7846153846153846,19.0,ok
18,24,0.3208955223880597,18.0,ok
18,25,0.30714285714285716,18.0,ok
18,26,0.6363636363636364,24.0,ok
18,27,0.7314112291350531,28.0,ok
18,28,0.8153846153846154,25.0,ok
18,29,0.8076923076923077,26.0,ok
18,30,0.8813559322033898,23.0,ok
18,31,0.7843137254901961,22.0,ok
18,32,0.1902439024390244,29.0,ok
18,33,0.4449760765550239,29.0,ok
19,0,0.9132947976878613,0.0,ok
19,1,0.9888888888888889,1.0,ok
19,2,0.8863636363636364,2.0,ok
19,3,0.00515818431911967,3.0,ok
19,4,0.005330123796423659,3.0,ok
19,5,0.0060178817056396145,3.0,ok
19,6,0.0625644551392231,3.0,ok
19,7,0.004298486932599725,3.0,ok
19,8,0.0171939477303989,3.0,ok
19,9,0.0187414030261348,3.0,ok
19,10,0.008253094910591471,3.0,ok
19,11,0.008253094910591471,3.0,ok
19,12,0.01925722145804677,3.0,ok
19,13,0.02200825309491059,3.0,ok
19,14,0.024071526822558458,3.0,ok
19,15,0.05330123796423659,3.0,ok
19,16,0.0171939477303989,3.0,ok
19,17,0.0365296803652968,0.0,ok
19,18,0.08235900962861073,3.0,ok
19,19,0.015130674002751032,3.0,ok
19,20,0.008253094910591471,3.0,ok
19,21,0.01685006877579092,3.0,ok
19,22,0.009112792297111417,3.0,ok
19,23,0.009112792297111417,3.0,ok
19,24,0.00859697386519945,3.0,ok
19,25,0.008768913342503439,3.0,ok
19,26,0.014786795048143054,3.0,ok
19,27,0.10711829436038514,3.0,ok
19,28,0.012379642365887207,3.0,ok
19,29,0.007909215955983494,3.0,ok
19,30,0.019429160935350756,3.0,ok
19,31,0.02372764786795048,3.0,ok
19,32,0.006189821182943604,3.0,ok
19,33,0.016334250343878955,3.0,ok
20,0,0.9775280898876404,0.0,ok
20,1,0.9655172413793104,1.0,ok
20,2,0.006997781191329579,2.0,ok
20,3,0.006656426011264721,2.0,ok
20,4,0.00546168288103772,2.0,ok
20,5,0.005973715651135006,2.0,ok
20,6,0.06041986687147977,2.0,ok
20,7,0.0047789725209080045,2.0,ok
20,8,0.014678272742788871,2.0,ok
20,9,0.01894521249359959,2.0,ok
20,10,0.009045912271718724,2.0,ok
20,11,0.006827103601297149,2.0,ok
20,12,0.01877453490356716,2.0,ok
20,13,0.021164021164021163,2.0,ok
20,14,0.02440689537463731,2.0,ok
20,15,0.05137395459976105,2.0,ok
20,16,0.01775046936337259,2.0,ok
20,17,0.010069977811913296,2.0,ok
20,18,0.0843147294760198,2.0,ok
20,19,0.015360983102918587,2.0,ok
20,20,0.008021846731524151,2.0,ok
20,21,0.018433179723502304,2.0,ok
20,22,0.010582010582010581,2.0,ok
20,23,0.00972862263184844,2.0,ok
20,24,0.008363201911589008,2.0,ok
20,25,0.008875234681686295,2.0,ok
20,26,0.014848950332821301,2.0,ok
20,27,0.1039426523297491,2.0,ok
20,28,0.01092336576207544,2.0,ok
20,29,0.007168458781362007,2.0,ok
20,30,0.01877453490356716,2.0,ok
20,31,0.023212152244410308,2.0,ok
20,32,0.005803038061102577,2.0,ok
20,33,0.017067759003242873,2.0,ok
21,0,0.9640718562874252,0.0,ok
21,1,0.8865979381443299,1.0,ok
21,2,0.8478260869565217,5.0,ok
21,3,0.005952380952380952,10.0,ok
21,4,0.8717948717948718,2.0,ok
21,5,1.0,4.0,ok
21,6,0.9581151832460733,8.0,ok
21,7,0.21481481481481482,6.0,ok
21,8,0.7153284671532847,6.0,ok
21,9,0.9019607843137255,7.0,ok
21,10,0.84,3.0,ok
21,11,0.8490566037735849,9.0,ok
21,12,0.9224137931034483,11.0,ok
21,13,0.7635135135135135,10.0,ok
21,14,0.8516129032258064,15.0,ok
21,15,0.9318181818181818,12.0,ok
21,16,0.9019607843137255,14.0,ok
21,17,0.6341463414634146,13.0,ok
21,18,0.7936507936507936,24.0,ok
21,19,0.6333333333333333,18.0,ok
21,20,0.8070175438596491,17.0,ok
21,21,0.7709923664122137,23.0,ok
21,22,0.8333333333333334,25.0,ok
21,23,0.7432432432432432,16.0,ok
21,24,0.7222222222222222,22.0,ok
21,25,0.5714285714285714,21.0,ok
21,26,0.7857142857142857,28.0,ok
21,27,0.7384393063583815,30.0,ok
21,28,0.5086206896551724,27.0,ok
21,29,0.29411764705882354,27.0,ok
21,30,0.781021897810219,20.0,ok
21,31,0.5824742268041238,19.0,ok
21,32,0.3974358974358974,29.0,ok
21,33,0.732824427480916,26.0,ok
22,0,0.9613259668508287,0.0,ok
22,1,0.978494623655914,1.0,ok
22,2,0.5507246376811594,2.0,ok
22,3,0.3815789473684211,2.0,ok
22,4,0.8947368421052632,3.0,ok
22,5,0.03076923076923077,25.0,ok
22,6,0.9562982005141388,6.0,ok
22,7,0.004830917874396135,6.0,ok
22,8,0.9603960396039604,4.0,ok
22,9,0.9065420560747663,5.0,ok
22,10,0.8846153846153846,9.0,ok
22,11,0.8333333333333334,11.0,ok
22,12,0.9147286821705426,12.0,ok
22,13,0.8251748251748252,13.0,ok
22,14,0.8895705521472392,8.0,ok
22,15,0.9279279279279279,7.0,ok
22,16,0.9117647058823529,16.0,ok
22,17,0.05950095969289827,14.0,ok
22,18,0.759927797833935,14.0,ok
22,19,0.7441860465116279,15.0,ok
22,20,0.6078431372549019,10.0,ok
22,21,0.6320754716981132,20.0,ok
22,22,0.8548387096774194,18.0,ok
22,23,0.8125,17.0,ok
22,24,0.7068965517241379,21.0,ok
22,25,0.6447368421052632,19.0,ok
22,26,0.8255813953488372,22.0,ok
22,27,0.7537764350453172,27.0,ok
22,28,0.7307692307692307,26.0,ok
22,29,0.5714285714285714,29.0,ok
22,30,0.8067226890756303,23.0,ok
22,31,0.7677419354838709,24.0,ok
22,32,0.5517241379310345,28.0,ok
22,33,0.7946428571428571,30.0,ok
23,0,0.9938650306748467,0.0,ok
23,1,0.945054945054945,2.0,ok
23,2,0.88,1.0,ok
23,3,0.95,3.0,ok
23,4,0.0,,no_overlapping_cluster
23,5,0.01098901098901099,25.0,ok
23,6,0.9592391304347826,6.0,ok
23,7,0.025974025974025976,1.0,ok
23,8,0.9611650485436893,4.0,ok
23,9,0.8596491228070176,9.0,ok
23,10,0.8771929824561403,5.0,ok
23,11,0.2,7.0,ok
23,12,0.9026548672566371,8.0,ok
23,13,0.5898876404494382,7.0,ok
23,14,0.8627450980392157,18.0,ok
23,15,0.901840490797546,10.0,ok
23,16,0.6086956521739131,15.0,ok
23,17,0.8225806451612904,12.0,ok
23,18,0.8326923076923077,14.0,ok
23,19,0.8333333333333334,11.0,ok
23,20,0.7413793103448276,16.0,ok
23,21,0.6448598130841121,24.0,ok
23,22,0.8405797101449275,19.0,ok
23,23,0.8153846153846154,25.0,ok
23,24,0.6507936507936508,23.0,ok
23,25,0.6043956043956044,22.0,ok
23,26,0.8478260869565217,13.0,ok
23,27,0.7576142131979695,17.0,ok
23,28,0.7419354838709677,20.0,ok
23,29,0.072,20.0,ok
23,30,0.8524590163934426,27.0,ok
23,31,0.7515527950310559,26.0,ok
23,32,0.15172413793103448,21.0,ok
23,33,0.6549295774647887,21.0,ok
24,0,0.9225352112676056,0.0,ok
24,1,0.9565217391304348,2.0,ok
24,2,0.86,1.0,ok
24,3,0.9736842105263158,3.0,ok
24,4,0.0,,no_overlapping_cluster
24,5,0.001394700139470014,25.0,ok
24,6,0.9404145077720207,6.0,ok
24,7,0.03553299492385787,6.0,ok
24,8,0.9292929292929293,5.0,ok
24,9,0.8918918918918919,9.0,ok
24,10,0.9019607843137255,4.0,ok
24,11,0.7313432835820896,7.0,ok
24,12,0.9380530973451328,12.0,ok
24,13,0.4583333333333333,11.0,ok
24,14,0.8909090909090909,10.0,ok
24,15,0.930921052631579,8.0,ok
24,16,0.7211538461538461,16.0,ok
24,17,0.007142857142857143,2.0,ok
24,18,0.7490118577075099,21.0,ok
24,19,0.7578947368421053,15.0,ok
24,20,0.8518518518518519,17.0,ok
24,21,0.49714285714285716,20.0,ok
24,22,0.7936507936507936,13.0,ok
24,23,0.7692307692307693,23.0,ok
24,24,0.20348837209302326,20.0,ok
24,25,0.589041095890411,19.0,ok
24,26,0.07790368271954674,25.0,ok
24,27,0.7086092715231788,25.0,ok
24,28,0.6888888888888889,14.0,ok
24,29,0.08823529411764706,24.0,ok
24,30,0.8,18.0,ok
24,31,0.7884615384615384,22.0,ok
24,32,0.1388888888888889,24.0,ok
24,33,0.3794466403162055,24.0,ok
25,0,0.9696969696969697,0.0,ok
25,1,0.9583333333333334,1.0,ok
25,2,0.9361702127659575,2.0,ok
25,3,0.9230769230769231,3.0,ok
25,4,0.0,,no_overlapping_cluster
25,5,0.010752688172043012,21.0,ok
25,6,0.9036144578313253,5.0,ok
25,7,0.047961630695443645,5.0,ok
25,8,0.8461538461538461,4.0,ok
25,9,0.9130434782608695,11.0,ok
25,10,0.9230769230769231,6.0,ok
25,11,0.8571428571428571,15.0,ok
25,12,0.9224137931034483,17.0,ok
25,13,0.7045454545454546,18.0,ok
25,14,0.8947368421052632,8.0,ok
25,15,0.9279279279279279,7.0,ok
25,16,0.8282828282828283,13.0,ok
25,17,0.005263157894736842,8.0,ok
25,18,0.7854330708661418,22.0,ok
25,19,0.8645833333333334,12.0,ok
25,20,0.7321428571428571,10.0,ok
25,21,0.4230769230769231,14.0,ok
25,22,0.8548387096774194,9.0,ok
25,23,0.7605633802816901,21.0,ok
25,24,0.16810344827586207,14.0,ok
25,25,0.6470588235294118,16.0,ok
25,26,0.7065217391304348,23.0,ok
25,27,0.7701149425287356,26.0,ok
25,28,0.7763157894736842,24.0,ok
25,29,0.17672413793103448,25.0,ok
25,30,0.8166666666666667,19.0,ok
25,31,0.7777777777777778,20.0,ok
25,32,0.1415929203539823,25.0,ok
25,33,0.3648068669527897,25.0,ok
26,0,0.9695121951219512,0.0,ok
26,1,0.9805825242718447,1.0,ok
26,2,0.8979591836734694,4.0,ok
26,3,1.0,2.0,ok
26,4,0.7948717948717948,7.0,ok
26,5,0.011764705882352941,21.0,ok
26,6,0.9764397905759162,6.0,ok
26,7,0.01282051282051282,4.0,ok
26,8,0.925531914893617,3.0,ok
26,9,0.8879310344827587,5.0,ok
26,10,0.9245283018867925,8.0,ok
26,11,0.8958333333333334,9.0,ok
26,12,0.9298245614035088,11.0,ok
26,13,0.782608695652174,10.0,ok
26,14,0.8733333333333333,17.0,ok
26,15,0.9151515151515152,13.0,ok
26,16,0.9052631578947369,15.0,ok
26,17,0.7236842105263158,12.0,ok
26,18,0.7195876288659794,28.0,ok
26,19,0.84375,14.0,ok
26,20,0.7619047619047619,18.0,ok
26,21,0.717948717948718,19.0,ok
26,22,0.859375,16.0,ok
26,23,0.6721311475409836,21.0,ok
26,24,0.32116788321167883,20.0,ok
26,25,0.2620689655172414,20.0,ok
26,26,0.7788461538461539,24.0,ok
26,27,0.7904509283819628,25.0,ok
26,28,0.8354430379746836,22.0,ok
26,29,0.75,23.0,ok
26,30,0.7627118644067796,27.0,ok
26,31,0.7516339869281046,26.0,ok
26,32,0.2,29.0,ok
26,33,0.5125,29.0,ok
27,0,0.92,0.0,ok
27,1,0.98989898989899,1.0,ok
27,2,0.9591836734693877,3.0,ok
27,3,0.8333333333333334,2.0,ok
27,4,0.0,,no_overlapping_cluster
27,5,0.00872093023255814,5.0,ok
27,6,0.9075,9.0,ok
27,7,0.04197530864197531,9.0,ok
27,8,0.9320388349514563,4.0,ok
27,9,0.896551724137931,8.0,ok
27,10,0.9148936170212766,12.0,ok
27,11,0.8076923076923077,7.0,ok
27,12,0.9243697478991597,10.0,ok
27,13,0.8235294117647058,11.0,ok
27,14,0.8269230769230769,16.0,ok
27,15,0.9037267080745341,5.0,ok
27,16,0.8288288288288288,15.0,ok
27,17,0.6875,13.0,ok
27,18,0.7177914110429447,24.0,ok
27,19,0.8942307692307693,14.0,ok
27,20,0.75,6.0,ok
27,21,0.37554585152838427,19.0,ok
27,22,0.8571428571428571,18.0,ok
27,23,0.7868852459016393,21.0,ok
27,24,0.16517857142857142,19.0,ok
27,25,0.5409836065573771,20.0,ok
27,26,0.6390977443609023,23.0,ok
27,27,0.721875,25.0,ok
27,28,0.5346534653465347,27.0,ok
27,29,0.2777777777777778,27.0,ok
27,30,0.7785714285714286,17.0,ok
27,31,0.7651006711409396,22.0,ok
27,32,0.13043478260869565,26.0,ok
27,33,0.5337078651685393,26.0,ok
28,0,0.9877300613496932,0.0,ok
28,1,0.9772727272727273,1.0,ok
28,2,0.9565217391304348,3.0,ok
28,3,0.9361702127659575,2.0,ok
28,4,0.5849056603773585,5.0,ok
28,5,0.010869565217391304,20.0,ok
28,6,0.9683377308707124,6.0,ok
28,7,0.25,4.0,ok
28,8,0.656934306569343,4.0,ok
28,9,0.8632478632478633,7.0,ok
28,10,0.9215686274509803,16.0,ok
28,11,0.9,8.0,ok
28,12,0.9459459459459459,10.0,ok
28,13,0.8424657534246576,9.0,ok
28,14,0.8843537414965986,13.0,ok
28,15,0.9113924050632911,11.0,ok
28,16,0.5517241379310345,17.0,ok
28,17,0.746031746031746,12.0,ok
28,18,0.778672032193159,24.0,ok
28,19,0.7204301075268817,28.0,ok
28,20,0.8275862068965517,14.0,ok
28,21,0.5548387096774193,19.0,ok
28,22,0.7936507936507936,18.0,ok
28,23,0.7910447761194029,20.0,ok
28,24,0.15822784810126583,19.0,ok
28,25,0.41975308641975306,15.0,ok
28,26,0.7078651685393258,25.0,ok
28,27,0.7596795727636849,29.0,ok
28,28,0.8043478260869565,21.0,ok
28,29,0.7818181818181819,26.0,ok
28,30,0.7936507936507936,22.0,ok
28,31,0.7105263157894737,23.0,ok
28,32,0.1791044776119403,27.0,ok
28,33,0.46534653465346537,27.0,ok
29,0,0.975609756097561,0.0,ok
29,1,0.978021978021978,1.0,ok
29,2,0.9166666666666666,3.0,ok
29,3,0.975609756097561,2.0,ok
29,4,0.006535947712418301,11.0,ok
29,5,0.002898550724637681,7.0,ok
29,6,0.9675675675675676,9.0,ok
29,7,0.014705882352941176,3.0,ok
29,8,0.9120879120879121,4.0,ok
29,9,0.905982905982906,10.0,ok
29,10,0.9411764705882353,6.0,ok
29,11,0.9111111111111111,8.0,ok
29,12,0.896,11.0,ok
29,13,0.7698412698412699,12.0,ok
29,14,0.9333333333333333,15.0,ok
29,15,0.9130434782608695,7.0,ok
29,16,0.7087378640776699,18.0,ok
29,17,0.8032786885245902,5.0,ok
29,18,0.8018181818181818,13.0,ok
29,19,0.6382978723404256,19.0,ok
29,20,0.00641025641025641,20.0,ok
29,21,0.5607476635514018,21.0,ok
29,22,0.8405797101449275,14.0,ok
29,23,0.48148148148148145,26.0,ok
29,24,0.6470588235294118,22.0,ok
29,25,0.3114754098360656,26.0,ok
29,26,0.7857142857142857,23.0,ok
29,27,0.8015267175572519,24.0,ok
29,28,0.8507462686567164,16.0,ok
29,29,0.17982456140350878,17.0,ok
29,30,0.7952755905511811,20.0,ok
29,31,0.8108108108108109,25.0,ok
29,32,0.16666666666666666,17.0,ok
29,33,0.42857142857142855,17.0,ok
30,0,0.95625,0.0,ok
30,1,0.9887640449438202,1.0,ok
30,2,0.9574468085106383,2.0,ok
30,3,0.7674418604651163,3.0,ok
30,4,0.01098901098901099,21.0,ok
30,5,0.0,,no_overlapping_cluster
30,6,0.9571045576407506,5.0,ok
30,7,0.0,,no_overlapping_cluster
30,8,0.9393939393939394,4.0,ok
30,9,0.8608695652173913,6.0,ok
30,10,0.9433962264150944,16.0,ok
30,11,0.9166666666666666,8.0,ok
30,12,0.9256198347107438,10.0,ok
30,13,0.6466165413533834,9.0,ok
30,14,0.8496732026143791,14.0,ok
30,15,0.9079754601226994,7.0,ok
30,16,0.6504854368932039,13.0,ok
30,17,0.46875,11.0,ok
30,18,0.798828125,15.0,ok
30,19,0.6021505376344086,21.0,ok
30,20,0.819672131147541,12.0,ok
30,21,0.7435897435897436,18.0,ok
30,22,0.8142857142857143,17.0,ok
30,23,0.7941176470588235,23.0,ok
30,24,0.5254237288135594,19.0,ok
30,25,0.6533333333333333,20.0,ok
30,26,0.7586206896551724,26.0,ok
30,27,0.69375,30.0,ok
30,28,0.696078431372549,25.0,ok
30,29,0.6938775510204082,27.0,ok
30,30,0.8067226890756303,22.0,ok
30,31,0.6648648648648648,24.0,ok
30,32,0.5357142857142857,29.0,ok
30,33,0.7844827586206896,28.0,ok
31,0,0.9696969696969697,0.0,ok
31,1,0.9797979797979798,1.0,ok
31,2,0.7894736842105263,2.0,ok
31,3,0.8936170212765957,3.0,ok
31,4,0.47058823529411764,4.0,ok
31,5,0.011428571428571429,6.0,ok
31,6,0.9476439790575916,8.0,ok
31,7,0.025,2.0,ok
31,8,0.9191919191919192,5.0,ok
31,9,0.9017857142857143,15.0,ok
31,10,0.8333333333333334,12.0,ok
31,11,0.8043478260869565,19.0,ok
31,12,0.9259259259259259,18.0,ok
31,13,0.697841726618705,17.0,ok
31,14,0.8481012658227848,9.0,ok
31,15,0.9244712990936556,6.0,ok
31,16,0.6470588235294118,10.0,ok
31,17,0.68,7.0,ok
31,18,0.8171428571428572,13.0,ok
31,19,0.8252427184466019,11.0,ok
31,20,0.84,14.0,ok
31,21,0.5891472868217055,20.0,ok
31,22,0.75,16.0,ok
31,23,0.7605633802816901,23.0,ok
31,24,0.2743362831858407,22.0,ok
31,25,0.3853211009174312,22.0,ok
31,26,0.8252427184466019,24.0,ok
31,27,0.780380673499268,26.0,ok
31,28,0.788235294117647,21.0,ok
31,29,0.13653136531365315,25.0,ok
31,30,0.6513761467889908,28.0,ok
31,31,0.6503496503496503,27.0,ok
31,32,0.14559386973180077,25.0,ok
31,33,0.36363636363636365,25.0,ok
32,0,0.9884393063583815,0.0,ok
32,1,0.9680851063829787,1.0,ok
32,2,0.9574468085106383,2.0,ok
32,3,0.0,,no_overlapping_cluster
32,4,0.0,,no_overlapping_cluster
32,5,0.009345794392523364,20.0,ok
32,6,0.9598997493734336,6.0,ok
32,7,0.0,,no_overlapping_cluster
32,8,1.0,4.0,ok
32,9,0.9230769230769231,5.0,ok
32,10,0.9811320754716981,3.0,ok
32,11,0.8301886792452831,7.0,ok
32,12,0.912,8.0,ok
32,13,0.835820895522388,9.0,ok
32,14,0.8924050632911392,12.0,ok
32,15,0.9027355623100304,10.0,ok
32,16,0.6534653465346535,11.0,ok
32,17,0.7868852459016393,13.0,ok
32,18,0.8196392785571143,18.0,ok
32,19,0.825,17.0,ok
32,20,0.6666666666666666,14.0,ok
32,21,0.4810810810810811,16.0,ok
32,22,0.8813559322033898,15.0,ok
32,23,0.7733333333333333,20.0,ok
32,24,0.18478260869565216,16.0,ok
32,25,0.4,19.0,ok
32,26,0.8085106382978723,25.0,ok
32,27,0.7801418439716312,26.0,ok
32,28,0.5,21.0,ok
32,29,0.20297029702970298,22.0,ok
32,30,0.7622950819672131,23.0,ok
32,31,0.6544502617801047,24.0,ok
32,32,0.17777777777777778,21.0,ok
32,33,0.4577114427860697,22.0,ok
33,0,0.9709302325581395,0.0,ok
33,1,0.98989898989899,2.0,ok
33,2,1.0,1.0,ok
33,3,0.014084507042253521,3.0,ok
33,4,0.8974358974358975,3.0,ok
33,5,0.008403361344537815,7.0,ok
33,6,0.9622641509433962,5.0,ok
33,7,0.07462686567164178,4.0,ok
33,8,0.868421052631579,4.0,ok
33,9,0.908256880733945,6.0,ok
33,10,0.8846153846153846,17.0,ok
33,11,0.7413793103448276,12.0,ok
33,12,0.9322033898305084,13.0,ok
33,13,0.7777777777777778,14.0,ok
33,14,0.8787878787878788,8.0,ok
33,15,0.8958333333333334,7.0,ok
33,16,0.6326530612244898,16.0,ok
33,17,0.8305084745762712,9.0,ok
33,18,0.8160919540229885,10.0,ok
33,19,0.8631578947368421,11.0,ok
33,20,0.6730769230769231,18.0,ok
33,21,0.7355371900826446,21.0,ok
33,22,0.8245614035087719,15.0,ok
33,23,0.828125,25.0,ok
33,24,0.7894736842105263,22.0,ok
33,25,0.6388888888888888,23.0,ok
33,26,0.5842696629213483,26.0,ok
33,27,0.7333333333333333,27.0,ok
33,28,0.7368421052631579,28.0,ok
33,29,0.19642857142857142,29.0,ok
33,30,0.8,20.0,ok
33,31,0.7857142857142857,24.0,ok
33,32,0.0019193857965451055,10.0,ok
33,33,0.5705521472392638,29.0,ok
34,0,0.9467455621301775,0.0,ok
34,1,0.9484536082474226,1.0,ok
34,2,0.8076923076923077,2.0,ok
34,3,0.011111111111111112,2.0,ok
34,4,0.8372093023255814,4.0,ok
34,5,0.0,,no_overlapping_cluster
34,6,0.9306666666666666,8.0,ok
34,7,0.024390243902439025,2.0,ok
34,8,0.8865979381443299,6.0,ok
34,9,0.8571428571428571,10.0,ok
34,10,0.9285714285714286,3.0,ok
34,11,0.9347826086956522,9.0,ok
34,12,0.9099099099099099,12.0,ok
34,13,0.7919463087248322,13.0,ok
34,14,0.8410596026490066,15.0,ok
34,15,0.932258064516129,5.0,ok
34,16,0.8969072164948454,16.0,ok
34,17,0.484375,14.0,ok
34,18,0.7259713701431493,26.0,ok
34,19,0.8021978021978022,7.0,ok
34,20,0.7586206896551724,11.0,ok
34,21,0.6526315789473685,20.0,ok
34,22,0.7966101694915254,17.0,ok
34,23,0.8412698412698413,21.0,ok
34,24,0.6721311475409836,19.0,ok
34,25,0.5072463768115942,18.0,ok
34,26,0.7619047619047619,24.0,ok
34,27,0.7674750356633381,25.0,ok
34,28,0.7605633802816901,28.0,ok
34,29,0.6346153846153846,29.0,ok
34,30,0.8135593220338984,22.0,ok
34,31,0.6526315789473685,23.0,ok
34,32,0.5833333333333334,27.0,ok
34,33,0.7830188679245284,30.0,ok
35,0,0.9818181818181818,0.0,ok
35,1,0.9680851063829787,1.0,ok
35,2,0.8775510204081632,3.0,ok
35,3,0.8913043478260869,2.0,ok
35,4,0.0,,no_overlapping_cluster
35,5,0.0,,no_overlapping_cluster
35,6,0.9662337662337662,9.0,ok
35,7,0.031746031746031744,4.0,ok
35,8,0.8846153846153846,4.0,ok
35,9,0.8942307692307693,8.0,ok
35,10,0.8727272727272727,5.0,ok
35,11,0.9333333333333333,7.0,ok
35,12,0.923728813559322,13.0,ok
35,13,0.7866666666666666,12.0,ok
35,14,0.8525641025641025,14.0,ok
35,15,0.9033333333333333,6.0,ok
35,16,0.4962962962962963,18.0,ok
35,17,0.7678571428571429,10.0,ok
35,18,0.8307984790874525,11.0,ok
35,19,0.8061224489795918,17.0,ok
35,20,0.7169811320754716,26.0,ok
35,21,0.625,28.0,ok
35,22,0.76,15.0,ok
35,23,0.7323943661971831,23.0,ok
35,24,0.6785714285714286,27.0,ok
35,25,0.6588235294117647,25.0,ok
35,26,0.7419354838709677,29.0,ok
35,27,0.7682737169517885,30.0,ok
35,28,0.7590361445783133,21.0,ok
35,29,0.8363636363636363,22.0,ok
35,30,0.816,19.0,ok
35,31,0.6594594594594595,24.0,ok
35,32,0.09836065573770492,20.0,ok
35,33,0.5952380952380952,20.0,ok
36,0,0.96875,0.0,ok
36,1,0.9705882352941176,1.0,ok
36,2,0.9333333333333333,3.0,ok
36,3,1.0,2.0,ok
36,4,0.0,,no_overlapping_cluster
36,5,0.0,,no_overlapping_cluster
36,6,0.659400544959128,10.0,ok
36,7,0.075,6.0,ok
36,8,0.8712871287128713,6.0,ok
36,9,0.9074074074074074,8.0,ok
36,10,0.8518518518518519,14.0,ok
36,11,0.7636363636363637,9.0,ok
36,12,0.9152542372881356,12.0,ok
36,13,0.5984848484848485,13.0,ok
36,14,0.8805031446540881,18.0,ok
36,15,0.8955696202531646,4.0,ok
36,16,0.5454545454545454,17.0,ok
36,17,0.6527777777777778,7.0,ok
36,18,0.8015267175572519,19.0,ok
36,19,0.7596153846153846,15.0,ok
36,20,0.8148148148148148,5.0,ok
36,21,0.7169811320754716,22.0,ok
36,22,0.85,16.0,ok
36,23,0.7272727272727273,24.0,ok
36,24,0.6949152542372882,21.0,ok
36,25,0.6626506024096386,23.0,ok
36,26,0.8404255319148937,27.0,ok
36,27,0.7886297376093294,28.0,ok
36,28,0.8208955223880597,26.0,ok
36,29,0.8113207547169812,29.0,ok
36,30,0.8389830508474576,20.0,ok
36,31,0.7469135802469136,25.0,ok
36,32,0.029850746268656716,30.0,ok
36,33,0.7631578947368421,30.0,ok
37,0,0.9702380952380952,0.0,ok
37,1,0.96875,1.0,ok
37,2,0.8076923076923077,3.0,ok
37,3,0.5,2.0,ok
37,4,0.4189189189189189,2.0,ok
37,5,0.005577828133170646,4.0,ok
37,6,0.06431933066062402,4.0,ok
37,7,0.05555555555555555,3.0,ok
37,8,0.015687641624542444,4.0,ok
37,9,0.019348091336935682,4.0,ok
37,10,0.009063970716402301,4.0,ok
37,11,0.008018127941432805,4.0,ok
37,12,0.020045319853582013,4.0,ok
37,13,0.021614084016036254,4.0,ok
37,14,0.025971762245075823,4.0,ok
37,15,0.05229213874847481,4.0,ok
37,16,0.017779327174481437,4.0,ok
37,17,0.00958689210388705,4.0,ok
37,18,0.0827958863517518,4.0,ok
37,19,0.016210563012027192,4.0,ok
37,20,0.00836674219975597,4.0,ok
37,21,0.018302248561966186,4.0,ok
37,22,0.010458427749694962,4.0,ok
37,23,0.010109813491371798,4.0,ok
37,24,0.007146592295624891,4.0,ok
37,25,0.009412584974725467,4.0,ok
37,26,0.014641798849572948,4.0,ok
37,27,0.10841903433850444,4.0,ok
37,28,0.011502265597769257,4.0,ok
37,29,0.009238277845563884,4.0,ok
37,30,0.018127941432804603,4.0,ok
37,31,0.023008541049328916,4.0,ok
37,32,0.006100749520655395,4.0,ok
37,33,0.017082098657835106,4.0,ok
38,0,0.9764705882352941,0.0,ok
38,1,0.9900990099009901,2.0,ok
38,2,0.851063829787234,3.0,ok
38,3,0.9473684210526315,1.0,ok
38,4,0.0,,no_overlapping_cluster
38,5,0.002932551319648094,6.0,ok
38,6,0.96875,7.0,ok
38,7,0.03389830508474576,4.0,ok
38,8,0.9081632653061225,4.0,ok
38,9,0.9024390243902439,8.0,ok
38,10,0.8888888888888888,5.0,ok
38,11,0.8113207547169812,9.0,ok
38,12,0.9279279279279279,10.0,ok
38,13,0.8091603053435115,11.0,ok
38,14,0.8343949044585988,12.0,ok
38,15,0.9326923076923077,6.0,ok
38,16,0.6880733944954128,13.0,ok
38,17,0.00234192037470726,7.0,ok
38,18,0.7695390781563126,18.0,ok
38,19,0.7640449438202247,14.0,ok
38,20,0.7346938775510204,21.0,ok
38,21,0.5555555555555556,22.0,ok
38,22,0.8793103448275862,15.0,ok
38,23,0.8115942028985508,20.0,ok
38,24,0.125,22.0,ok
38,25,0.6829268292682927,17.0,ok
38,26,0.7676767676767676,26.0,ok
38,27,0.7434402332361516,27.0,ok
38,28,0.7887323943661971,23.0,ok
38,29,0.8688524590163934,24.0,ok
38,30,0.6928104575163399,16.0,ok
38,31,0.7627118644067796,19.0,ok
38,32,0.06164383561643835,25.0,ok
38,33,0.676923076923077,25.0,ok
39,0,0.930635838150289,1.0,ok
39,1,0.9894736842105263,0.0,ok
39,2,0.9111111111111111,3.0,ok
39,3,0.8974358974358975,2.0,ok
39,4,0.8205128205128205,6.0,ok
39,5,0.0,,no_overlapping_cluster
39,6,0.9310344827586207,7.0,ok
39,7,0.023923444976076555,7.0,ok
39,8,0.9532710280373832,4.0,ok
39,9,0.9051724137931034,8.0,ok
39,10,0.96,5.0,ok
39,11,0.7096774193548387,11.0,ok
39,12,0.9243697478991597,13.0,ok
39,13,0.7777777777777778,12.0,ok
39,14,0.8136645962732919,16.0,ok
39,15,0.9335443037974683,10.0,ok
39,16,0.8899082568807339,15.0,ok
39,17,0.6212121212121212,9.0,ok
39,18,0.776908023483366,21.0,ok
39,19,0.797979797979798,14.0,ok
39,20,0.6346153846153846,17.0,ok
39,21,0.6805555555555556,19.0,ok
39,22,0.6451612903225806,18.0,ok
39,23,0.8059701492537313,22.0,ok
39,24,0.2777777777777778,20.0,ok
39,25,0.3770491803278688,20.0,ok
39,26,0.7528089887640449,27.0,ok
39,27,0.5245641838351822,29.0,ok
39,28,0.8450704225352113,24.0,ok
39,29,0.7142857142857143,25.0,ok
39,30,0.27247191011235955,23.0,ok
39,31,0.3398876404494382,23.0,ok
39,32,0.06896551724137931,26.0,ok
39,33,0.56875,26.0,ok
40,0,0.9640718562874252,0.0,ok
40,1,0.9690721649484536,1.0,ok
40,2,0.7857142857142857,2.0,ok
40,3,0.011363636363636364,2.0,ok
40,4,0.001904432132963989,3.0,ok
40,5,0.006774361646690985,3.0,ok
40,6,0.06806737280777912,3.0,ok
40,7,0.004168837936425221,3.0,ok
40,8,0.03597122302158273,2.0,ok
40,9,0.017543859649122806,3.0,ok
40,10,0.009379885356956748,3.0,ok
40,11,0.0074691679694285215,3.0,ok
40,12,0.018759770713913496,3.0,ok
40,13,0.0220601007469168,3.0,ok
40,14,0.026402640264026403,3.0,ok
40,15,0.05089456314052458,3.0,ok
40,16,0.016675351745700884,3.0,ok
40,17,0.009553586937641132,3.0,ok
40,18,0.08249392150052101,3.0,ok
40,19,0.015285739100225812,3.0,ok
40,20,0.008337675872850442,3.0,ok
40,21,0.017543859649122806,3.0,ok
40,22,0.010074691679694285,3.0,ok
40,23,0.009900990099009901,3.0,ok
40,24,0.008337675872850442,3.0,ok
40,25,0.009727288518325517,3.0,ok
40,26,0.014243529616119507,3.0,ok
40,27,0.1045683515719993,3.0,ok
40,28,0.011638005905853743,3.0,ok
40,29,0.008858780614903595,3.0,ok
40,30,0.019454577036651034,3.0,ok
40,31,0.02171269758554803,3.0,ok
40,32,0.006253256904637832,3.0,ok
40,33,0.017196456487754037,3.0,ok
41,0,0.975609756097561,0.0,ok
41,1,0.9368421052631579,1.0,ok
41,2,0.9019607843137255,2.0,ok
41,3,0.0,,no_overlapping_cluster
41,4,0.0,,no_overlapping_cluster
41,5,0.0015600624024961,28.0,ok
41,6,0.961340206185567,4.0,ok
41,7,0.02702702702702703,2.0,ok
41,8,0.9361702127659575,3.0,ok
41,9,0.8938053097345132,5.0,ok
41,10,0.9387755102040817,13.0,ok
41,11,0.8541666666666666,6.0,ok
41,12,0.9083333333333333,11.0,ok
41,13,0.7071428571428572,10.0,ok
41,14,0.8940397350993378,9.0,ok
41,15,0.9344262295081968,7.0,ok
41,16,0.8867924528301887,12.0,ok
41,17,0.4461538461538462,8.0,ok
41,18,0.7599206349206349,17.0,ok
41,19,0.711340206185567,16.0,ok
41,20,0.7755102040816326,14.0,ok
41,21,0.7372881355932204,18.0,ok
41,22,0.8,15.0,ok
41,23,0.7258064516129032,24.0,ok
41,24,0.6027397260273972,20.0,ok
41,25,0.5652173913043478,21.0,ok
41,26,0.5,27.0,ok
41,27,0.7756598240469208,28.0,ok
41,28,0.7857142857142857,19.0,ok
41,29,0.1258741258741259,22.0,ok
41,30,0.75,26.0,ok
41,31,0.7448275862068966,25.0,ok
41,32,0.48148148148148145,23.0,ok
41,33,0.5923076923076923,22.0,ok
42,0,0.9879518072289156,0.0,ok
42,1,0.9484536082474226,2.0,ok
42,2,0.8958333333333334,1.0,ok
42,3,0.007051943584451325,3.0,ok
42,4,0.0046439628482972135,3.0,ok
42,5,0.006363949088407293,3.0,ok
42,6,0.06140350877192982,3.0,ok
42,7,0.014492753623188406,1.0,ok
42,8,0.016167870657034743,3.0,ok
42,9,0.018575851393188854,3.0,ok
42,10,0.008427932576539388,3.0,ok
42,11,0.007911936704506364,3.0,ok
42,12,0.019091847265221878,3.0,ok
42,13,0.021843825249398006,3.0,ok
42,14,0.024079807361541108,3.0,ok
42,15,0.05228758169934641,3.0,ok
42,16,0.017027863777089782,3.0,ok
42,17,0.009458297506448839,3.0,ok
42,18,0.07997936016511868,3.0,ok
42,19,0.016855865153078776,3.0,ok
42,20,0.008427932576539388,3.0,ok
42,21,0.016683866529067767,3.0,ok
42,22,0.010491916064671482,3.0,ok
42,23,0.010491916064671482,3.0,ok
42,24,0.008255933952528379,3.0,ok
42,25,0.007911936704506364,3.0,ok
42,26,0.016511867905056758,3.0,ok
42,27,0.10560715514275885,3.0,ok
42,28,0.011695906432748537,3.0,ok
42,29,0.008255933952528379,3.0,ok
42,30,0.018747850017199863,3.0,ok
42,31,0.021843825249398006,3.0,ok
42,32,0.005159958720330237,3.0,ok
42,33,0.0173718610251118,3.0,ok
43,0,0.9523809523809523,0.0,ok
43,1,0.9065420560747663,2.0,ok
43,2,0.9333333333333333,1.0,ok
43,3,0.9545454545454546,3.0,ok
43,4,0.8536585365853658,4.0,ok
43,5,0.0029069767441860465,6.0,ok
43,6,0.9595687331536388,11.0,ok
43,7,0.042735042735042736,9.0,ok
43,8,0.9072164948453608,9.0,ok
43,9,0.9166666666666666,10.0,ok
43,10,0.96,5.0,ok
43,11,0.9318181818181818,13.0,ok
43,12,0.8833333333333333,14.0,ok
43,13,0.8194444444444444,15.0,ok
43,14,0.879746835443038,8.0,ok
43,15,0.913312693498452,6.0,ok
43,16,0.8490566037735849,16.0,ok
43,17,0.6323529411764706,7.0,ok
43,18,0.7041666666666667,27.0,ok
43,19,0.9375,12.0,ok
43,20,0.8,17.0,ok
43,21,0.7,19.0,ok
43,22,0.8333333333333334,18.0,ok
43,23,0.7966101694915254,21.0,ok
43,24,0.38738738738738737,20.0,ok
43,25,0.3252032520325203,20.0,ok
43,26,0.6344086021505376,22.0,ok
43,27,0.7558479532163743,25.0,ok
43,28,0.7761194029850746,26.0,ok
43,29,0.14285714285714285,29.0,ok
43,30,0.7807017543859649,24.0,ok
43,31,0.7734375,23.0,ok
43,32,0.55,28.0,ok
43,33,0.632,29.0,ok
44,0,0.9411764705882353,0.0,ok
44,1,0.9574468085106383,1.0,ok
44,2,0.9111111111111111,2.0,ok
44,3,0.8809523809523809,3.0,ok
44,4,0.8095238095238095,4.0,ok
44,5,0.0,,no_overlapping_cluster
44,6,0.8781094527363185,11.0,ok
44,7,0.06870229007633588,11.0,ok
44,8,0.9519230769230769,5.0,ok
44,9,0.8672566371681416,10.0,ok
44,10,0.8928571428571429,12.0,ok
44,11,0.9183673469387755,13.0,ok
44,12,0.8888888888888888,14.0,ok
44,13,0.8424657534246576,15.0,ok
44,14,0.852760736196319,7.0,ok
44,15,0.8918918918918919,6.0,ok
44,16,0.8272727272727273,17.0,ok
44,17,0.6949152542372882,8.0,ok
44,18,0.8022598870056498,9.0,ok
44,19,0.7473684210526316,18.0,ok
44,20,0.7058823529411765,16.0,ok
44,21,0.7207207207207207,21.0,ok
44,22,0.8596491228070176,20.0,ok
44,23,0.7857142857142857,24.0,ok
44,24,0.3211009174311927,22.0,ok
44,25,0.44761904761904764,22.0,ok
44,26,0.8229166666666666,19.0,ok
44,27,0.7314112291350531,27.0,ok
44,28,0.7764705882352941,26.0,ok
44,29,0.5614035087719298,28.0,ok
44,30,0.8203125,23.0,ok
44,31,0.7631578947368421,25.0,ok
44,32,0.5576923076923077,29.0,ok
44,33,0.822429906542056,30.0,ok
45,0,0.9661016949152542,0.0,ok
45,1,0.9607843137254902,1.0,ok
45,2,0.8461538461538461,4.0,ok
45,3,0.926829268292683,2.0,ok
45,4,0.0,,no_overlapping_cluster
45,5,0.006211180124223602,9.0,ok
45,6,0.947945205479452,7.0,ok
45,7,0.008064516129032258,5.0,ok
45,8,0.92,5.0,ok
45,9,0.9019607843137255,6.0,ok
45,10,0.8928571428571429,3.0,ok
45,11,0.8723404255319149,17.0,ok
45,12,0.8968253968253969,11.0,ok
45,13,0.6422764227642277,12.0,ok
45,14,0.8571428571428571,8.0,ok
45,15,0.9210526315789473,9.0,ok
45,16,0.6886792452830188,13.0,ok
45,17,0.0,,no_overlapping_cluster
45,18,0.8069815195071869,22.0,ok
45,19,0.8785046728971962,10.0,ok
45,20,0.7894736842105263,14.0,ok
45,21,0.46226415094339623,16.0,ok
45,22,0.8235294117647058,15.0,ok
45,23,0.7162162162162162,18.0,ok
45,24,0.1943127962085308,16.0,ok
45,25,0.5526315789473685,19.0,ok
45,26,0.6989247311827957,26.0,ok
45,27,0.7623456790123457,27.0,ok
45,28,0.7532467532467533,25.0,ok
45,29,0.7894736842105263,24.0,ok
45,30,0.7652173913043478,21.0,ok
45,31,0.7534246575342466,20.0,ok
45,32,0.15418502202643172,23.0,ok
45,33,0.42358078602620086,23.0,ok
46,0,0.9588235294117647,0.0,ok
46,1,0.9545454545454546,1.0,ok
46,2,0.9183673469387755,2.0,ok
46,3,0.006389224658953549,3.0,ok
46,4,0.006043861163874978,3.0,ok
46,5,0.006043861163874978,3.0,ok
46,6,0.06406492833707478,3.0,ok
46,7,0.02631578947368421,2.0,ok
46,8,0.01761353824900708,3.0,ok
46,9,0.018131583491624935,3.0,ok
46,10,0.008288723881885684,3.0,ok
46,11,0.007597996891728544,3.0,ok
46,12,0.018822310481782074,3.0,ok
46,13,0.020031082714557072,3.0,ok
46,14,0.0243481264030392,3.0,ok
46,15,0.05163184251424625,3.0,ok
46,16,0.016577447763771368,3.0,ok
46,17,0.009670177862199966,3.0,ok
46,18,0.08323260231393542,3.0,ok
46,19,0.016059402521153513,3.0,ok
46,20,0.008634087376964255,3.0,ok
46,21,0.017265193370165747,3.0,ok
46,22,0.00949749611466068,3.0,ok
46,23,0.010360904852357106,3.0,ok
46,24,0.007943360386807114,3.0,ok
46,25,0.009670177862199966,3.0,ok
46,26,0.013987221550682093,3.0,ok
46,27,0.10410911602209945,3.0,ok
46,28,0.011224313590053532,3.0,ok
46,29,0.00846140562942497,3.0,ok
46,30,0.018476946986703505,3.0,ok
46,31,0.02262130892764635,3.0,ok
46,32,0.006389224658953549,3.0,ok
46,33,0.017095493006389226,3.0,ok
47,0,0.9691358024691358,0.0,ok
47,1,0.968421052631579,2.0,ok
47,2,0.8392857142857143,1.0,ok
47,3,0.0018942655415877389,3.0,ok
47,4,0.0048417776240705515,3.0,ok
47,5,0.005706380771226007,3.0,ok
47,6,0.06293222683264177,3.0,ok
47,7,0.0379746835443038,1.0,ok
47,8,0.015903197925669837,3.0,ok
47,9,0.017983745460833478,3.0,ok
47,10,0.007435587065536918,3.0,ok
47,11,0.007954348953830192,3.0,ok
47,12,0.019367110496282206,3.0,ok
47,13,0.022133840567179666,3.0,ok
47,14,0.02628393567352585,3.0,ok
47,15,0.05204910945875843,3.0,ok
47,16,0.01694622168424693,3.0,ok
47,17,0.0084716459197787,3.0,ok
47,18,0.08611447345668338,3.0,ok
47,19,0.016427459795953656,3.0,ok
47,20,0.0077814283243991,3.0,ok
47,21,0.017464983572540203,3.0,ok
47,22,0.010029396507003286,3.0,ok
47,23,0.009683555248141103,3.0,ok
47,24,0.0077814283243991,3.0,ok
47,25,0.009510634618710012,3.0,ok
47,26,0.01677330105481584,3.0,ok
47,27,0.10790247276500087,3.0,ok
47,28,0.011931523430745288,3.0,ok
47,29,0.007262666436105828,3.0,ok
47,30,0.01815666609026457,3.0,ok
47,31,0.02317136434376621,3.0,ok
47,32,0.006225142659519281,3.0,ok
47,33,0.01660038042538475,3.0,ok
48,0,0.9704142011834319,0.0,ok
48,1,0.9772727272727273,1.0,ok
48,2,0.8333333333333334,2.0,ok
48,3,0.9024390243902439,3.0,ok
48,4,0.00536239404947241,4.0,ok
48,5,0.006400276768725134,4.0,ok
48,6,0.06607853312575679,4.0,ok
48,7,0.005016433143054835,4.0,ok
48,8,0.02857142857142857,2.0,ok
48,9,0.01816294758692268,4.0,ok
48,10,0.009167964020065733,4.0,ok
48,11,0.007784120394395433,4.0,ok
48,12,0.01729804532087874,4.0,ok
48,13,0.02127659574468085,4.0,ok
48,14,0.026120048434526897,4.0,ok
48,15,0.05431586230755925,4.0,ok
48,16,0.01729804532087874,4.0,ok
48,17,0.010205846739318456,4.0,ok
48,18,0.08405396056727776,4.0,ok
48,19,0.016260162601626018,4.0,ok
48,20,0.008822003113648157,4.0,ok
48,21,0.01850570736769284,4.0,ok
48,22,0.01003286628610967,4.0,ok
48,23,0.01072478809894482,4.0,ok
48,24,0.0070921985815602835,4.0,ok
48,25,0.009686905379692095,4.0,ok
48,26,0.015049299429164505,4.0,ok
48,27,0.10517211555094275,4.0,ok
48,28,0.010897768552153606,4.0,ok
48,29,0.00864902266043937,4.0,ok
48,30,0.018335928040131465,4.0,ok
48,31,0.021968517557516002,4.0,ok
48,32,0.005535374502681197,4.0,ok
48,33,0.017644006227296314,4.0,ok
49,0,0.9551282051282052,0.0,ok
49,1,0.9659090909090909,1.0,ok
49,2,0.92,2.0,ok
49,3,0.7857142857142857,3.0,ok
49,4,0.0,,no_overlapping_cluster
49,5,0.0,,no_overlapping_cluster
49,6,0.9630606860158312,9.0,ok
49,7,0.0273972602739726,2.0,ok
49,8,0.9139784946236559,4.0,ok
49,9,0.8782608695652174,10.0,ok
49,10,0.9423076923076923,5.0,ok
49,11,0.8627450980392157,7.0,ok
49,12,0.907563025210084,12.0,ok
49,13,0.7407407407407407,11.0,ok
49,14,0.8795180722891566,8.0,ok
49,15,0.948170731707317,6.0,ok
49,16,0.8878504672897196,15.0,ok
49,17,0.6935483870967742,13.0,ok
49,18,0.8263254113345521,14.0,ok
49,19,0.6595744680851063,19.0,ok
49,20,0.631578947368421,16.0,ok
49,21,0.680327868852459,20.0,ok
49,22,0.7333333333333333,18.0,ok
49,23,0.734375,26.0,ok
49,24,0.56,22.0,ok
49,25,0.6190476190476191,21.0,ok
49,26,0.6804123711340206,23.0,ok
49,27,0.7275362318840579,24.0,ok
49,28,0.20735785953177258,17.0,ok
49,29,0.027692307692307693,17.0,ok
49,30,0.7627118644067796,25.0,ok
49,31,0.6647398843930635,27.0,ok
49,32,0.09523809523809523,17.0,ok
49,33,0.2823920265780731,17.0,ok
50,0,0.9156626506024096,0.0,ok
50,1,0.9888888888888889,1.0,ok
50,2,0.94,2.0,ok
50,3,0.9318181818181818,3.0,ok
50,4,0.0,,no_overlapping_cluster
50,5,0.011627906976744186,2.0,ok
50,6,0.9544235924932976,6.0,ok
50,7,0.025423728813559324,5.0,ok
50,8,0.8476190476190476,5.0,ok
50,9,0.8962264150943396,7.0,ok
50,10,0.9148936170212766,4.0,ok
50,11,0.8695652173913043,8.0,ok
50,12,0.9391304347826087,10.0,ok
50,13,0.8175675675675675,11.0,ok
50,14,0.89171974522293,12.0,ok
50,15,0.9376947040498442,9.0,ok
50,16,0.6836734693877551,15.0,ok
50,17,0.033816425120772944,0.0,ok
50,18,0.7540650406504065,18.0,ok
50,19,0.7558139534883721,13.0,ok
50,20,0.6271186440677966,16.0,ok
50,21,0.4256410256410256,19.0,ok
50,22,0.8082191780821918,14.0,ok
50,23,0.7916666666666666,17.0,ok
50,24,0.22580645161290322,19.0,ok
50,25,0.6282051282051282,20.0,ok
50,26,0.7444444444444445,25.0,ok
50,27,0.7779349363507779,26.0,ok
50,28,0.7727272727272727,23.0,ok
50,29,0.09389671361502347,24.0,ok
50,30,0.7638888888888888,21.0,ok
50,31,0.679144385026738,22.0,ok
50,32,0.15025906735751296,24.0,ok
50,33,0.4521276595744681,24.0,ok
51,0,0.9567901234567902,0.0,ok
51,1,0.9690721649484536,2.0,ok
51,2,0.926829268292683,1.0,ok
51,3,0.8048780487804879,4.0,ok
51,4,0.0,,no_overlapping_cluster
51,5,0.9230769230769231,9.0,ok
51,6,0.8699763593380615,5.0,ok
51,7,0.07804878048780488,5.0,ok
51,8,0.8962264150943396,3.0,ok
51,9,0.8803418803418803,6.0,ok
51,10,0.9056603773584906,17.0,ok
51,11,0.88,10.0,ok
51,12,0.9339622641509434,12.0,ok
51,13,0.6776859504132231,11.0,ok
51,14,0.8827160493827161,16.0,ok
51,15,0.9120521172638436,8.0,ok
51,16,0.826530612244898,15.0,ok
51,17,0.5972222222222222,7.0,ok
51,18,0.75,26.0,ok
51,19,0.7835051546391752,13.0,ok
51,20,0.6792452830188679,19.0,ok
51,21,0.582089552238806,18.0,ok
51,22,0.7627118644067796,14.0,ok
51,23,0.7910447761194029,22.0,ok
51,24,0.02564102564102564,18.0,ok
51,25,0.7538461538461538,20.0,ok
51,26,0.6914893617021277,24.0,ok
51,27,0.7724795640326976,25.0,ok
51,28,0.4573643410852713,27.0,ok
51,29,0.27007299270072993,27.0,ok
51,30,0.8548387096774194,21.0,ok
51,31,0.7597402597402597,23.0,ok
51,32,0.5,28.0,ok
51,33,0.8207547169811321,29.0,ok
52,0,0.9715909090909091,0.0,ok
52,1,0.92,2.0,ok
52,2,0.75,1.0,ok
52,3,0.0,,no_overlapping_cluster
52,4,0.0,,no_overlapping_cluster
52,5,0.0,,no_overlapping_cluster
52,6,0.8592592592592593,5.0,ok
52,7,0.061068702290076333,5.0,ok
52,8,0.93,3.0,ok
52,9,0.8813559322033898,4.0,ok
52,10,0.78,7.0,ok
52,11,0.7241379310344828,12.0,ok
52,12,0.9099099099099099,15.0,ok
52,13,0.7430555555555556,16.0,ok
52,14,0.83125,9.0,ok
52,15,0.9164086687306502,6.0,ok
52,16,0.65,22.0,ok
52,17,0.7647058823529411,8.0,ok
52,18,0.8071833648393195,10.0,ok
52,19,0.8152173913043478,18.0,ok
52,20,0.8113207547169812,23.0,ok
52,21,0.7410714285714286,24.0,ok
52,22,0.8823529411764706,21.0,ok
52,23,0.676056338028169,17.0,ok
52,24,0.7049180327868853,25.0,ok
52,25,0.4943820224719101,26.0,ok
52,26,0.5681818181818182,27.0,ok
52,27,0.7619047619047619,28.0,ok
52,28,0.8292682926829268,14.0,ok
52,29,0.6415094339622641,13.0,ok
52,30,0.8064516129032258,20.0,ok
52,31,0.7315436241610739,19.0,ok
52,32,0.1595744680851064,11.0,ok
52,33,0.5027027027027027,11.0,ok
53,0,0.9824561403508771,0.0,ok
53,1,0.978494623655914,2.0,ok
53,2,0.9545454545454546,1.0,ok
53,3,0.9210526315789473,3.0,ok
53,4,0.0,,no_overlapping_cluster
53,5,0.002890173410404624,8.0,ok
53,6,0.9654255319148937,6.0,ok
53,7,0.014084507042253521,1.0,ok
53,8,0.6989247311827957,5.0,ok
53,9,0.9380530973451328,7.0,ok
53,10,0.9423076923076923,4.0,ok
53,11,0.8545454545454545,10.0,ok
53,12,0.9385964912280702,11.0,ok
53,13,0.7647058823529411,12.0,ok
53,14,0.8516129032258064,13.0,ok
53,15,0.9325153374233128,8.0,ok
53,16,0.8958333333333334,15.0,ok
53,17,0.7272727272727273,9.0,ok
53,18,0.7906066536203522,17.0,ok
53,19,0.7628865979381443,16.0,ok
53,20,0.7857142857142857,14.0,ok
53,21,0.6261682242990654,25.0,ok
53,22,0.7368421052631579,24.0,ok
53,23,0.75,22.0,ok
53,24,0.6865671641791045,19.0,ok
53,25,0.6428571428571429,23.0,ok
53,26,0.7340425531914894,18.0,ok
53,27,0.7945007235890015,27.0,ok
53,28,0.825,26.0,ok
53,29,0.7413793103448276,28.0,ok
53,30,0.8306451612903226,20.0,ok
53,31,0.6203208556149733,21.0,ok
53,32,0.5555555555555556,30.0,ok
53,33,0.8130841121495327,29.0,ok
54,0,0.9418604651162791,1.0,ok
54,1,0.9550561797752809,0.0,ok
54,2,0.9111111111111111,3.0,ok
54,3,0.9069767441860465,2.0,ok
54,4,0.0,,no_overlapping_cluster
54,5,0.01652892561983471,5.0,ok
54,6,0.9679144385026738,11.0,ok
54,7,0.02857142857142857,3.0,ok
54,8,0.9183673469387755,12.0,ok
54,9,0.9469026548672567,10.0,ok
54,10,0.8846153846153846,4.0,ok
54,11,0.7254901960784313,6.0,ok
54,12,0.896551724137931,7.0,ok
54,13,0.753731343283582,8.0,ok
54,14,0.8831168831168831,13.0,ok
54,15,0.9230769230769231,5.0,ok
54,16,0.9108910891089109,14.0,ok
54,17,0.027649769585253458,1.0,ok
54,18,0.7924151696606786,16.0,ok
54,19,0.7727272727272727,9.0,ok
54,20,0.7037037037037037,15.0,ok
54,21,0.5562913907284768,18.0,ok
54,22,0.85,17.0,ok
54,23,0.821917808219178,22.0,ok
54,24,0.2457627118644068,21.0,ok
54,25,0.4,21.0,ok
54,26,0.7708333333333334,24.0,ok
54,27,0.7623456790123457,25.0,ok
54,28,0.7538461538461538,27.0,ok
54,29,0.6792452830188679,28.0,ok
54,30,0.762962962962963,20.0,ok
54,31,0.7189189189189189,23.0,ok
54,32,0.17751479289940827,26.0,ok
54,33,0.5459770114942529,26.0,ok
55,0,0.9710982658959537,0.0,ok
55,1,0.9895833333333334,1.0,ok
55,2,0.9347826086956522,2.0,ok
55,3,0.9285714285714286,3.0,ok
55,4,0.0,,no_overlapping_cluster
55,5,0.0029069767441860465,6.0,ok
55,6,0.9595687331536388,10.0,ok
55,7,0.013888888888888888,2.0,ok
55,8,0.941747572815534,8.0,ok
55,9,0.9238095238095239,9.0,ok
55,10,0.9411764705882353,4.0,ok
55,11,0.8653846153846154,11.0,ok
55,12,0.9217391304347826,12.0,ok
55,13,0.8071428571428572,13.0,ok
55,14,0.8742138364779874,5.0,ok
55,15,0.9102167182662538,6.0,ok
55,16,0.65,22.0,ok
55,17,0.675,7.0,ok
55,18,0.8045112781954887,15.0,ok
55,19,0.803921568627451,16.0,ok
55,20,0.8518518518518519,14.0,ok
55,21,0.8018018018018018,23.0,ok
55,22,0.7272727272727273,18.0,ok
55,23,0.847457627118644,19.0,ok
55,24,0.6031746031746031,24.0,ok
55,25,0.6756756756756757,17.0,ok
55,26,0.7628865979381443,25.0,ok
55,27,0.7833827893175074,26.0,ok
55,28,0.8260869565217391,27.0,ok
55,29,0.6964285714285714,28.0,ok
55,30,0.7948717948717948,21.0,ok
55,31,0.6994535519125683,20.0,ok
55,32,0.17482517482517482,29.0,ok
55,33,0.5655172413793104,29.0,ok
56,0,0.9766081871345029,0.0,ok
56,1,0.9693877551020408,1.0,ok
56,2,0.813953488372093,2.0,ok
56,3,0.0,,no_overlapping_cluster
56,4,0.918918918918919,3.0,ok
56,5,0.0,,no_overlapping_cluster
56,6,0.9655172413793104,6.0,ok
56,7,0.02857142857142857,2.0,ok
56,8,0.95,5.0,ok
56,9,0.9285714285714286,7.0,ok
56,10,0.8979591836734694,8.0,ok
56,11,0.8666666666666667,12.0,ok
56,12,0.925,11.0,ok
56,13,0.8368794326241135,13.0,ok
56,14,0.8909090909090909,9.0,ok
56,15,0.9192546583850931,4.0,ok
56,16,0.8888888888888888,14.0,ok
56,17,0.041666666666666664,10.0,ok
56,18,0.7740863787375415,10.0,ok
56,19,0.7171717171717171,17.0,ok
56,20,0.031088082901554404,18.0,ok
56,21,0.43333333333333335,18.0,ok
56,22,0.74,15.0,ok
56,23,0.8,21.0,ok
56,24,0.13966480446927373,18.0,ok
56,25,0.6086956521739131,19.0,ok
56,26,0.8440366972477065,20.0,ok
56,27,0.7856093979441997,22.0,ok
56,28,0.44755244755244755,16.0,ok
56,29,0.3006993006993007,16.0,ok
56,30,0.7372262773722628,24.0,ok
56,31,0.6917808219178082,25.0,ok
56,32,0.1658291457286432,23.0,ok
56,33,0.47761194029850745,23.0,ok
57,0,0.9820359281437125,0.0,ok
57,1,0.9393939393939394,1.0,ok
57,2,0.8571428571428571,2.0,ok
57,3,0.0024271844660194173,5.0,ok
57,4,0.8947368421052632,3.0,ok
57,5,0.9473684210526315,4.0,ok
57,6,0.9507772020725389,5.0,ok
57,7,0.1504424778761062,12.0,ok
57,8,0.6583333333333333,12.0,ok
57,9,0.8411214953271028,8.0,ok
57,10,0.9183673469387755,11.0,ok
57,11,0.8409090909090909,9.0,ok
57,12,0.9292035398230089,7.0,ok
57,13,0.7841726618705036,10.0,ok
57,14,0.864516129032258,17.0,ok
57,15,0.9245283018867925,16.0,ok
57,16,0.6160714285714286,19.0,ok
57,17,0.5263157894736842,13.0,ok
57,18,0.8305084745762712,18.0,ok
57,19,0.8762886597938144,14.0,ok
57,20,0.7796610169491526,6.0,ok
57,21,0.5166666666666667,21.0,ok
57,22,0.8448275862068966,15.0,ok
57,23,0.8305084745762712,20.0,ok
57,24,0.22285714285714286,21.0,ok
57,25,0.5238095238095238,22.0,ok
57,26,0.8095238095238095,25.0,ok
57,27,0.799396681749623,26.0,ok
57,28,0.5934065934065934,27.0,ok
57,29,0.18627450980392157,27.0,ok
57,30,0.7862595419847328,24.0,ok
57,31,0.7875,23.0,ok
57,32,0.1761006289308176,28.0,ok
57,33,0.524390243902439,28.0,ok
58,0,0.9876543209876543,0.0,ok
58,1,0.9772727272727273,1.0,ok
58,2,0.8431372549019608,3.0,ok
58,3,0.9512195121951219,4.0,ok
58,4,0.0046720885966430176,2.0,ok
58,5,0.005710330507008133,2.0,ok
58,6,0.06333275653227202,2.0,ok
58,7,0.024691358024691357,3.0,ok
58,8,0.02097902097902098,3.0,ok
58,9,0.017304031839418584,2.0,ok
58,10,0.008825056238103477,2.0,ok
58,11,0.008652015919709292,2.0,ok
58,12,0.018515314068177885,2.0,ok
58,13,0.022841322028032532,2.0,ok
58,14,0.026994289669492993,2.0,ok
58,15,0.05190311418685121,2.0,ok
58,16,0.017650112476206955,2.0,ok
58,17,0.008825056238103477,2.0,ok
58,18,0.07768166089965398,2.0,ok
58,19,0.01661187056584184,2.0,ok
58,20,0.008825056238103477,2.0,ok
58,21,0.01730103806228374,2.0,ok
58,22,0.01003633846686278,2.0,ok
58,23,0.008652015919709292,2.0,ok
58,24,0.00830593528292092,2.0,ok
58,25,0.01003633846686278,2.0,ok
58,26,0.01540058833708254,2.0,ok
58,27,0.10382419103651151,2.0,ok
58,28,0.012112822287593009,2.0,ok
58,29,0.008652015919709292,2.0,ok
58,30,0.019726596296937186,2.0,ok
58,31,0.022322201072849972,2.0,ok
58,32,0.0060564111437965045,2.0,ok
58,33,0.017823152794601144,2.0,ok
59,0,0.9702380952380952,0.0,ok
59,1,0.9893617021276596,1.0,ok
59,2,0.8604651162790697,2.0,ok
59,3,0.0024154589371980675,7.0,ok
59,4,0.8421052631578947,4.0,ok
59,5,0.008875739644970414,5.0,ok
59,6,0.9510309278350515,7.0,ok
59,7,0.0024813895781637717,7.0,ok
59,8,0.8627450980392157,3.0,ok
59,9,0.9142857142857143,6.0,ok
59,10,0.9148936170212766,13.0,ok
59,11,0.8260869565217391,9.0,ok
59,12,0.9107142857142857,10.0,ok
59,13,0.8082191780821918,11.0,ok
59,14,0.8076923076923077,14.0,ok
59,15,0.8924050632911392,5.0,ok
59,16,0.86,8.0,ok
59,17,0.0,,no_overlapping_cluster
59,18,0.7134146341463414,21.0,ok
59,19,0.6857142857142857,16.0,ok
59,20,0.8275862068965517,12.0,ok
59,21,0.7461538461538462,17.0,ok
59,22,0.8666666666666667,18.0,ok
59,23,0.765625,24.0,ok
59,24,0.72,15.0,ok
59,25,0.5802469135802469,19.0,ok
59,26,0.8144329896907216,22.0,ok
59,27,0.8171262699564587,23.0,ok
59,28,0.4722222222222222,26.0,ok
59,29,0.7843137254901961,27.0,ok
59,30,0.8709677419354839,20.0,ok
59,31,0.7814569536423841,25.0,ok
59,32,0.2524271844660194,26.0,ok
59,33,0.7289719626168224,28.0,ok
60,0,0.9817073170731707,0.0,ok
60,1,0.9433962264150944,2.0,ok
60,2,0.8958333333333334,3.0,ok
60,3,0.9722222222222222,1.0,ok
60,4,0.868421052631579,5.0,ok
60,5,0.0,,no_overlapping_cluster
60,6,0.6629526462395543,18.0,ok
60,7,0.0273972602739726,3.0,ok
60,8,0.9574468085106383,6.0,ok
60,9,0.9035087719298246,12.0,ok
60,10,0.9259259259259259,4.0,ok
60,11,0.84,14.0,ok
60,12,0.9316239316239316,15.0,ok
60,13,0.7841726618705036,16.0,ok
60,14,0.86,9.0,ok
60,15,0.9382716049382716,7.0,ok
60,16,0.8584905660377359,11.0,ok
60,17,0.0064516129032258064,2.0,ok
60,18,0.8243243243243243,13.0,ok
60,19,0.8191489361702128,10.0,ok
60,20,0.8245614035087719,8.0,ok
60,21,0.7433628318584071,23.0,ok
60,22,0.7638888888888888,20.0,ok
60,23,0.7903225806451613,26.0,ok
60,24,0.4230769230769231,24.0,ok
60,25,0.13636363636363635,24.0,ok
60,26,0.7628865979381443,22.0,ok
60,27,0.8169440242057489,28.0,ok
60,28,0.825,19.0,ok
60,29,0.16393442622950818,27.0,ok
60,30,0.7868852459016393,21.0,ok
60,31,0.6736842105263158,25.0,ok
60,32,0.13414634146341464,27.0,ok
60,33,0.4083333333333333,27.0,ok
61,0,0.9875776397515528,0.0,ok
61,1,0.8468468468468469,3.0,ok
61,2,0.9361702127659575,2.0,ok
61,3,0.95,1.0,ok
61,4,0.8205128205128205,4.0,ok
61,5,0.008797653958944282,5.0,ok
61,6,0.8746987951807229,10.0,ok
61,7,0.07444168734491315,10.0,ok
61,8,0.9222222222222223,6.0,ok
61,9,0.9065420560747663,9.0,ok
61,10,0.8870967741935484,7.0,ok
61,11,0.8695652173913043,11.0,ok
61,12,0.8879310344827587,12.0,ok
61,13,0.8028169014084507,13.0,ok
61,14,0.8838709677419355,8.0,ok
61,15,0.9141104294478528,5.0,ok
61,16,0.696969696969697,19.0,ok
61,17,0.7419354838709677,15.0,ok
61,18,0.7722772277227723,21.0,ok
61,19,0.7789473684210526,14.0,ok
61,20,0.8627450980392157,16.0,ok
61,21,0.38181818181818183,20.0,ok
61,22,0.8888888888888888,17.0,ok
61,23,0.819672131147541,22.0,ok
61,24,0.18095238095238095,20.0,ok
61,25,0.609375,23.0,ok
61,26,0.6842105263157895,26.0,ok
61,27,0.733229329173167,27.0,ok
61,28,0.3611111111111111,18.0,ok
61,29,0.3333333333333333,18.0,ok
61,30,0.8780487804878049,25.0,ok
61,31,0.7065868263473054,24.0,ok
61,32,0.5396825396825397,29.0,ok
61,33,0.76,28.0,ok
62,0,0.9819277108433735,0.0,ok
62,1,1.0,1.0,ok
62,2,0.8260869565217391,2.0,ok
62,3,0.0,,no_overlapping_cluster
62,4,0.5555555555555556,3.0,ok
62,5,0.0,,no_overlapping_cluster
62,6,0.968,6.0,ok
62,7,0.24193548387096775,7.0,ok
62,8,0.6875,7.0,ok
62,9,0.9152542372881356,5.0,ok
62,10,0.8545454545454545,4.0,ok
62,11,0.88,8.0,ok
62,12,0.9304347826086956,10.0,ok
62,13,0.759493670886076,9.0,ok
62,14,0.8633093525179856,14.0,ok
62,15,0.9067524115755627,11.0,ok
62,16,0.8571428571428571,15.0,ok
62,17,0.796875,13.0,ok
62,18,0.8362919132149902,18.0,ok
62,19,0.8191489361702128,17.0,ok
62,20,0.875,12.0,ok
62,21,0.6923076923076923,26.0,ok
62,22,0.8153846153846154,20.0,ok
62,23,0.7313432835820896,19.0,ok
62,24,0.6428571428571429,25.0,ok
62,25,0.691358024691358,24.0,ok
62,26,0.8130841121495327,16.0,ok
62,27,0.7623906705539358,27.0,ok
62,28,0.7647058823529411,21.0,ok
62,29,0.15,28.0,ok
62,30,0.819047619047619,22.0,ok
62,31,0.6884057971014492,23.0,ok
62,32,0.13357400722021662,28.0,ok
62,33,0.36101083032490977,28.0,ok
63,0,0.9634146341463414,0.0,ok
63,1,0.9158878504672897,1.0,ok
63,2,1.0,3.0,ok
63,3,0.9555555555555556,2.0,ok
63,4,0.0,,no_overlapping_cluster
63,5,0.0,,no_overlapping_cluster
63,6,0.9544235924932976,7.0,ok
63,7,0.8333333333333334,6.0,ok
63,8,0.5625,4.0,ok
63,9,0.8938053097345132,5.0,ok
63,10,0.8076923076923077,16.0,ok
63,11,0.9,8.0,ok
63,12,0.8771929824561403,10.0,ok
63,13,0.6742424242424242,11.0,ok
63,14,0.8944099378881988,14.0,ok
63,15,0.9260450160771704,12.0,ok
63,16,0.6326530612244898,15.0,ok
63,17,0.6065573770491803,9.0,ok
63,18,0.8103130755064457,13.0,ok
63,19,0.7843137254901961,17.0,ok
63,20,0.6896551724137931,18.0,ok
63,21,0.6857142857142857,23.0,ok
63,22,0.6981132075471698,19.0,ok
63,23,0.8181818181818182,22.0,ok
63,24,0.21212121212121213,24.0,ok
63,25,0.3516483516483517,24.0,ok
63,26,0.7303370786516854,27.0,ok
63,27,0.7779456193353474,28.0,ok
63,28,0.6629213483146067,21.0,ok
63,29,0.01818181818181818,26.0,ok
63,30,0.8278688524590164,20.0,ok
63,31,0.7055555555555556,25.0,ok
63,32,0.10880829015544041,26.0,ok
63,33,0.5351351351351351,26.0,ok
64,0,0.9411764705882353,1.0,ok
64,1,0.9347826086956522,0.0,ok
64,2,0.88,4.0,ok
64,3,0.013333333333333334,2.0,ok
64,4,0.85,2.0,ok
64,5,0.002967359050445104,3.0,ok
64,6,0.9521410579345088,9.0,ok
64,7,0.1926605504587156,5.0,ok
64,8,0.6,5.0,ok
64,9,0.8803418803418803,8.0,ok
64,10,0.88,14.0,ok
64,11,0.8627450980392157,7.0,ok
64,12,0.9262295081967213,12.0,ok
64,13,0.7751937984496124,11.0,ok
64,14,0.8841463414634146,13.0,ok
64,15,0.9131832797427653,3.0,ok
64,16,0.9223300970873787,10.0,ok
64,17,0.037209302325581395,1.0,ok
64,18,0.8388349514563107,15.0,ok
64,19,0.7934782608695652,16.0,ok
64,20,0.7666666666666667,6.0,ok
64,21,0.7053571428571429,17.0,ok
64,22,0.782608695652174,18.0,ok
64,23,0.7794117647058824,23.0,ok
64,24,0.6792452830188679,19.0,ok
64,25,0.3582089552238806,22.0,ok
64,26,0.43820224719101125,21.0,ok
64,27,0.7493403693931399,20.0,ok
64,28,0.6823529411764706,24.0,ok
64,29,0.12446351931330472,25.0,ok
64,30,0.8151260504201681,27.0,ok
64,31,0.782608695652174,26.0,ok
64,32,0.15454545454545454,25.0,ok
64,33,0.4117647058823529,25.0,ok
65,0,0.9698795180722891,0.0,ok
65,1,0.978021978021978,1.0,ok
65,2,0.8135593220338984,2.0,ok
65,3,0.9459459459459459,3.0,ok
65,4,0.8536585365853658,4.0,ok
65,5,0.0,,no_overlapping_cluster
65,6,0.9591280653950953,6.0,ok
65,7,0.036585365853658534,2.0,ok
65,8,0.9484536082474226,7.0,ok
65,9,0.9339622641509434,9.0,ok
65,10,0.9130434782608695,18.0,ok
65,11,0.9555555555555556,10.0,ok
65,12,0.9565217391304348,11.0,ok
65,13,0.8439716312056738,12.0,ok
65,14,0.852760736196319,8.0,ok
65,15,0.8915254237288136,16.0,ok
65,16,0.7476635514018691,15.0,ok
65,17,0.7466666666666667,5.0,ok
65,18,0.8115384615384615,13.0,ok
65,19,0.7395833333333334,14.0,ok
65,20,0.7884615384615384,19.0,ok
65,21,0.6637168141592921,23.0,ok
65,22,0.7931034482758621,17.0,ok
65,23,0.7142857142857143,20.0,ok
65,24,0.631578947368421,22.0,ok
65,25,0.6833333333333333,21.0,ok
65,26,0.865979381443299,26.0,ok
65,27,0.7613469985358712,27.0,ok
65,28,0.5658914728682171,24.0,ok
65,29,0.24647887323943662,24.0,ok
65,30,0.824,29.0,ok
65,31,0.7602739726027398,28.0,ok
65,32,0.1951219512195122,25.0,ok
65,33,0.5903614457831325,25.0,ok
66,0,0.9753086419753086,0.0,ok
66,1,0.9895833333333334,1.0,ok
66,2,0.7959183673469388,2.0,ok
66,3,0.9736842105263158,3.0,ok
66,4,0.0,,no_overlapping_cluster
66,5,0.002932551319648094,12.0,ok
66,6,0.9649595687331537,5.0,ok
66,7,0.04285714285714286,2.0,ok
66,8,0.9387755102040817,4.0,ok
66,9,0.8907563025210085,8.0,ok
66,10,0.8913043478260869,16.0,ok
66,11,0.8936170212765957,7.0,ok
66,12,0.8623853211009175,10.0,ok
66,13,0.5669291338582677,9.0,ok
66,14,0.9119496855345912,15.0,ok
66,15,0.9333333333333333,12.0,ok
66,16,0.6210526315789474,14.0,ok
66,17,0.618421052631579,6.0,ok
66,18,0.7901960784313725,19.0,ok
66,19,0.7938144329896907,17.0,ok
66,20,0.7288135593220338,11.0,ok
66,21,0.7876106194690266,21.0,ok
66,22,0.8148148148148148,18.0,ok
66,23,0.7246376811594203,24.0,ok
66,24,0.2897196261682243,22.0,ok
66,25,0.44554455445544555,22.0,ok
66,26,0.7052631578947368,27.0,ok
66,27,0.7519025875190258,28.0,ok
66,28,0.6197183098591549,20.0,ok
66,29,0.7936507936507936,26.0,ok
66,30,0.7711864406779662,23.0,ok
66,31,0.7177914110429447,25.0,ok
66,32,0.20118343195266272,29.0,ok
66,33,0.5084745762711864,29.0,ok
67,0,0.9715909090909091,0.0,ok
67,1,0.98,1.0,ok
67,2,0.8181818181818182,2.0,ok
67,3,0.0020161290322580645,13.0,ok
67,4,0.011363636363636364,5.0,ok
67,5,0.013333333333333334,2.0,ok
67,6,0.9407216494845361,4.0,ok
67,7,0.03225806451612903,2.0,ok
67,8,0.9021739130434783,3.0,ok
67,9,0.8990825688073395,9.0,ok
67,10,0.8627450980392157,15.0,ok
67,11,0.9148936170212766,8.0,ok
67,12,0.9259259259259259,11.0,ok
67,13,0.7887323943661971,10.0,ok
67,14,0.8620689655172413,6.0,ok
67,15,0.9247648902821317,7.0,ok
67,16,0.6206896551724138,14.0,ok
67,17,0.6507936507936508,12.0,ok
67,18,0.8258317025440313,13.0,ok
67,19,0.8279569892473119,19.0,ok
67,20,0.8064516129032258,5.0,ok
67,21,0.47593582887700536,17.0,ok
67,22,0.7903225806451613,16.0,ok
67,23,0.6511627906976745,20.0,ok
67,24,0.21787709497206703,17.0,ok
67,25,0.6428571428571429,18.0,ok
67,26,0.8181818181818182,23.0,ok
67,27,0.7598784194528876,24.0,ok
67,28,0.7241379310344828,25.0,ok
67,29,0.6862745098039216,26.0,ok
67,30,0.7916666666666666,22.0,ok
67,31,0.7485029940119761,21.0,ok
67,32,0.17261904761904762,27.0,ok
67,33,0.5029940119760479,27.0,ok
68,0,0.9818181818181818,0.0,ok
68,1,0.9651162790697675,1.0,ok
68,2,0.9777777777777777,2.0,ok
68,3,0.0,,no_overlapping_cluster
68,4,0.0,,no_overlapping_cluster
68,5,0.02824858757062147,6.0,ok
68,6,0.959079283887468,5.0,ok
68,7,0.17647058823529413,4.0,ok
68,8,0.49056603773584906,4.0,ok
68,9,0.8909090909090909,3.0,ok
68,10,0.9019607843137255,7.0,ok
68,11,0.6984126984126984,9.0,ok
68,12,0.954954954954955,11.0,ok
68,13,0.8319327731092437,12.0,ok
68,14,0.910828025477707,14.0,ok
68,15,0.8865671641791045,6.0,ok
68,16,0.8235294117647058,10.0,ok
68,17,0.55,8.0,ok
68,18,0.8152610441767069,23.0,ok
68,19,0.7978723404255319,13.0,ok
68,20,0.7450980392156863,15.0,ok
68,21,0.6837606837606838,19.0,ok
68,22,0.864406779661017,16.0,ok
68,23,0.7428571428571429,20.0,ok
68,24,0.6909090909090909,18.0,ok
68,25,0.6805555555555556,17.0,ok
68,26,0.9213483146067416,24.0,ok
68,27,0.7674074074074074,25.0,ok
68,28,0.835820895522388,26.0,ok
68,29,0.8113207547169812,28.0,ok
68,30,0.8305084745762712,21.0,ok
68,31,0.8175675675675675,22.0,ok
68,32,0.7272727272727273,27.0,ok
68,33,0.7474747474747475,29.0,ok
69,0,0.9192546583850931,2.0,ok
69,1,0.9897959183673469,0.0,ok
69,2,0.851063829787234,3.0,ok
69,3,0.9534883720930233,1.0,ok
69,4,0.0,,no_overlapping_cluster
69,5,0.00949367088607595,14.0,ok
69,6,0.964735516372796,6.0,ok
69,7,0.04285714285714286,3.0,ok
69,8,0.9183673469387755,4.0,ok
69,9,0.8623853211009175,8.0,ok
69,10,0.9107142857142857,5.0,ok
69,11,0.8867924528301887,9.0,ok
69,12,0.8947368421052632,11.0,ok
69,13,0.732824427480916,12.0,ok
69,14,0.869281045751634,13.0,ok
69,15,0.9141914191419142,14.0,ok
69,16,0.8811881188118812,7.0,ok
69,17,0.6615384615384615,10.0,ok
69,18,0.8137651821862348,17.0,ok
69,19,0.8529411764705882,15.0,ok
69,20,0.6296296296296297,16.0,ok
69,21,0.6880733944954128,23.0,ok
69,22,0.78125,18.0,ok
69,23,0.782608695652174,20.0,ok
69,24,0.6724137931034483,24.0,ok
69,25,0.6176470588235294,25.0,ok
69,26,0.8571428571428571,19.0,ok
69,27,0.75625,29.0,ok
69,28,0.782608695652174,26.0,ok
69,29,0.8,27.0,ok
69,30,0.7982456140350878,22.0,ok
69,31,0.7325581395348837,21.0,ok
69,32,0.19402985074626866,28.0,ok
69,33,0.4223300970873786,28.0,ok
70,0,0.9345238095238095,0.0,ok
70,1,0.9787234042553191,1.0,ok
70,2,0.5526315789473685,2.0,ok
70,3,0.32926829268292684,2.0,ok
70,4,0.85,3.0,ok
70,5,0.007228915662650603,6.0,ok
70,6,0.9314720812182741,6.0,ok
70,7,0.02040816326530612,2.0,ok
70,8,0.98,4.0,ok
70,9,0.9279279279279279,12.0,ok
70,10,0.8846153846153846,5.0,ok
70,11,0.8301886792452831,9.0,ok
70,12,0.9279279279279279,11.0,ok
70,13,0.7651006711409396,10.0,ok
70,14,0.823170731707317,8.0,ok
70,15,0.9087837837837838,13.0,ok
70,16,0.7647058823529411,14.0,ok
70,17,0.671875,7.0,ok
70,18,0.7861386138613862,23.0,ok
70,19,0.7934782608695652,19.0,ok
70,20,0.0,,no_overlapping_cluster
70,21,0.7358490566037735,17.0,ok
70,22,0.7818181818181819,15.0,ok
70,23,0.696969696969697,20.0,ok
70,24,0.6140350877192983,16.0,ok
70,25,0.7246376811594203,21.0,ok
70,26,0.6179775280898876,26.0,ok
70,27,0.7524893314366998,27.0,ok
70,28,0.7974683544303798,28.0,ok
70,29,0.7346938775510204,24.0,ok
70,30,0.8046875,18.0,ok
70,31,0.7231638418079096,22.0,ok
70,32,0.6136363636363636,29.0,ok
70,33,0.7547169811320755,25.0,ok
71,0,0.9575757575757575,0.0,ok
71,1,0.9519230769230769,3.0,ok
71,2,0.9534883720930233,1.0,ok
71,3,0.926829268292683,2.0,ok
71,4,0.9459459459459459,4.0,ok
71,5,0.0,,no_overlapping_cluster
71,6,0.9514066496163683,5.0,ok
71,7,0.15151515151515152,6.0,ok
71,8,0.7723577235772358,6.0,ok
71,9,0.9724770642201835,12.0,ok
71,10,0.8541666666666666,7.0,ok
71,11,0.8301886792452831,10.0,ok
71,12,0.8620689655172413,14.0,ok
71,13,0.75,13.0,ok
71,14,0.8609271523178808,11.0,ok
71,15,0.9272727272727272,8.0,ok
71,16,0.8785046728971962,9.0,ok
71,17,0.004672897196261682,0.0,ok
71,18,0.8458574181117534,15.0,ok
71,19,0.6777777777777778,17.0,ok
71,20,0.006944444444444444,9.0,ok
71,21,0.7,19.0,ok
71,22,0.8813559322033898,20.0,ok
71,23,0.7162162162162162,22.0,ok
71,24,0.7142857142857143,18.0,ok
71,25,0.6172839506172839,21.0,ok
71,26,0.7596153846153846,16.0,ok
71,27,0.7741007194244605,25.0,ok
71,28,0.7974683544303798,26.0,ok
71,29,0.11842105263157894,27.0,ok
71,30,0.7886178861788617,24.0,ok
71,31,0.7430555555555556,23.0,ok
71,32,0.1674641148325359,27.0,ok
71,33,0.39631336405529954,27.0,ok
72,0,0.9761904761904762,0.0,ok
72,1,0.989247311827957,1.0,ok
72,2,0.9534883720930233,3.0,ok
72,3,0.9777777777777777,2.0,ok
72,4,0.0,,no_overlapping_cluster
72,5,0.005763688760806916,5.0,ok
72,6,0.9534246575342465,7.0,ok
72,7,0.0136986301369863,3.0,ok
72,8,0.9263157894736842,4.0,ok
72,9,0.9065420560747663,8.0,ok
72,10,0.9038461538461539,15.0,ok
72,11,0.16744186046511628,6.0,ok
72,12,0.8760330578512396,9.0,ok
72,13,0.5545454545454546,6.0,ok
72,14,0.8466666666666667,11.0,ok
72,15,0.928125,5.0,ok
72,16,0.7346938775510204,10.0,ok
72,17,0.7272727272727273,12.0,ok
72,18,0.7898989898989899,22.0,ok
72,19,0.801980198019802,14.0,ok
72,20,0.6610169491525424,13.0,ok
72,21,0.7222222222222222,17.0,ok
72,22,0.8285714285714286,16.0,ok
72,23,0.6067415730337079,19.0,ok
72,24,0.27611940298507465,18.0,ok
72,25,0.3230769230769231,18.0,ok
72,26,0.7692307692307693,25.0,ok
72,27,0.7817638266068759,27.0,ok
72,28,0.7411764705882353,24.0,ok
72,29,0.6037735849056604,23.0,ok
72,30,0.765625,20.0,ok
72,31,0.7159090909090909,21.0,ok
72,32,0.16129032258064516,26.0,ok
72,33,0.4383561643835616,26.0,ok
73,0,0.9515151515151515,2.0,ok
73,1,1.0,1.0,ok
73,2,0.9591836734693877,0.0,ok
73,3,0.4794520547945205,3.0,ok
73,4,0.44,3.0,ok
73,5,0.009174311926605505,18.0,ok
73,6,0.8810679611650486,8.0,ok
73,7,0.07673267326732673,8.0,ok
73,8,0.9489795918367347,5.0,ok
73,9,0.9,7.0,ok
73,10,0.875,4.0,ok
73,11,0.8913043478260869,10.0,ok
73,12,0.9454545454545454,9.0,ok
73,13,0.7862595419847328,11.0,ok
73,14,0.8496732026143791,14.0,ok
73,15,0.9369085173501577,6.0,ok
73,16,0.908256880733945,12.0,ok
73,17,0.02912621359223301,2.0,ok
73,18,0.8082706766917294,15.0,ok
73,19,0.7303370786516854,13.0,ok
73,20,0.7735849056603774,21.0,ok
73,21,0.6057692307692307,17.0,ok
73,22,0.8793103448275862,16.0,ok
73,23,0.6625,18.0,ok
73,24,0.31932773109243695,22.0,ok
73,25,0.3114754098360656,22.0,ok
73,26,0.7934782608695652,23.0,ok
73,27,0.7935103244837758,24.0,ok
73,28,0.654320987654321,25.0,ok
73,29,0.13917525773195877,26.0,ok
73,30,0.7846153846153846,19.0,ok
73,31,0.639344262295082,20.0,ok
73,32,0.13736263736263737,26.0,ok
73,33,0.44565217391304346,26.0,ok
74,0,0.9647058823529412,2.0,ok
74,1,0.9619047619047619,1.0,ok
74,2,0.9230769230769231,0.0,ok
74,3,0.9302325581395349,3.0,ok
74,4,0.8461538461538461,5.0,ok
74,5,0.008547008547008548,18.0,ok
74,6,0.9221105527638191,11.0,ok
74,7,0.045112781954887216,11.0,ok
74,8,0.9263157894736842,4.0,ok
74,9,0.8981481481481481,10.0,ok
74,10,0.92,7.0,ok
74,11,0.8333333333333334,12.0,ok
74,12,0.8495575221238938,14.0,ok
74,13,0.7293233082706767,15.0,ok
74,14,0.8414634146341463,16.0,ok
74,15,0.9339622641509434,6.0,ok
74,16,0.8367346938775511,18.0,ok
74,17,0.7,8.0,ok
74,18,0.8108651911468813,19.0,ok
74,19,0.8269230769230769,13.0,ok
74,20,0.8076923076923077,17.0,ok
74,21,0.7422680412371134,21.0,ok
74,22,0.7936507936507936,9.0,ok
74,23,0.7794117647058824,20.0,ok
74,24,0.6515151515151515,24.0,ok
74,25,0.5517241379310345,25.0,ok
74,26,0.7938144329896907,22.0,ok
74,27,0.7320441988950276,23.0,ok
74,28,0.7848101265822784,27.0,ok
74,29,0.7083333333333334,28.0,ok
74,30,0.7606837606837606,30.0,ok
74,31,0.7006802721088435,29.0,ok
74,32,0.17525773195876287,26.0,ok
74,33,0.4666666666666667,26.0,ok
75,0,0.9520958083832335,0.0,ok
75,1,0.9902912621359223,2.0,ok
75,2,0.9047619047619048,1.0,ok
75,3,0.9024390243902439,3.0,ok
75,4,0.0,,no_overlapping_cluster
75,5,0.005763688760806916,5.0,ok
75,6,0.973404255319149,9.0,ok
75,7,0.002531645569620253,9.0,ok
75,8,0.9595959595959596,4.0,ok
75,9,0.7777777777777778,13.0,ok
75,10,0.9444444444444444,16.0,ok
75,11,0.8936170212765957,6.0,ok
75,12,0.9009009009009009,14.0,ok
75,13,0.824,12.0,ok
75,14,0.8571428571428571,8.0,ok
75,15,0.9285714285714286,5.0,ok
75,16,0.5714285714285714,19.0,ok
75,17,0.5517241379310345,7.0,ok
75,18,0.7509727626459144,25.0,ok
75,19,0.8089887640449438,10.0,ok
75,20,0.86,11.0,ok
75,21,0.6542056074766355,21.0,ok
75,22,0.8125,15.0,ok
75,23,0.7076923076923077,18.0,ok
75,24,0.7166666666666667,22.0,ok
75,25,0.5681818181818182,17.0,ok
75,26,0.7659574468085106,28.0,ok
75,27,0.7245053272450532,29.0,ok
75,28,0.7108433734939759,20.0,ok
75,29,0.17687074829931973,26.0,ok
75,30,0.8205128205128205,23.0,ok
75,31,0.7411764705882353,24.0,ok
75,32,0.5849056603773585,27.0,ok
75,33,0.5460992907801419,26.0,ok
76,0,0.9698795180722891,0.0,ok
76,1,0.9607843137254902,1.0,ok
76,2,0.8431372549019608,3.0,ok
76,3,0.9736842105263158,2.0,ok
76,4,0.0,,no_overlapping_cluster
76,5,0.01529051987767584,11.0,ok
76,6,0.872093023255814,6.0,ok
76,7,0.07159904534606205,6.0,ok
76,8,0.8777777777777778,5.0,ok
76,9,0.905982905982906,7.0,ok
76,10,0.9272727272727272,4.0,ok
76,11,0.8723404255319149,8.0,ok
76,12,0.9196428571428571,9.0,ok
76,13,0.7364341085271318,10.0,ok
76,14,0.8741721854304636,15.0,ok
76,15,0.8924050632911392,11.0,ok
76,16,0.9065420560747663,14.0,ok
76,17,0.7313432835820896,12.0,ok
76,18,0.772635814889336,24.0,ok
76,19,0.82,16.0,ok
76,20,0.7727272727272727,13.0,ok
76,21,0.5985915492957746,20.0,ok
76,22,0.7636363636363637,19.0,ok
76,23,0.7419354838709677,17.0,ok
76,24,0.11920529801324503,20.0,ok
76,25,0.5714285714285714,18.0,ok
76,26,0.7191011235955056,25.0,ok
76,27,0.7428571428571429,26.0,ok
76,28,0.7682926829268293,23.0,ok
76,29,0.1402439024390244,28.0,ok
76,30,0.7818181818181819,22.0,ok
76,31,0.7610062893081762,21.0,ok
76,32,0.5319148936170213,27.0,ok
76,33,0.62,28.0,ok
77,0,0.9937106918238994,0.0,ok
77,1,0.9479166666666666,1.0,ok
77,2,0.875,4.0,ok
77,3,0.8333333333333334,2.0,ok
77,4,0.8974358974358975,3.0,ok
77,5,0.0028089887640449437,5.0,ok
77,6,0.9590163934426229,7.0,ok
77,7,0.009174311926605505,6.0,ok
77,8,0.8695652173913043,6.0,ok
77,9,0.9130434782608695,8.0,ok
77,10,0.8913043478260869,20.0,ok
77,11,0.9387755102040817,10.0,ok
77,12,0.9173553719008265,9.0,ok
77,13,0.8085106382978723,11.0,ok
77,14,0.9038461538461539,15.0,ok
77,15,0.8820058997050148,5.0,ok
77,16,0.801980198019802,14.0,ok
77,17,0.5806451612903226,12.0,ok
77,18,0.8312159709618875,17.0,ok
77,19,0.8645833333333334,13.0,ok
77,20,0.29245283018867924,26.0,ok
77,21,0.7798165137614679,25.0,ok
77,22,0.85,16.0,ok
77,23,0.7727272727272727,22.0,ok
77,24,0.46808510638297873,26.0,ok
77,25,0.575,21.0,ok
77,26,0.574468085106383,29.0,ok
77,27,0.757396449704142,30.0,ok
77,28,0.8133333333333334,19.0,ok
77,29,0.8653846153846154,18.0,ok
77,30,0.8189655172413793,23.0,ok
77,31,0.575107296137339,24.0,ok
77,32,0.6444444444444445,28.0,ok
77,33,0.7480916030534351,27.0,ok
78,0,0.9567901234567902,0.0,ok
78,1,1.0,1.0,ok
78,2,0.9772727272727273,2.0,ok
78,3,0.0,,no_overlapping_cluster
78,4,0.002898550724637681,5.0,ok
78,5,0.005763688760806916,5.0,ok
78,6,0.9653333333333334,9.0,ok
78,7,0.0,,no_overlapping_cluster
78,8,0.946236559139785,4.0,ok
78,9,0.8737864077669902,8.0,ok
78,10,0.96,3.0,ok
78,11,0.8333333333333334,7.0,ok
78,12,0.9166666666666666,11.0,ok
78,13,0.8409090909090909,10.0,ok
78,14,0.8895705521472392,13.0,ok
78,15,0.9074074074074074,5.0,ok
78,16,0.8333333333333334,14.0,ok
78,17,0.7222222222222222,12.0,ok
78,18,0.7936210131332082,23.0,ok
78,19,0.6666666666666666,17.0,ok
78,20,0.8070175438596491,6.0,ok
78,21,0.7058823529411765,20.0,ok
78,22,0.8888888888888888,15.0,ok
78,23,0.7605633802816901,16.0,ok
78,24,0.7796610169491526,19.0,ok
78,25,0.4246575342465753,18.0,ok
78,26,0.696969696969697,28.0,ok
78,27,0.7679127725856698,29.0,ok
78,28,0.7611940298507462,25.0,ok
78,29,0.6415094339622641,26.0,ok
78,30,0.7380952380952381,22.0,ok
78,31,0.7535211267605634,21.0,ok
78,32,0.6046511627906976,24.0,ok
78,33,0.8,27.0,ok
79,0,0.9825581395348837,0.0,ok
79,1,1.0,2.0,ok
79,2,0.9534883720930233,3.0,ok
79,3,0.9534883720930233,1.0,ok
79,4,0.0,,no_overlapping_cluster
79,5,0.0,,no_overlapping_cluster
79,6,0.9707446808510638,10.0,ok
79,7,0.0,,no_overlapping_cluster
79,8,0.9489795918367347,6.0,ok
79,9,0.8793103448275862,9.0,ok
79,10,0.851063829787234,4.0,ok
79,11,0.8478260869565217,12.0,ok
79,12,0.9495798319327731,11.0,ok
79,13,0.7682119205298014,13.0,ok
79,14,0.8831168831168831,8.0,ok
79,15,0.8844984802431611,5.0,ok
79,16,0.8333333333333334,14.0,ok
79,17,0.04684317718940937,16.0,ok
79,18,0.7786116322701688,16.0,ok
79,19,0.6363636363636364,15.0,ok
79,20,0.8181818181818182,17.0,ok
79,21,0.6050955414012739,19.0,ok
79,22,0.9090909090909091,7.0,ok
79,23,0.8103448275862069,20.0,ok
79,24,0.125,19.0,ok
79,25,0.5853658536585366,18.0,ok
79,26,0.7222222222222222,23.0,ok
79,27,0.7511664074650077,24.0,ok
79,28,0.7567567567567568,25.0,ok
79,29,0.6923076923076923,26.0,ok
79,30,0.44144144144144143,22.0,ok
79,31,0.697841726618705,21.0,ok
79,32,0.1925925925925926,27.0,ok
79,33,0.5374149659863946,27.0,ok
80,0,0.9879518072289156,0.0,ok
80,1,0.989247311827957,2.0,ok
80,2,0.85,1.0,ok
80,3,0.0,,no_overlapping_cluster
80,4,0.00796812749003984,25.0,ok
80,5,0.0,,no_overlapping_cluster
80,6,0.935064935064935,6.0,ok
80,7,0.020253164556962026,6.0,ok
80,8,0.8913043478260869,5.0,ok
80,9,0.8785046728971962,7.0,ok
80,10,0.8444444444444444,11.0,ok
80,11,0.9056603773584906,4.0,ok
80,12,0.9126984126984127,8.0,ok
80,13,0.8201438848920863,9.0,ok
80,14,0.8690476190476191,10.0,ok
80,15,0.9046052631578947,3.0,ok
80,16,0.6415094339622641,13.0,ok
80,17,0.006024096385542169,18.0,ok
80,18,0.7965779467680608,16.0,ok
80,19,0.7474747474747475,15.0,ok
80,20,0.7735849056603774,12.0,ok
80,21,0.5555555555555556,21.0,ok
80,22,0.7605633802816901,17.0,ok
80,23,0.7534246575342466,14.0,ok
80,24,0.1953125,21.0,ok
80,25,0.6351351351351351,20.0,ok
80,26,0.7415730337078652,22.0,ok
80,27,0.7389380530973452,24.0,ok
80,28,0.5384615384615384,23.0,ok
80,29,0.17333333333333334,23.0,ok
80,30,0.8347107438016529,18.0,ok
80,31,0.6374269005847953,19.0,ok
80,32,0.18552036199095023,25.0,ok
80,33,0.416289592760181,25.0,ok
81,0,0.9820359281437125,0.0,ok
81,1,0.9245283018867925,1.0,ok
81,2,0.9333333333333333,3.0,ok
81,3,0.9473684210526315,2.0,ok
81,4,0.0,,no_overlapping_cluster
81,5,0.0,,no_overlapping_cluster
81,6,0.9571045576407506,9.0,ok
81,7,0.013333333333333334,3.0,ok
81,8,0.9896907216494846,7.0,ok
81,9,0.8928571428571429,8.0,ok
81,10,0.8333333333333334,14.0,ok
81,11,0.9361702127659575,4.0,ok
81,12,0.9243697478991597,5.0,ok
81,13,0.7579617834394905,6.0,ok
81,14,0.8343949044585988,16.0,ok
81,15,0.9385113268608414,12.0,ok
81,16,0.7909090909090909,13.0,ok
81,17,0.7605633802816901,10.0,ok
81,18,0.752,24.0,ok
81,19,0.6630434782608695,17.0,ok
81,20,0.8928571428571429,11.0,ok
81,21,0.7064220183486238,20.0,ok
81,22,0.8620689655172413,15.0,ok
81,23,0.8245614035087719,21.0,ok
81,24,0.6727272727272727,19.0,ok
81,25,0.4444444444444444,22.0,ok
81,26,0.8557692307692307,25.0,ok
81,27,0.7774390243902439,26.0,ok
81,28,0.48,28.0,ok
81,29,0.29838709677419356,28.0,ok
81,30,0.8306451612903226,18.0,ok
81,31,0.7986111111111112,23.0,ok
81,32,0.5087719298245614,27.0,ok
81,33,0.7456140350877193,29.0,ok
82,0,0.9826589595375722,0.0,ok
82,1,0.9666666666666667,1.0,ok
82,2,0.926829268292683,2.0,ok
82,3,0.5211267605633803,3.0,ok
82,4,0.4444444444444444,3.0,ok
82,5,0.017964071856287425,6.0,ok
82,6,0.91,10.0,ok
82,7,0.05263157894736842,10.0,ok
82,8,0.9900990099009901,4.0,ok
82,9,0.8181818181818182,11.0,ok
82,10,0.9074074074074074,5.0,ok
82,11,0.9148936170212766,14.0,ok
82,12,0.9724770642201835,15.0,ok
82,13,0.6287878787878788,16.0,ok
82,14,0.8641975308641975,7.0,ok
82,15,0.9310344827586207,6.0,ok
82,16,0.7040816326530612,13.0,ok
82,17,0.676923076923077,9.0,ok
82,18,0.7886497064579256,17.0,ok
82,19,0.8241758241758241,8.0,ok
82,20,0.0,,no_overlapping_cluster
82,21,0.43386243386243384,18.0,ok
82,22,0.8333333333333334,12.0,ok
82,23,0.704225352112676,20.0,ok
82,24,0.18032786885245902,18.0,ok
82,25,0.5671641791044776,21.0,ok
82,26,0.8191489361702128,19.0,ok
82,27,0.7578947368421053,24.0,ok
82,28,0.4772727272727273,26.0,ok
82,29,0.0,,no_overlapping_cluster
82,30,0.808,23.0,ok
82,31,0.7891156462585034,22.0,ok
82,32,0.15384615384615385,26.0,ok
82,33,0.6592592592592592,25.0,ok
83,0,0.9693251533742331,0.0,ok
83,1,0.97,1.0,ok
83,2,0.8431372549019608,4.0,ok
83,3,0.0136986301369863,2.0,ok
83,4,0.8717948717948718,2.0,ok
83,5,0.0049382716049382715,6.0,ok
83,6,0.9605263157894737,6.0,ok
83,7,0.25196850393700787,3.0,ok
83,8,0.6666666666666666,3.0,ok
83,9,0.8952380952380953,10.0,ok
83,10,0.9387755102040817,19.0,ok
83,11,0.78,7.0,ok
83,12,0.8984375,9.0,ok
83,13,0.8235294117647058,8.0,ok
83,14,0.8802395209580839,12.0,ok
83,15,0.9137380191693291,5.0,ok
83,16,0.717948717948718,15.0,ok
83,17,0.6621621621621622,11.0,ok
83,18,0.8015717092337917,13.0,ok
83,19,0.6875,18.0,ok
83,20,0.0,,no_overlapping_cluster
83,21,0.7636363636363637,20.0,ok
83,22,0.7903225806451613,17.0,ok
83,23,0.78125,16.0,ok
83,24,0.006535947712418301,15.0,ok
83,25,0.6666666666666666,14.0,ok
83,26,0.7894736842105263,23.0,ok
83,27,0.7379095163806553,24.0,ok
83,28,0.5398230088495575,26.0,ok
83,29,0.2916666666666667,26.0,ok
83,30,0.7727272727272727,22.0,ok
83,31,0.8027210884353742,21.0,ok
83,32,0.143646408839779,25.0,ok
83,33,0.5083798882681564,25.0,ok
84,0,0.9217877094972067,2.0,ok
84,1,0.9603960396039604,0.0,ok
84,2,0.9069767441860465,1.0,ok
84,3,0.006060606060606061,11.0,ok
84,4,0.9210526315789473,3.0,ok
84,5,0.010309278350515464,17.0,ok
84,6,0.8758782201405152,8.0,ok
84,7,0.06190476190476191,8.0,ok
84,8,0.9306930693069307,4.0,ok
84,9,0.8640776699029126,10.0,ok
84,10,0.8703703703703703,16.0,ok
84,11,0.8518518518518519,12.0,ok
84,12,0.9,14.0,ok
84,13,0.6518518518518519,15.0,ok
84,14,0.85625,6.0,ok
84,15,0.9180327868852459,5.0,ok
84,16,0.8425925925925926,13.0,ok
84,17,0.6875,7.0,ok
84,18,0.8113948919449901,11.0,ok
84,19,0.7450980392156863,19.0,ok
84,20,0.7090909090909091,18.0,ok
84,21,0.7391304347826086,20.0,ok
84,22,0.7727272727272727,9.0,ok
84,23,0.8028169014084507,17.0,ok
84,24,0.3203125,21.0,ok
84,25,0.3543307086614173,21.0,ok
84,26,0.8804347826086957,24.0,ok
84,27,0.7666666666666667,25.0,ok
84,28,0.7205882352941176,26.0,ok
84,29,0.8305084745762712,27.0,ok
84,30,0.8305084745762712,22.0,ok
84,31,0.6473684210526316,23.0,ok
84,32,0.11029411764705882,28.0,ok
84,33,0.6535433070866141,28.0,ok
85,0,0.9554140127388535,0.0,ok
85,1,0.946236559139785,1.0,ok
85,2,0.82,2.0,ok
85,3,0.00625,8.0,ok
85,4,0.0,,no_overlapping_cluster
85,5,0.009523809523809525,20.0,ok
85,6,0.9627659574468085,7.0,ok
85,7,0.04285714285714286,2.0,ok
85,8,0.9259259259259259,3.0,ok
85,9,0.8360655737704918,11.0,ok
85,10,0.8125,13.0,ok
85,11,0.7333333333333333,6.0,ok
85,12,0.9065420560747663,10.0,ok
85,13,0.8394160583941606,8.0,ok
85,14,0.9176470588235294,4.0,ok
85,15,0.9575163398692811,5.0,ok
85,16,0.8611111111111112,9.0,ok
85,17,0.007462686567164179,1.0,ok
85,18,0.7908366533864541,15.0,ok
85,19,0.782608695652174,12.0,ok
85,20,0.7424242424242424,14.0,ok
85,21,0.5483870967741935,23.0,ok
85,22,0.2138364779874214,23.0,ok
85,23,0.7972972972972973,20.0,ok
85,24,0.22058823529411764,24.0,ok
85,25,0.4094488188976378,24.0,ok
85,26,0.7872340425531915,18.0,ok
85,27,0.7467866323907455,19.0,ok
85,28,0.8428571428571429,17.0,ok
85,29,0.15547703180212014,16.0,ok
85,30,0.84251968503937,21.0,ok
85,31,0.6836734693877551,22.0,ok
85,32,0.12949640287769784,16.0,ok
85,33,0.33695652173913043,16.0,ok
86,0,0.9877300613496932,0.0,ok
86,1,1.0,1.0,ok
86,2,0.9523809523809523,4.0,ok
86,3,0.95,2.0,ok
86,4,0.5094339622641509,5.0,ok
86,5,0.011111111111111112,26.0,ok
86,6,0.9427083333333334,10.0,ok
86,7,0.26605504587155965,9.0,ok
86,8,0.5714285714285714,9.0,ok
86,9,0.8974358974358975,8.0,ok
86,10,0.8333333333333334,17.0,ok
86,11,0.7368421052631579,12.0,ok
86,12,0.9572649572649573,13.0,ok
86,13,0.732824427480916,14.0,ok
86,14,0.8523489932885906,11.0,ok
86,15,0.9115853658536586,3.0,ok
86,16,0.6857142857142857,18.0,ok
86,17,0.410958904109589,7.0,ok
86,18,0.7693693693693694,16.0,ok
86,19,0.7204301075268817,15.0,ok
86,20,0.8,6.0,ok
86,21,0.7230769230769231,22.0,ok
86,22,0.8095238095238095,21.0,ok
86,23,0.796875,26.0,ok
86,24,0.75,20.0,ok
86,25,0.6086956521739131,24.0,ok
86,26,0.8252427184466019,19.0,ok
86,27,0.7665198237885462,28.0,ok
86,28,0.5299145299145299,27.0,ok
86,29,0.25,27.0,ok
86,30,0.7758620689655172,23.0,ok
86,31,0.6972972972972973,25.0,ok
86,32,0.16055045871559634,29.0,ok
86,33,0.4474885844748858,29.0,ok
87,0,0.9640718562874252,0.0,ok
87,1,0.9333333333333333,1.0,ok
87,2,0.9534883720930233,3.0,ok
87,3,0.95,2.0,ok
87,4,0.013888888888888888,28.0,ok
87,5,0.001579778830963665,26.0,ok
87,6,0.9615384615384616,7.0,ok
87,7,0.008695652173913044,4.0,ok
87,8,0.8787878787878788,4.0,ok
87,9,0.853448275862069,12.0,ok
87,10,0.9791666666666666,6.0,ok
87,11,0.8103448275862069,11.0,ok
87,12,0.9107142857142857,14.0,ok
87,13,0.775,15.0,ok
87,14,0.8758169934640523,8.0,ok
87,15,0.9228295819935691,9.0,ok
87,16,0.8571428571428571,5.0,ok
87,17,0.7246376811594203,10.0,ok
87,18,0.7650485436893204,24.0,ok
87,19,0.6966292134831461,25.0,ok
87,20,0.86,13.0,ok
87,21,0.6915887850467289,21.0,ok
87,22,0.7777777777777778,17.0,ok
87,23,0.8088235294117647,19.0,ok
87,24,0.6153846153846154,22.0,ok
87,25,0.6379310344827587,20.0,ok
87,26,0.75,23.0,ok
87,27,0.7823529411764706,26.0,ok
87,28,0.684931506849315,27.0,ok
87,29,0.7959183673469388,29.0,ok
87,30,0.7666666666666667,16.0,ok
87,31,0.7709923664122137,18.0,ok
87,32,0.45098039215686275,28.0,ok
87,33,0.8,30.0,ok
88,0,0.9770114942528736,0.0,ok
88,1,0.9545454545454546,2.0,ok
88,2,1.0,1.0,ok
88,3,0.9743589743589743,4.0,ok
88,4,0.9473684210526315,3.0,ok
88,5,0.972972972972973,8.0,ok
88,6,0.9583333333333334,11.0,ok
88,7,0.009900990099009901,11.0,ok
88,8,0.9375,6.0,ok
88,9,0.9035087719298246,10.0,ok
88,10,0.9272727272727272,5.0,ok
88,11,0.8809523809523809,12.0,ok
88,12,0.963963963963964,13.0,ok
88,13,0.6259541984732825,14.0,ok
88,14,0.9324324324324325,17.0,ok
88,15,0.9385113268608414,7.0,ok
88,16,0.648936170212766,15.0,ok
88,17,0.7361111111111112,9.0,ok
88,18,0.7621951219512195,23.0,ok
88,19,0.7684210526315789,26.0,ok
88,20,0.6491228070175439,21.0,ok
88,21,0.6131386861313869,20.0,ok
88,22,0.7777777777777778,16.0,ok
88,23,0.8225806451612904,22.0,ok
88,24,0.6,18.0,ok
88,25,0.5797101449275363,19.0,ok
88,26,0.7204301075268817,30.0,ok
88,27,0.7307692307692307,31.0,ok
88,28,0.5428571428571428,29.0,ok
88,29,0.7586206896551724,27.0,ok
88,30,0.7218045112781954,25.0,ok
88,31,0.7697368421052632,24.0,ok
88,32,0.205607476635514,29.0,ok
88,33,0.7547169811320755,28.0,ok
89,0,0.9664804469273743,0.0,ok
89,1,1.0,1.0,ok
89,2,0.9111111111111111,2.0,ok
89,3,0.8974358974358975,4.0,ok
89,4,0.0,,no_overlapping_cluster
89,5,0.0032414910858995136,22.0,ok
89,6,0.9354005167958657,6.0,ok
89,7,0.03125,2.0,ok
89,8,0.9354838709677419,3.0,ok
89,9,0.9017857142857143,7.0,ok
89,10,0.9583333333333334,5.0,ok
89,11,0.9333333333333333,8.0,ok
89,12,0.9166666666666666,11.0,ok
89,13,0.5869565217391305,12.0,ok
89,14,0.8860759493670886,9.0,ok
89,15,0.9037800687285223,13.0,ok
89,16,0.6770833333333334,14.0,ok
89,17,0.0,,no_overlapping_cluster
89,18,0.8049242424242424,17.0,ok
89,19,0.651685393258427,21.0,ok
89,20,0.0423728813559322,15.0,ok
89,21,0.257396449704142,15.0,ok
89,22,0.9206349206349206,10.0,ok
89,23,0.85,18.0,ok
89,24,0.11676646706586827,15.0,ok
89,25,0.1656441717791411,15.0,ok
89,26,0.8,20.0,ok
89,27,0.7686567164179104,22.0,ok
89,28,0.8133333333333334,24.0,ok
89,29,0.7924528301886793,23.0,ok
89,30,0.8267716535433071,16.0,ok
89,31,0.5767441860465117,19.0,ok
89,32,0.5,25.0,ok
89,33,0.7844827586206896,26.0,ok
90,0,0.968944099378882,1.0,ok
90,1,0.9662921348314607,2.0,ok
90,2,0.9318181818181818,0.0,ok
90,3,0.9487179487179487,3.0,ok
90,4,0.0,,no_overlapping_cluster
90,5,0.925,4.0,ok
90,6,0.9735449735449735,7.0,ok
90,7,0.007936507936507936,5.0,ok
90,8,0.9504950495049505,5.0,ok
90,9,0.9196428571428571,6.0,ok
90,10,0.9347826086956522,16.0,ok
90,11,0.8367346938775511,11.0,ok
90,12,0.940677966101695,12.0,ok
90,13,0.7266187050359713,13.0,ok
90,14,0.8518518518518519,9.0,ok
90,15,0.8914956011730205,8.0,ok
90,16,0.7931034482758621,15.0,ok
90,17,0.8088235294117647,10.0,ok
90,18,0.7891682785299806,17.0,ok
90,19,0.7083333333333334,19.0,ok
90,20,0.6842105263157895,14.0,ok
90,21,0.4036144578313253,20.0,ok
90,22,0.7833333333333333,18.0,ok
90,23,0.8208955223880597,21.0,ok
90,24,0.2714285714285714,20.0,ok
90,25,0.18433179723502305,22.0,ok
90,26,0.686046511627907,24.0,ok
90,27,0.7518142235123367,26.0,ok
90,28,0.7361111111111112,27.0,ok
90,29,0.11801242236024845,28.0,ok
90,30,0.8153846153846154,23.0,ok
90,31,0.5507246376811594,22.0,ok
90,32,0.5344827586206896,25.0,ok
90,33,0.6388888888888888,28.0,ok
91,0,0.9880239520958084,0.0,ok
91,1,0.9431818181818182,1.0,ok
91,2,0.84,3.0,ok
91,3,0.8536585365853658,2.0,ok
91,4,0.8,5.0,ok
91,5,0.002066115702479339,31.0,ok
91,6,0.926829268292683,9.0,ok
91,7,0.05343511450381679,4.0,ok
91,8,0.8596491228070176,4.0,ok
91,9,0.9298245614035088,8.0,ok
91,10,0.9464285714285714,6.0,ok
91,11,0.8035714285714286,10.0,ok
91,12,0.8813559322033898,12.0,ok
91,13,0.7647058823529411,11.0,ok
91,14,0.8231292517006803,14.0,ok
91,15,0.9074074074074074,7.0,ok
91,16,0.8640776699029126,16.0,ok
91,17,0.7288135593220338,13.0,ok
91,18,0.8089430894308943,24.0,ok
91,19,0.6413043478260869,28.0,ok
91,20,0.7017543859649122,15.0,ok
91,21,0.6134453781512605,22.0,ok
91,22,0.8,19.0,ok
91,23,0.765625,20.0,ok
91,24,0.5901639344262295,23.0,ok
91,25,0.654320987654321,17.0,ok
91,26,0.6702127659574468,30.0,ok
91,27,0.660377358490566,31.0,ok
91,28,0.8441558441558441,25.0,ok
91,29,0.8135593220338984,26.0,ok
91,30,0.7803030303030303,18.0,ok
91,31,0.5911602209944752,21.0,ok
91,32,0.45,29.0,ok
91,33,0.8290598290598291,27.0,ok
92,0,0.9818181818181818,0.0,ok
92,1,0.9238095238095239,2.0,ok
92,2,0.8367346938775511,1.0,ok
92,3,0.0,,no_overlapping_cluster
92,4,0.0,,no_overlapping_cluster
92,5,0.006060606060606061,9.0,ok
92,6,0.973404255319149,14.0,ok
92,7,0.04,1.0,ok
92,8,0.9,6.0,ok
92,9,0.9051724137931034,13.0,ok
92,10,0.95,3.0,ok
92,11,0.8392857142857143,4.0,ok
92,12,0.9245283018867925,19.0,ok
92,13,0.7214285714285714,20.0,ok
92,14,0.8523489932885906,9.0,ok
92,15,0.9148264984227129,15.0,ok
92,16,0.87,10.0,ok
92,17,0.6,7.0,ok
92,18,0.8134920634920635,8.0,ok
92,19,0.8484848484848485,11.0,ok
92,20,0.7037037037037037,12.0,ok
92,21,0.5294117647058824,18.0,ok
92,22,0.8032786885245902,5.0,ok
92,23,0.7142857142857143,25.0,ok
92,24,0.21818181818181817,18.0,ok
92,25,0.6363636363636364,21.0,ok
92,26,0.7553191489361702,28.0,ok
92,27,0.6511627906976745,27.0,ok
92,28,0.8,23.0,ok
92,29,0.5892857142857143,22.0,ok
92,30,0.78125,24.0,ok
92,31,0.6,26.0,ok
92,32,0.5,16.0,ok
92,33,0.7280701754385965,17.0,ok
93,0,0.9719101123595506,0.0,ok
93,1,0.9595959595959596,1.0,ok
93,2,0.82,2.0,ok
93,3,0.0,,no_overlapping_cluster
93,4,0.0,,no_overlapping_cluster
93,5,0.8974358974358975,11.0,ok
93,6,0.9507772020725389,8.0,ok
93,7,0.8378378378378378,5.0,ok
93,8,0.9894736842105263,4.0,ok
93,9,0.8833333333333333,7.0,ok
93,10,0.8888888888888888,3.0,ok
93,11,0.9111111111111111,6.0,ok
93,12,0.905982905982906,9.0,ok
93,13,0.7333333333333333,10.0,ok
93,14,0.9090909090909091,16.0,ok
93,15,0.9065420560747663,12.0,ok
93,16,0.8555555555555555,22.0,ok
93,17,0.6296296296296297,13.0,ok
93,18,0.782608695652174,17.0,ok
93,19,0.6455696202531646,15.0,ok
93,20,0.8571428571428571,14.0,ok
93,21,0.7454545454545455,27.0,ok
93,22,0.8225806451612904,18.0,ok
93,23,0.7972972972972973,25.0,ok
93,24,0.20192307692307693,26.0,ok
93,25,0.35051546391752575,26.0,ok
93,26,0.7904761904761904,19.0,ok
93,27,0.7705802968960864,20.0,ok
93,28,0.7402597402597403,21.0,ok
93,29,0.7936507936507936,23.0,ok
93,30,0.8378378378378378,28.0,ok
93,31,0.7928571428571428,29.0,ok
93,32,0.15384615384615385,24.0,ok
93,33,0.5666666666666667,24.0,ok
94,0,1.0,0.0,ok
94,1,0.9789473684210527,1.0,ok
94,2,0.0075110959371799246,2.0,ok
94,3,0.007169682485489928,2.0,ok
94,4,0.005291908501194947,2.0,ok
94,5,0.005804028678729942,2.0,ok
94,6,0.06418572891771936,2.0,ok
94,7,0.005121201775349949,2.0,ok
94,8,0.016217138955274837,2.0,ok
94,9,0.017582792762034824,2.0,ok
94,10,0.00904745646978491,2.0,ok
94,11,0.00699897575964493,2.0,ok
94,12,0.018436326391259816,2.0,ok
94,13,0.022533287811539775,2.0,ok
94,14,0.026800955957664734,2.0,ok
94,15,0.05172413793103448,2.0,ok
94,16,0.016387845681119836,2.0,ok
94,17,0.009559576647319904,2.0,ok
94,18,0.08091498805052919,2.0,ok
94,19,0.016558552406964834,2.0,ok
94,20,0.009218163195629908,2.0,ok
94,21,0.01792420621372482,2.0,ok
94,22,0.0100716968248549,2.0,ok
94,23,0.009900990099009901,2.0,ok
94,24,0.0075110959371799246,2.0,ok
94,25,0.009730283373164903,2.0,ok
94,26,0.014339364970979856,2.0,ok
94,27,0.10293615568453397,2.0,ok
94,28,0.010925230454079891,2.0,ok
94,29,0.008364629566404916,2.0,ok
94,30,0.01792420621372482,2.0,ok
94,31,0.020655513827244794,2.0,ok
94,32,0.006828269033799932,2.0,ok
94,33,0.016387845681119836,2.0,ok
95,0,0.9629629629629629,0.0,ok
95,1,0.9893617021276596,1.0,ok
95,2,0.9047619047619048,2.0,ok
95,3,0.006350841057329214,3.0,ok
95,4,0.004806041881222108,3.0,ok
95,5,0.006350841057329214,3.0,ok
95,6,0.06676965327840714,3.0,ok
95,7,0.004806041881222108,3.0,ok
95,8,0.017164435290078956,3.0,ok
95,9,0.016649502231376588,3.0,ok
95,10,0.008925506350841057,3.0,ok
95,11,0.006865774116031583,3.0,ok
95,12,0.01905252317198764,3.0,ok
95,13,0.021112255406797117,3.0,ok
95,14,0.026261585993820804,3.0,ok
95,15,0.0509783728115345,3.0,ok
95,16,0.018194301407483692,3.0,ok
95,17,0.008238928939237899,3.0,ok
95,18,0.08307586680398214,3.0,ok
95,19,0.01579128046687264,3.0,ok
95,20,0.008582217645039478,3.0,ok
95,21,0.016992790937178166,3.0,ok
95,22,0.009440439409543425,3.0,ok
95,23,0.010298661174047374,3.0,ok
95,24,0.007723995880535531,3.0,ok
95,25,0.009440439409543425,3.0,ok
95,26,0.01561963611397185,3.0,ok
95,27,0.10401647785787847,3.0,ok
95,28,0.011156882938551322,3.0,ok
95,29,0.00789564023343632,3.0,ok
95,30,0.01905252317198764,3.0,ok
95,31,0.022313765877102643,3.0,ok
95,32,0.006179196704428424,3.0,ok
95,33,0.016649502231376588,3.0,ok
96,0,0.9681528662420382,0.0,ok
96,1,0.9494949494949495,1.0,ok
96,2,0.9,2.0,ok
96,3,0.9047619047619048,4.0,ok
96,4,0.8918918918918919,6.0,ok
96,5,0.0029585798816568047,7.0,ok
96,6,0.9540816326530612,10.0,ok
96,7,0.02857142857142857,2.0,ok
96,8,0.9223300970873787,5.0,ok
96,9,0.9145299145299145,11.0,ok
96,10,0.94,3.0,ok
96,11,0.7101449275362319,14.0,ok
96,12,0.9444444444444444,25.0,ok
96,13,0.5169491525423728,26.0,ok
96,14,0.8764705882352941,9.0,ok
96,15,0.9105431309904153,7.0,ok
96,16,0.7884615384615384,18.0,ok
96,17,0.675,8.0,ok
96,18,0.7792706333973128,16.0,ok
96,19,0.6091954022988506,15.0,ok
96,20,0.8518518518518519,13.0,ok
96,21,0.5621301775147929,19.0,ok
96,22,0.8970588235294118,12.0,ok
96,23,0.8,28.0,ok
96,24,0.14130434782608695,19.0,ok
96,25,0.484375,27.0,ok
96,26,0.8235294117647058,23.0,ok
96,27,0.7698744769874477,24.0,ok
96,28,0.76,21.0,ok
96,29,0.8103448275862069,22.0,ok
96,30,0.813953488372093,20.0,ok
96,31,0.8066666666666666,29.0,ok
96,32,0.17318435754189945,17.0,ok
96,33,0.4860335195530726,17.0,ok
97,0,0.9408284023668639,2.0,ok
97,1,0.9468085106382979,0.0,ok
97,2,0.4942528735632184,1.0,ok
97,3,0.3368421052631579,1.0,ok
97,4,0.0,,no_overlapping_cluster
97,5,0.00980392156862745,16.0,ok
97,6,0.9714285714285714,6.0,ok
97,7,0.008928571428571428,1.0,ok
97,8,0.9130434782608695,4.0,ok
97,9,0.9203539823008849,5.0,ok
97,10,0.8863636363636364,14.0,ok
97,11,0.8222222222222222,8.0,ok
97,12,0.9047619047619048,9.0,ok
97,13,0.8561151079136691,10.0,ok
97,14,0.8451612903225807,15.0,ok
97,15,0.9021406727828746,3.0,ok
97,16,0.7363636363636363,18.0,ok
97,17,0.029143897996357013,11.0,ok
97,18,0.8078291814946619,11.0,ok
97,19,0.82,13.0,ok
97,20,0.8596491228070176,7.0,ok
97,21,0.5286624203821656,19.0,ok
97,22,0.7407407407407407,12.0,ok
97,23,0.7333333333333333,16.0,ok
97,24,0.007692307692307693,18.0,ok
97,25,0.6811594202898551,17.0,ok
97,26,0.7980769230769231,20.0,ok
97,27,0.7274167987321711,25.0,ok
97,28,0.8395061728395061,23.0,ok
97,29,0.13445378151260504,24.0,ok
97,30,0.7936507936507936,22.0,ok
97,31,0.7013888888888888,21.0,ok
97,32,0.13452914798206278,24.0,ok
97,33,0.42920353982300885,24.0,ok
98,0,0.930635838150289,0.0,ok
98,1,0.970873786407767,2.0,ok
98,2,0.7719298245614035,1.0,ok
98,3,0.0062176165803108805,3.0,ok
98,4,0.00535405872193437,3.0,ok
98,5,0.005699481865284974,3.0,ok
98,6,0.06510101882231048,3.0,ok
98,7,0.012195121951219513,1.0,ok
98,8,0.02877697841726619,1.0,ok
98,9,0.018825561312607944,3.0,ok
98,10,0.007944732297063902,3.0,ok
98,11,0.007253886010362694,3.0,ok
98,12,0.017962003454231434,3.0,ok
98,13,0.021243523316062177,3.0,ok
98,14,0.026252158894645942,3.0,ok
98,15,0.051640759930915374,3.0,ok
98,16,0.015889464594127805,3.0,ok
98,17,0.023148148148148147,0.0,ok
98,18,0.07960628561561044,3.0,ok
98,19,0.016407599309153715,3.0,ok
98,20,0.007944732297063902,3.0,ok
98,21,0.01761353824900708,3.0,ok
98,22,0.010362694300518135,3.0,ok
98,23,0.008808290155440414,3.0,ok
98,24,0.008808290155440414,3.0,ok
98,25,0.010362694300518135,3.0,ok
98,26,0.01606217616580311,3.0,ok
98,27,0.10500863557858377,3.0,ok
98,28,0.011053540587219343,3.0,ok
98,29,0.007253886010362694,3.0,ok
98,30,0.01848013816925734,3.0,ok
98,31,0.0231433506044905,3.0,ok
98,32,0.0065630397236614854,3.0,ok
98,33,0.017271157167530225,3.0,ok
99,0,0.9488636363636364,0.0,ok
99,1,0.98989898989899,1.0,ok
99,2,0.8936170212765957,3.0,ok
99,3,0.813953488372093,2.0,ok
99,4,0.85,4.0,ok
99,5,0.020618556701030927,18.0,ok
99,6,0.9603174603174603,6.0,ok
99,7,0.02666666666666667,3.0,ok
99,8,0.96,5.0,ok
99,9,0.8818181818181818,7.0,ok
99,10,0.819672131147541,8.0,ok
99,11,0.8222222222222222,13.0,ok
99,12,0.9512195121951219,14.0,ok
99,13,0.7258064516129032,15.0,ok
99,14,0.8431372549019608,11.0,ok
99,15,0.9235668789808917,9.0,ok
99,16,0.61,12.0,ok
99,17,0.6379310344827587,16.0,ok
99,18,0.7606490872210954,27.0,ok
99,19,0.8415841584158416,21.0,ok
99,20,0.6785714285714286,24.0,ok
99,21,0.7105263157894737,25.0,ok
99,22,0.8888888888888888,10.0,ok
99,23,0.7536231884057971,18.0,ok
99,24,0.6615384615384615,22.0,ok
99,25,0.5205479452054794,23.0,ok
99,26,0.8586956521739131,26.0,ok
99,27,0.7763532763532763,28.0,ok
99,28,0.7272727272727273,17.0,ok
99,29,0.2268041237113402,30.0,ok
99,30,0.7851239669421488,19.0,ok
99,31,0.6634146341463415,20.0,ok
99,32,0.6341463414634146,29.0,ok
99,33,0.4712041884816754,30.0,ok
100,0,0.9117647058823529,1.0,ok
100,1,0.9787234042553191,0.0,ok
100,2,0.8604651162790697,3.0,ok
100,3,0.9736842105263158,2.0,ok
100,4,0.0,,no_overlapping_cluster
100,5,0.8947368421052632,4.0,ok
100,6,0.9549071618037135,9.0,ok
100,7,0.012626262626262626,9.0,ok
100,8,0.9583333333333334,8.0,ok
100,9,0.8518518518518519,10.0,ok
100,10,0.9347826086956522,5.0,ok
100,11,0.7884615384615384,11.0,ok
100,12,0.9274193548387096,13.0,ok
100,13,0.762962962962963,12.0,ok
100,14,0.8950617283950617,14.0,ok
100,15,0.915625,6.0,ok
100,16,0.9009009009009009,18.0,ok
100,17,0.7391304347826086,7.0,ok
100,18,0.7815442561205274,15.0,ok
100,19,0.8020833333333334,19.0,ok
100,20,0.8,16.0,ok
100,21,0.39183673469387753,17.0,ok
100,22,0.1814516129032258,17.0,ok
100,23,0.7627118644067796,22.0,ok
100,24,0.7049180327868853,20.0,ok
100,25,0.65625,21.0,ok
100,26,0.77,25.0,ok
100,27,0.7956521739130434,26.0,ok
100,28,0.7162162162162162,28.0,ok
100,29,0.8363636363636363,27.0,ok
100,30,0.8278688524590164,24.0,ok
100,31,0.6223404255319149,23.0,ok
100,32,0.6888888888888889,30.0,ok
100,33,0.7714285714285715,29.0,ok
101,0,0.930635838150289,1.0,ok
101,1,0.9803921568627451,0.0,ok
101,2,0.5652173913043478,2.0,ok
101,3,0.0,,no_overlapping_cluster
101,4,0.8863636363636364,3.0,ok
101,5,0.2857142857142857,2.0,ok
101,6,0.9440203562340967,13.0,ok
101,7,0.021739130434782608,2.0,ok
101,8,0.9468085106382979,5.0,ok
101,9,0.8695652173913043,14.0,ok
101,10,0.9375,9.0,ok
101,11,0.8431372549019608,16.0,ok
101,12,0.9065420560747663,15.0,ok
101,13,0.825503355704698,17.0,ok
101,14,0.84375,11.0,ok
101,15,0.9003322259136213,12.0,ok
101,16,0.8,7.0,ok
101,17,0.6779661016949152,4.0,ok
101,18,0.8352490421455939,8.0,ok
101,19,0.8571428571428571,6.0,ok
101,20,0.18326693227091634,19.0,ok
101,21,0.3132075471698113,19.0,ok
101,22,0.8275862068965517,18.0,ok
101,23,0.7611940298507462,21.0,ok
101,24,0.1484375,19.0,ok
101,25,0.7796610169491526,20.0,ok
101,26,0.060291060291060294,10.0,ok
101,27,0.427877947295423,10.0,ok
101,28,0.04097222222222222,10.0,ok
101,29,0.034027777777777775,10.0,ok
101,30,0.7053571428571429,23.0,ok
101,31,0.624390243902439,22.0,ok
101,32,0.024339360222531293,10.0,ok
101,33,0.06949270326615706,10.0,ok
102,0,0.9767441860465116,0.0,ok
102,1,0.96875,1.0,ok
102,2,0.9090909090909091,2.0,ok
102,3,0.9487179487179487,3.0,ok
102,4,0.0,,no_overlapping_cluster
102,5,0.01098901098901099,20.0,ok
102,6,0.95,7.0,ok
102,7,0.21052631578947367,4.0,ok
102,8,0.7132352941176471,4.0,ok
102,9,0.9292035398230089,6.0,ok
102,10,0.875,16.0,ok
102,11,0.9433962264150944,8.0,ok
102,12,0.8943089430894309,10.0,ok
102,13,0.7894736842105263,11.0,ok
102,14,0.896774193548387,5.0,ok
102,15,0.9061488673139159,17.0,ok
102,16,0.944954128440367,14.0,ok
102,17,0.5606060606060606,9.0,ok
102,18,0.7827788649706457,21.0,ok
102,19,0.8080808080808081,12.0,ok
102,20,0.8032786885245902,13.0,ok
102,21,0.78125,18.0,ok
102,22,0.7936507936507936,15.0,ok
102,23,0.7536231884057971,20.0,ok
102,24,0.36585365853658536,19.0,ok
102,25,0.30303030303030304,19.0,ok
102,26,0.8152173913043478,25.0,ok
102,27,0.725,28.0,ok
102,28,0.8356164383561644,26.0,ok
102,29,0.13297872340425532,24.0,ok
102,30,0.831858407079646,22.0,ok
102,31,0.6994219653179191,23.0,ok
102,32,0.6326530612244898,27.0,ok
102,33,0.5878787878787879,24.0,ok
103,0,0.9651162790697675,0.0,ok
103,1,0.978494623655914,1.0,ok
103,2,0.8636363636363636,2.0,ok
103,3,0.9210526315789473,4.0,ok
103,4,0.8666666666666667,3.0,ok
103,5,0.0014925373134328358,28.0,ok
103,6,0.9342105263157895,6.0,ok
103,7,0.014492753623188406,2.0,ok
103,8,0.9494949494949495,5.0,ok
103,9,0.9158878504672897,8.0,ok
103,10,0.9636363636363636,16.0,ok
103,11,0.8372093023255814,9.0,ok
103,12,0.8793103448275862,11.0,ok
103,13,0.6299212598425197,12.0,ok
103,14,0.8482758620689655,13.0,ok
103,15,0.8957654723127035,10.0,ok
103,16,0.6578947368421053,15.0,ok
103,17,0.7014925373134329,7.0,ok
103,18,0.7373949579831933,19.0,ok
103,19,0.7391304347826086,14.0,ok
103,20,0.005952380952380952,24.0,ok
103,21,0.4258064516129032,25.0,ok
103,22,0.8923076923076924,17.0,ok
103,23,0.746268656716418,22.0,ok
103,24,0.24427480916030533,25.0,ok
103,25,0.5522388059701493,26.0,ok
103,26,0.8118811881188119,27.0,ok
103,27,0.7813370473537604,28.0,ok
103,28,0.8192771084337349,18.0,ok
103,29,0.7777777777777778,20.0,ok
103,30,0.8306451612903226,24.0,ok
103,31,0.6648351648351648,23.0,ok
103,32,0.12077294685990338,21.0,ok
103,33,0.495,21.0,ok
104,0,0.9263803680981595,0.0,ok
104,1,0.9795918367346939,2.0,ok
104,2,0.8837209302325582,1.0,ok
104,3,0.9761904761904762,3.0,ok
104,4,0.0,,no_overlapping_cluster
104,5,0.0,,no_overlapping_cluster
104,6,0.9709762532981531,7.0,ok
104,7,0.029411764705882353,1.0,ok
104,8,0.9509803921568627,4.0,ok
104,9,0.8648648648648649,8.0,ok
104,10,0.9038461538461539,5.0,ok
104,11,0.851063829787234,10.0,ok
104,12,0.9047619047619048,11.0,ok
104,13,0.7446808510638298,12.0,ok
104,14,0.875,15.0,ok
104,15,0.8848684210526315,16.0,ok
104,16,0.5607476635514018,14.0,ok
104,17,0.7,6.0,ok
104,18,0.8471698113207548,13.0,ok
104,19,0.7628865979381443,20.0,ok
104,20,0.4696969696969697,9.0,ok
104,21,0.6831683168316832,18.0,ok
104,22,0.8070175438596491,17.0,ok
104,23,0.7413793103448276,21.0,ok
104,24,0.6666666666666666,19.0,ok
104,25,0.6507936507936508,22.0,ok
104,26,0.09090909090909091,25.0,ok
104,27,0.7064102564102565,25.0,ok
104,28,0.5206611570247934,27.0,ok
104,29,0.344,27.0,ok
104,30,0.8099173553719008,23.0,ok
104,31,0.6833333333333333,24.0,ok
104,32,0.18421052631578946,26.0,ok
104,33,0.48704663212435234,26.0,ok
105,0,0.9873417721518988,0.0,ok
105,1,0.98,1.0,ok
105,2,0.7924528301886793,2.0,ok
105,3,0.972972972972973,3.0,ok
105,4,0.875,4.0,ok
105,5,0.8780487804878049,5.0,ok
105,6,0.9763157894736842,9.0,ok
105,7,0.016129032258064516,8.0,ok
105,8,0.9038461538461539,8.0,ok
105,9,0.9375,11.0,ok
105,10,0.9245283018867925,7.0,ok
105,11,0.8333333333333334,10.0,ok
105,12,0.9375,12.0,ok
105,13,0.7916666666666666,13.0,ok
105,14,0.9130434782608695,17.0,ok
105,15,0.9214501510574018,6.0,ok
105,16,0.6086956521739131,18.0,ok
105,17,0.0047169811320754715,0.0,ok
105,18,0.8016194331983806,14.0,ok
105,19,0.7578947368421053,15.0,ok
105,20,0.0,,no_overlapping_cluster
105,21,0.7459016393442623,22.0,ok
105,22,0.8245614035087719,16.0,ok
105,23,0.7758620689655172,19.0,ok
105,24,0.6166666666666667,21.0,ok
105,25,0.7162162162162162,20.0,ok
105,26,0.5064935064935064,28.0,ok
105,27,0.7395993836671803,29.0,ok
105,28,0.8311688311688312,25.0,ok
105,29,0.75,26.0,ok
105,30,0.7862595419847328,23.0,ok
105,31,0.6702127659574468,24.0,ok
105,32,0.018072289156626505,27.0,ok
105,33,0.6808510638297872,27.0,ok
106,0,0.9828571428571429,0.0,ok
106,1,0.9893617021276596,1.0,ok
106,2,0.9387755102040817,2.0,ok
106,3,0.0,,no_overlapping_cluster
106,4,0.8717948717948718,4.0,ok
106,5,0.9487179487179487,6.0,ok
106,6,0.9073170731707317,9.0,ok
106,7,0.046228710462287104,9.0,ok
106,8,0.9333333333333333,7.0,ok
106,9,0.9056603773584906,8.0,ok
106,10,0.8181818181818182,3.0,ok
106,11,0.8727272727272727,10.0,ok
106,12,0.9380530973451328,11.0,ok
106,13,0.6567164179104478,12.0,ok
106,14,0.8807947019867549,16.0,ok
106,15,0.8919753086419753,5.0,ok
106,16,0.8108108108108109,14.0,ok
106,17,0.6923076923076923,13.0,ok
106,18,0.7228915662650602,26.0,ok
106,19,0.7684210526315789,15.0,ok
106,20,0.6666666666666666,21.0,ok
106,21,0.6083916083916084,22.0,ok
106,22,0.828125,17.0,ok
106,23,0.7857142857142857,19.0,ok
106,24,0.17123287671232876,22.0,ok
106,25,0.620253164556962,23.0,ok
106,26,0.7647058823529411,20.0,ok
106,27,0.7741935483870968,27.0,ok
106,28,0.42424242424242425,18.0,ok
106,29,0.3014705882352941,18.0,ok
106,30,0.7129629629629629,25.0,ok
106,31,0.7150837988826816,24.0,ok
106,32,0.13191489361702127,28.0,ok
106,33,0.40756302521008403,28.0,ok
107,0,0.9883040935672515,0.0,ok
107,1,0.9782608695652174,1.0,ok
107,2,0.8490566037735849,2.0,ok
107,3,0.7555555555555555,3.0,ok
107,4,0.0,,no_overlapping_cluster
107,5,0.0,,no_overlapping_cluster
107,6,0.8932038834951457,5.0,ok
107,7,0.05867970660146699,5.0,ok
107,8,0.9166666666666666,4.0,ok
107,9,0.9333333333333333,8.0,ok
107,10,0.92,13.0,ok
107,11,0.0,,no_overlapping_cluster
107,12,0.8818897637795275,15.0,ok
107,13,0.6592592592592592,16.0,ok
107,14,0.8805031446540881,12.0,ok
107,15,0.932258064516129,6.0,ok
107,16,0.92,7.0,ok
107,17,0.7101449275362319,11.0,ok
107,18,0.7937743190661478,14.0,ok
107,19,0.7029702970297029,9.0,ok
107,20,0.7735849056603774,10.0,ok
107,21,0.7155172413793104,20.0,ok
107,22,0.7962962962962963,17.0,ok
107,23,0.8125,18.0,ok
107,24,0.7049180327868853,19.0,ok
107,25,0.6486486486486487,21.0,ok
107,26,0.7727272727272727,22.0,ok
107,27,0.7834586466165413,25.0,ok
107,28,0.8148148148148148,27.0,ok
107,29,0.7358490566037735,26.0,ok
107,30,0.811965811965812,24.0,ok
107,31,0.8169014084507042,23.0,ok
107,32,0.23121387283236994,28.0,ok
107,33,0.46994535519125685,28.0,ok
108,0,0.9707602339181286,0.0,ok
108,1,0.9680851063829787,2.0,ok
108,2,0.8367346938775511,1.0,ok
108,3,0.0,,no_overlapping_cluster
108,4,0.0,,no_overlapping_cluster
108,5,0.9736842105263158,4.0,ok
108,6,0.9716494845360825,7.0,ok
108,7,0.08771929824561403,3.0,ok
108,8,0.8365384615384616,3.0,ok
108,9,0.9203539823008849,10.0,ok
108,10,0.9444444444444444,6.0,ok
108,11,0.8333333333333334,9.0,ok
108,12,0.8738738738738738,12.0,ok
108,13,0.7279411764705882,11.0,ok
108,14,0.8536585365853658,13.0,ok
108,15,0.9344262295081968,8.0,ok
108,16,0.6842105263157895,17.0,ok
108,17,0.5955056179775281,5.0,ok
108,18,0.8408644400785854,15.0,ok
108,19,0.8529411764705882,14.0,ok
108,20,0.8679245283018868,16.0,ok
108,21,0.4662576687116564,20.0,ok
108,22,0.8307692307692308,18.0,ok
108,23,0.8103448275862069,25.0,ok
108,24,0.2689655172413793,20.0,ok
108,25,0.5972222222222222,22.0,ok
108,26,0.7816091954022989,23.0,ok
108,27,0.8079178885630498,24.0,ok
108,28,0.13279132791327913,21.0,ok
108,29,0.13259668508287292,21.0,ok
108,30,0.796875,19.0,ok
108,31,0.7298850574712644,26.0,ok
108,32,0.10277777777777777,21.0,ok
108,33,0.25824175824175827,21.0,ok
109,0,0.9345238095238095,0.0,ok
109,1,0.9901960784313726,1.0,ok
109,2,0.9545454545454546,2.0,ok
109,3,0.0024096385542168677,5.0,ok
109,4,0.0,,no_overlapping_cluster
109,5,0.0,,no_overlapping_cluster
109,6,0.961340206185567,5.0,ok
109,7,0.8157894736842105,6.0,ok
109,8,0.97,7.0,ok
109,9,0.9473684210526315,8.0,ok
109,10,0.94,3.0,ok
109,11,0.7543859649122807,9.0,ok
109,12,0.9098360655737705,13.0,ok
109,13,0.676923076923077,14.0,ok
109,14,0.864516129032258,15.0,ok
109,15,0.9228295819935691,4.0,ok
109,16,0.8878504672897196,10.0,ok
109,17,0.582089552238806,12.0,ok
109,18,0.7821782178217822,17.0,ok
109,19,0.7083333333333334,21.0,ok
109,20,0.8181818181818182,20.0,ok
109,21,0.7723577235772358,19.0,ok
109,22,0.8307692307692308,11.0,ok
109,23,0.8266666666666667,22.0,ok
109,24,0.7301587301587301,18.0,ok
109,25,0.5238095238095238,25.0,ok
109,26,0.7547169811320755,16.0,ok
109,27,0.7433903576982893,26.0,ok
109,28,0.7325581395348837,27.0,ok
109,29,0.7543859649122807,28.0,ok
109,30,0.7698412698412699,23.0,ok
109,31,0.7277777777777777,24.0,ok
109,32,0.0,,no_overlapping_cluster
109,33,0.7394957983193278,29.0,ok
110,0,0.98125,0.0,ok
110,1,0.967032967032967,1.0,ok
110,2,0.926829268292683,2.0,ok
110,3,0.9285714285714286,3.0,ok
110,4,0.006711409395973154,9.0,ok
110,5,0.01,21.0,ok
110,6,0.918918918918919,5.0,ok
110,7,0.04918032786885246,2.0,ok
110,8,0.8636363636363636,4.0,ok
110,9,0.8828828828828829,6.0,ok
110,10,0.8269230769230769,18.0,ok
110,11,0.8979591836734694,8.0,ok
110,12,0.9067796610169492,9.0,ok
110,13,0.7364341085271318,10.0,ok
110,14,0.8164556962025317,17.0,ok
110,15,0.8963414634146342,7.0,ok
110,16,0.875,11.0,ok
110,17,0.8285714285714286,12.0,ok
110,18,0.8153241650294696,13.0,ok
110,19,0.8736842105263158,15.0,ok
110,20,0.8301886792452831,14.0,ok
110,21,0.4819277108433735,19.0,ok
110,22,0.7936507936507936,20.0,ok
110,23,0.7808219178082192,21.0,ok
110,24,0.22929936305732485,19.0,ok
110,25,0.0,,no_overlapping_cluster
110,26,0.7676767676767676,24.0,ok
110,27,0.7374461979913917,26.0,ok
110,28,0.8787878787878788,16.0,ok
110,29,0.18691588785046728,25.0,ok
110,30,0.7787610619469026,22.0,ok
110,31,0.6982248520710059,23.0,ok
110,32,0.18571428571428572,25.0,ok
110,33,0.36771300448430494,25.0,ok
111,0,0.9754601226993865,0.0,ok
111,1,0.9896907216494846,2.0,ok
111,2,0.9148936170212766,1.0,ok
111,3,0.0,,no_overlapping_cluster
111,4,0.006993006993006993,14.0,ok
111,5,0.0,,no_overlapping_cluster
111,6,0.9373297002724795,4.0,ok
111,7,0.0,,no_overlapping_cluster
111,8,0.9347826086956522,3.0,ok
111,9,0.9042553191489362,5.0,ok
111,10,0.9285714285714286,9.0,ok
111,11,0.8,12.0,ok
111,12,0.8879310344827587,14.0,ok
111,13,0.7762237762237763,15.0,ok
111,14,0.8552631578947368,8.0,ok
111,15,0.913946587537092,6.0,ok
111,16,0.8058252427184466,13.0,ok
111,17,0.6081081081081081,7.0,ok
111,18,0.838150289017341,10.0,ok
111,19,0.6831683168316832,24.0,ok
111,20,0.8666666666666667,11.0,ok
111,21,0.567741935483871,18.0,ok
111,22,0.8253968253968254,16.0,ok
111,23,0.7714285714285715,22.0,ok
111,24,0.13333333333333333,18.0,ok
111,25,0.62,19.0,ok
111,26,0.7419354838709677,17.0,ok
111,27,0.7583697234352256,25.0,ok
111,28,0.8,26.0,ok
111,29,0.8214285714285714,23.0,ok
111,30,0.7851851851851852,20.0,ok
111,31,0.8053691275167785,21.0,ok
111,32,0.18285714285714286,27.0,ok
111,33,0.5056818181818182,27.0,ok
112,0,0.9767441860465116,0.0,ok
112,1,0.9775280898876404,2.0,ok
112,2,0.86,1.0,ok
112,3,0.0,,no_overlapping_cluster
112,4,0.0,,no_overlapping_cluster
112,5,0.0,,no_overlapping_cluster
112,6,0.9476584022038568,5.0,ok
112,7,0.176,3.0,ok
112,8,0.782258064516129,3.0,ok
112,9,0.908256880733945,4.0,ok
112,10,0.8888888888888888,13.0,ok
112,11,0.8723404255319149,6.0,ok
112,12,0.8947368421052632,8.0,ok
112,13,0.6865671641791045,7.0,ok
112,14,0.8734177215189873,14.0,ok
112,15,0.910828025477707,9.0,ok
112,16,0.8556701030927835,15.0,ok
112,17,0.6984126984126984,11.0,ok
112,18,0.8044280442804428,12.0,ok
112,19,0.7821782178217822,21.0,ok
112,20,0.8214285714285714,10.0,ok
112,21,0.3763837638376384,17.0,ok
112,22,0.19029850746268656,17.0,ok
112,23,0.7931034482758621,19.0,ok
112,24,0.0967741935483871,17.0,ok
112,25,0.6630434782608695,16.0,ok
112,26,0.8064516129032258,26.0,ok
112,27,0.7953846153846154,25.0,ok
112,28,0.7848101265822784,24.0,ok
112,29,0.8627450980392157,23.0,ok
112,30,0.8181818181818182,18.0,ok
112,31,0.6055045871559633,20.0,ok
112,32,0.18877551020408162,22.0,ok
112,33,0.49743589743589745,22.0,ok
113,0,0.98125,0.0,ok
113,1,0.9560439560439561,1.0,ok
113,2,0.8235294117647058,2.0,ok
113,3,0.0,,no_overlapping_cluster
113,4,0.0,,no_overlapping_cluster
113,5,0.005076142131979695,5.0,ok
113,6,0.9697802197802198,5.0,ok
113,7,0.11965811965811966,7.0,ok
113,8,0.8037383177570093,7.0,ok
113,9,0.9405940594059405,4.0,ok
113,10,0.9565217391304348,3.0,ok
113,11,0.9583333333333334,8.0,ok
113,12,0.96,9.0,ok
113,13,0.8206896551724138,10.0,ok
113,14,0.8786127167630058,12.0,ok
113,15,0.9536423841059603,6.0,ok
113,16,0.6601941747572816,13.0,ok
113,17,0.8253968253968254,11.0,ok
113,18,0.8003802281368821,18.0,ok
113,19,0.6947368421052632,22.0,ok
113,20,0.7540983606557377,14.0,ok
113,21,0.7398373983739838,17.0,ok
113,22,0.7758620689655172,15.0,ok
113,23,0.7741935483870968,19.0,ok
113,24,0.3305785123966942,16.0,ok
113,25,0.2890625,16.0,ok
113,26,0.7575757575757576,23.0,ok
113,27,0.7888730385164051,24.0,ok
113,28,0.456,26.0,ok
113,29,0.12571428571428572,25.0,ok
113,30,0.7844827586206896,21.0,ok
113,31,0.6578947368421053,20.0,ok
113,32,0.1875,26.0,ok
113,33,0.6282051282051282,25.0,ok
114,0,0.9817073170731707,0.0,ok
114,1,1.0,1.0,ok
114,2,0.8125,3.0,ok
114,3,0.9,2.0,ok
114,4,0.0,,no_overlapping_cluster
114,5,0.002898550724637681,6.0,ok
114,6,0.9414893617021277,11.0,ok
114,7,0.20149253731343283,4.0,ok
114,8,0.7555555555555555,4.0,ok
114,9,0.9224137931034483,10.0,ok
114,10,0.8909090909090909,5.0,ok
114,11,0.926829268292683,12.0,ok
114,12,0.9196428571428571,16.0,ok
114,13,0.6412213740458015,15.0,ok
114,14,0.8707482993197279,7.0,ok
114,15,0.940251572327044,6.0,ok
114,16,0.8316831683168316,8.0,ok
114,17,0.7580645161290323,9.0,ok
114,18,0.7519685039370079,20.0,ok
114,19,0.797979797979798,14.0,ok
114,20,0.8,13.0,ok
114,21,0.7,22.0,ok
114,22,0.828125,17.0,ok
114,23,0.7741935483870968,26.0,ok
114,24,0.2767857142857143,21.0,ok
114,25,0.34210526315789475,21.0,ok
114,26,0.7628865979381443,18.0,ok
114,27,0.6897435897435897,19.0,ok
114,28,0.4722222222222222,24.0,ok
114,29,0.3130434782608696,24.0,ok
114,30,0.8103448275862069,25.0,ok
114,31,0.6994219653179191,27.0,ok
114,32,0.033921302578018994,19.0,ok
114,33,0.7481481481481481,23.0,ok
115,0,0.9700598802395209,0.0,ok
115,1,0.9659090909090909,1.0,ok
115,2,0.9302325581395349,2.0,ok
115,3,0.014084507042253521,3.0,ok
115,4,0.8378378378378378,3.0,ok
115,5,0.009009009009009009,7.0,ok
115,6,0.9461538461538461,10.0,ok
115,7,0.0,,no_overlapping_cluster
115,8,0.9514563106796117,5.0,ok
115,9,0.9262295081967213,9.0,ok
115,10,0.8771929824561403,4.0,ok
115,11,0.9047619047619048,8.0,ok
115,12,0.8547008547008547,12.0,ok
115,13,0.7122302158273381,11.0,ok
115,14,0.7876712328767124,15.0,ok
115,15,0.9009287925696594,7.0,ok
115,16,0.6666666666666666,19.0,ok
115,17,0.6101694915254238,6.0,ok
115,18,0.8217636022514071,16.0,ok
115,19,0.8775510204081632,14.0,ok
115,20,0.7358490566037735,13.0,ok
115,21,0.7083333333333334,24.0,ok
115,22,0.8529411764705882,17.0,ok
115,23,0.9122807017543859,22.0,ok
115,24,0.4057971014492754,23.0,ok
115,25,0.5967741935483871,20.0,ok
115,26,0.8913043478260869,26.0,ok
115,27,0.773121387283237,27.0,ok
115,28,0.6666666666666666,25.0,ok
115,29,0.004739336492890996,0.0,ok
115,30,0.819672131147541,18.0,ok
115,31,0.82,21.0,ok
115,32,0.5,28.0,ok
115,33,0.8067226890756303,29.0,ok
116,0,0.9815950920245399,0.0,ok
116,1,0.978494623655914,3.0,ok
116,2,0.9047619047619048,2.0,ok
116,3,0.0010484011881880134,4.0,ok
116,4,0.006498068141903758,4.0,ok
116,5,0.0066736916051984545,4.0,ok
116,6,0.06391571553994732,4.0,ok
116,7,0.0045662100456621,4.0,ok
116,8,0.9607843137254902,1.0,ok
116,9,0.017562346329469618,4.0,ok
116,10,0.008429926238145416,4.0,ok
116,11,0.007727432384966632,4.0,ok
116,12,0.019845451352300668,4.0,ok
116,13,0.021777309448542326,4.0,ok
116,14,0.02616789603090973,4.0,ok
116,15,0.05286266245170355,4.0,ok
116,16,0.01685985247629083,4.0,ok
116,17,0.008604038630377524,4.0,ok
116,18,0.08358208955223881,4.0,ok
116,19,0.01738672286617492,4.0,ok
116,20,0.008605549701440113,4.0,ok
116,21,0.01791359325605901,4.0,ok
116,22,0.010361784334387074,4.0,ok
116,23,0.009308043554618898,4.0,ok
116,24,0.008429926238145416,4.0,ok
116,25,0.009308043554618898,4.0,ok
116,26,0.01563048823322796,4.0,ok
116,27,0.11081840533895329,4.0,ok
116,28,0.011591148577449948,4.0,ok
116,29,0.008781173164734809,4.0,ok
116,30,0.01879171057253249,4.0,ok
116,31,0.0228310502283105,4.0,ok
116,32,0.005444327362135582,4.0,ok
116,33,0.0182648401826484,4.0,ok
117,0,0.9573170731707317,0.0,ok
117,1,0.9896907216494846,3.0,ok
117,2,0.8888888888888888,1.0,ok
117,3,0.8809523809523809,2.0,ok
117,4,0.0,,no_overlapping_cluster
117,5,0.0,,no_overlapping_cluster
117,6,0.9301745635910225,10.0,ok
117,7,0.034739454094292806,10.0,ok
117,8,0.8666666666666667,4.0,ok
117,9,0.8833333333333333,12.0,ok
117,10,0.84,8.0,ok
117,11,0.0,,no_overlapping_cluster
117,12,0.8518518518518519,13.0,ok
117,13,0.44,14.0,ok
117,14,0.8571428571428571,6.0,ok
117,15,0.9003215434083601,5.0,ok
117,16,0.6161616161616161,11.0,ok
117,17,0.660377358490566,7.0,ok
117,18,0.7406716417910447,21.0,ok
117,19,0.6956521739130435,22.0,ok
117,20,0.88,15.0,ok
117,21,0.6875,17.0,ok
117,22,0.9206349206349206,9.0,ok
117,23,0.78125,16.0,ok
117,24,0.375,18.0,ok
117,25,0.25,18.0,ok
117,26,0.7528089887640449,23.0,ok
117,27,0.7235294117647059,24.0,ok
117,28,0.8888888888888888,25.0,ok
117,29,0.7058823529411765,26.0,ok
117,30,0.816793893129771,20.0,ok
117,31,0.7288135593220338,19.0,ok
117,32,0.5208333333333334,27.0,ok
117,33,0.8070175438596491,28.0,ok
118,0,0.9683544303797469,0.0,ok
118,1,0.9340659340659341,1.0,ok
118,2,0.8695652173913043,3.0,ok
118,3,0.9230769230769231,2.0,ok
118,4,0.0,,no_overlapping_cluster
118,5,0.0,,no_overlapping_cluster
118,6,0.9211822660098522,8.0,ok
118,7,0.0410958904109589,3.0,ok
118,8,0.9,5.0,ok
118,9,0.8521739130434782,9.0,ok
118,10,0.9038461538461539,4.0,ok
118,11,0.7288135593220338,10.0,ok
118,12,0.9016393442622951,12.0,ok
118,13,0.6159420289855072,11.0,ok
118,14,0.7905405405405406,7.0,ok
118,15,0.9320987654320988,6.0,ok
118,16,0.8737864077669902,16.0,ok
118,17,0.6779661016949152,14.0,ok
118,18,0.7920604914933838,17.0,ok
118,19,0.8279569892473119,13.0,ok
118,20,0.8703703703703703,20.0,ok
118,21,0.5339805825242718,25.0,ok
118,22,0.8135593220338984,24.0,ok
118,23,0.7878787878787878,21.0,ok
118,24,0.6779661016949152,23.0,ok
118,25,0.6142857142857143,22.0,ok
118,26,0.8295454545454546,18.0,ok
118,27,0.7592592592592593,19.0,ok
118,28,0.8051948051948052,26.0,ok
118,29,0.13157894736842105,27.0,ok
118,30,0.8473282442748091,28.0,ok
118,31,0.7549668874172185,29.0,ok
118,32,0.17757009345794392,27.0,ok
118,33,0.4200913242009132,27.0,ok
119,0,0.975609756097561,0.0,ok
119,1,0.9897959183673469,2.0,ok
119,2,0.9111111111111111,1.0,ok
119,3,0.012048192771084338,1.0,ok
119,4,0.0,,no_overlapping_cluster
119,5,0.0,,no_overlapping_cluster
119,6,0.9736842105263158,11.0,ok
119,7,0.007692307692307693,3.0,ok
119,8,0.970873786407767,3.0,ok
119,9,0.9444444444444444,10.0,ok
119,10,0.86,16.0,ok
119,11,0.8269230769230769,15.0,ok
119,12,0.9385964912280702,13.0,ok
119,13,0.7894736842105263,14.0,ok
119,14,0.8303030303030303,8.0,ok
119,15,0.9059561128526645,7.0,ok
119,16,0.8585858585858586,9.0,ok
119,17,0.20987654320987653,4.0,ok
119,18,0.7938144329896907,6.0,ok
119,19,0.717391304347826,19.0,ok
119,20,0.7931034482758621,5.0,ok
119,21,0.45454545454545453,17.0,ok
119,22,0.8852459016393442,12.0,ok
119,23,0.7457627118644068,18.0,ok
119,24,0.15311004784688995,17.0,ok
119,25,0.11403508771929824,17.0,ok
119,26,0.7159090909090909,25.0,ok
119,27,0.7280832095096582,26.0,ok
119,28,0.7361111111111112,22.0,ok
119,29,0.8363636363636363,23.0,ok
119,30,0.8,21.0,ok
119,31,0.7708333333333334,20.0,ok
119,32,0.1907514450867052,24.0,ok
119,33,0.5406976744186046,24.0,ok
120,0,0.9705882352941176,0.0,ok
120,1,0.9891304347826086,1.0,ok
120,2,0.8627450980392157,2.0,ok
120,3,0.8717948717948718,3.0,ok
120,4,0.868421052631579,4.0,ok
120,5,0.009523809523809525,17.0,ok
120,6,0.9181585677749361,7.0,ok
120,7,0.04285714285714286,2.0,ok
120,8,0.9215686274509803,5.0,ok
120,9,0.8727272727272727,9.0,ok
120,10,0.9038461538461539,15.0,ok
120,11,0.9166666666666666,10.0,ok
120,12,0.9130434782608695,8.0,ok
120,13,0.8,11.0,ok
120,14,0.8787878787878788,12.0,ok
120,15,0.9185667752442996,13.0,ok
120,16,0.6568627450980392,17.0,ok
120,17,0.6721311475409836,6.0,ok
120,18,0.7693920335429769,22.0,ok
120,19,0.8494623655913979,18.0,ok
120,20,0.8703703703703703,16.0,ok
120,21,0.6293103448275862,21.0,ok
120,22,0.8333333333333334,14.0,ok
120,23,0.7704918032786885,20.0,ok
120,24,0.5714285714285714,24.0,ok
120,25,0.6506024096385542,23.0,ok
120,26,0.7894736842105263,19.0,ok
120,27,0.7719298245614035,25.0,ok
120,28,0.6933333333333334,29.0,ok
120,29,0.6491228070175439,28.0,ok
120,30,0.7844827586206896,26.0,ok
120,31,0.7604790419161677,27.0,ok
120,32,0.5625,31.0,ok
120,33,0.7264150943396226,30.0,ok
121,0,0.9754601226993865,0.0,ok
121,1,0.967741935483871,1.0,ok
121,2,0.9069767441860465,3.0,ok
121,3,0.09210526315789473,2.0,ok
121,4,0.7727272727272727,2.0,ok
121,5,0.0064516129032258064,12.0,ok
121,6,0.9694444444444444,5.0,ok
121,7,0.014285714285714285,3.0,ok
121,8,0.9595959595959596,4.0,ok
121,9,0.9298245614035088,8.0,ok
121,10,0.8979591836734694,13.0,ok
121,11,0.92,6.0,ok
121,12,0.9363636363636364,9.0,ok
121,13,0.8450704225352113,7.0,ok
121,14,0.8231292517006803,12.0,ok
121,15,0.9111842105263158,16.0,ok
121,16,0.8085106382978723,14.0,ok
121,17,0.6078431372549019,10.0,ok
121,18,0.8096947935368043,11.0,ok
121,19,0.7956989247311828,15.0,ok
121,20,0.7894736842105263,17.0,ok
121,21,0.6917293233082706,19.0,ok
121,22,0.8032786885245902,18.0,ok
121,23,0.796875,21.0,ok
121,24,0.23478260869565218,20.0,ok
121,25,0.4444444444444444,20.0,ok
121,26,0.8105263157894737,24.0,ok
121,27,0.7380607814761215,27.0,ok
121,28,0.7195121951219512,23.0,ok
121,29,0.7068965517241379,22.0,ok
121,30,0.8278688524590164,26.0,ok
121,31,0.7636363636363637,25.0,ok
121,32,0.5208333333333334,28.0,ok
121,33,0.7589285714285714,29.0,ok
122,0,0.96,0.0,ok
122,1,0.9333333333333333,1.0,ok
122,2,0.8367346938775511,2.0,ok
122,3,0.9318181818181818,3.0,ok
122,4,0.0,,no_overlapping_cluster
122,5,0.002932551319648094,4.0,ok
122,6,0.9655172413793104,7.0,ok
122,7,0.04054054054054054,2.0,ok
122,8,0.9489795918367347,5.0,ok
122,9,0.8878504672897196,10.0,ok
122,10,0.9454545454545454,8.0,ok
122,11,0.9,6.0,ok
122,12,0.9026548672566371,13.0,ok
122,13,0.8285714285714286,12.0,ok
122,14,0.8169014084507042,15.0,ok
122,15,0.9400630914826499,4.0,ok
122,16,0.5859375,17.0,ok
122,17,0.6060606060606061,14.0,ok
122,18,0.712,24.0,ok
122,19,0.7666666666666667,9.0,ok
122,20,0.7450980392156863,16.0,ok
122,21,0.6764705882352942,20.0,ok
122,22,0.7794117647058824,11.0,ok
122,23,0.7678571428571429,23.0,ok
122,24,0.23529411764705882,21.0,ok
122,25,0.35714285714285715,21.0,ok
122,26,0.7912087912087912,27.0,ok
122,27,0.7484939759036144,26.0,ok
122,28,0.7555555555555555,19.0,ok
122,29,0.0942622950819672,25.0,ok
122,30,0.78125,18.0,ok
122,31,0.7161290322580646,22.0,ok
122,32,0.14027149321266968,25.0,ok
122,33,0.4298642533936652,25.0,ok
123,0,0.9695121951219512,0.0,ok
123,1,0.875,1.0,ok
123,2,0.7916666666666666,2.0,ok
123,3,0.7857142857142857,3.0,ok
123,4,0.9230769230769231,4.0,ok
123,5,0.00228310502283105,13.0,ok
123,6,0.868421052631579,13.0,ok
123,7,0.06896551724137931,13.0,ok
123,8,0.9340659340659341,6.0,ok
123,9,0.819047619047619,12.0,ok
123,10,0.9090909090909091,5.0,ok
123,11,0.8571428571428571,15.0,ok
123,12,0.8870967741935484,14.0,ok
123,13,0.7668711656441718,16.0,ok
123,14,0.8766233766233766,7.0,ok
123,15,0.8935483870967742,8.0,ok
123,16,0.8717948717948718,11.0,ok
123,17,0.8421052631578947,9.0,ok
123,18,0.8015717092337917,22.0,ok
123,19,0.7065217391304348,26.0,ok
123,20,0.8148148148148148,17.0,ok
123,21,0.7966101694915254,18.0,ok
123,22,0.8787878787878788,10.0,ok
123,23,0.8,23.0,ok
123,24,0.7735849056603774,19.0,ok
123,25,0.6022727272727273,20.0,ok
123,26,0.8279569892473119,21.0,ok
123,27,0.7037617554858934,29.0,ok
123,28,0.7023809523809523,27.0,ok
123,29,0.1134453781512605,28.0,ok
123,30,0.8153846153846154,25.0,ok
123,31,0.7207792207792207,24.0,ok
123,32,0.11061946902654868,28.0,ok
123,33,0.3936651583710407,28.0,ok
124,0,0.9940476190476191,0.0,ok
124,1,0.9583333333333334,1.0,ok
124,2,0.41414141414141414,2.0,ok
124,3,0.2830188679245283,2.0,ok
124,4,0.21495327102803738,2.0,ok
124,5,0.002793296089385475,5.0,ok
124,6,0.9462915601023018,7.0,ok
124,7,0.0,,no_overlapping_cluster
124,8,0.9528301886792453,3.0,ok
124,9,0.9065420560747663,8.0,ok
124,10,0.8958333333333334,13.0,ok
124,11,0.926829268292683,9.0,ok
124,12,0.8898305084745762,11.0,ok
124,13,0.8045112781954887,10.0,ok
124,14,0.8974358974358975,4.0,ok
124,15,0.9181818181818182,5.0,ok
124,16,0.8598130841121495,12.0,ok
124,17,0.7551020408163265,17.0,ok
124,18,0.7242798353909465,18.0,ok
124,19,0.9183673469387755,6.0,ok
124,20,0.0,,no_overlapping_cluster
124,21,0.746031746031746,21.0,ok
124,22,0.8615384615384616,14.0,ok
124,23,0.8813559322033898,20.0,ok
124,24,0.6981132075471698,23.0,ok
124,25,0.6,22.0,ok
124,26,0.8118811881188119,15.0,ok
124,27,0.7757404795486601,16.0,ok
124,28,0.8153846153846154,19.0,ok
124,29,0.8076923076923077,24.0,ok
124,30,0.864406779661017,26.0,ok
124,31,0.6910112359550562,27.0,ok
124,32,0.10810810810810811,25.0,ok
124,33,0.6071428571428571,25.0,ok
125,0,0.9642857142857143,0.0,ok
125,1,0.9565217391304348,1.0,ok
125,2,0.8846153846153846,2.0,ok
125,3,0.8636363636363636,4.0,ok
125,4,0.8205128205128205,3.0,ok
125,5,0.0,,no_overlapping_cluster
125,6,0.9460916442048517,7.0,ok
125,7,0.0,,no_overlapping_cluster
125,8,0.8842105263157894,5.0,ok
125,9,0.8738738738738738,6.0,ok
125,10,0.9615384615384616,18.0,ok
125,11,0.9038461538461539,13.0,ok
125,12,0.9090909090909091,17.0,ok
125,13,0.7063492063492064,16.0,ok
125,14,0.8580645161290322,11.0,ok
125,15,0.9403973509933775,10.0,ok
125,16,0.8181818181818182,14.0,ok
125,17,0.7377049180327869,8.0,ok
125,18,0.8203266787658802,9.0,ok
125,19,0.7395833333333334,12.0,ok
125,20,0.8367346938775511,21.0,ok
125,21,0.7304347826086957,20.0,ok
125,22,0.8709677419354839,15.0,ok
125,23,0.7746478873239436,19.0,ok
125,24,0.7419354838709677,24.0,ok
125,25,0.625,25.0,ok
125,26,0.6989247311827957,29.0,ok
125,27,0.7615499254843517,30.0,ok
125,28,0.7971014492753623,23.0,ok
125,29,0.6545454545454545,22.0,ok
125,30,0.865546218487395,28.0,ok
125,31,0.7,27.0,ok
125,32,0.15165876777251186,26.0,ok
125,33,0.4549763033175355,26.0,ok
126,0,0.9150326797385621,0.0,ok
126,1,0.946236559139785,2.0,ok
126,2,0.9534883720930233,1.0,ok
126,3,0.002257336343115124,5.0,ok
126,4,0.0,,no_overlapping_cluster
126,5,0.026785714285714284,6.0,ok
126,6,0.9462102689486552,5.0,ok
126,7,0.00425531914893617,19.0,ok
126,8,0.9222222222222223,3.0,ok
126,9,0.9304347826086956,4.0,ok
126,10,0.8947368421052632,9.0,ok
126,11,0.9534883720930233,12.0,ok
126,12,0.944954128440367,10.0,ok
126,13,0.7553956834532374,11.0,ok
126,14,0.9006211180124224,13.0,ok
126,15,0.8532110091743119,6.0,ok
126,16,0.9107142857142857,15.0,ok
126,17,0.5842696629213483,8.0,ok
126,18,0.7881873727087576,16.0,ok
126,19,0.7222222222222222,14.0,ok
126,20,0.7543859649122807,7.0,ok
126,21,0.7169811320754716,22.0,ok
126,22,0.8596491228070176,17.0,ok
126,23,0.6666666666666666,20.0,ok
126,24,0.6666666666666666,23.0,ok
126,25,0.65,21.0,ok
126,26,0.8058252427184466,24.0,ok
126,27,0.7687687687687688,25.0,ok
126,28,0.7205882352941176,26.0,ok
126,29,0.14885496183206107,27.0,ok
126,30,0.8074074074074075,18.0,ok
126,31,0.6244131455399061,19.0,ok
126,32,0.1411764705882353,27.0,ok
126,33,0.3552123552123552,27.0,ok
127,0,0.967948717948718,0.0,ok
127,1,0.978494623655914,5.0,ok
127,2,0.86,2.0,ok
127,3,0.9069767441860465,1.0,ok
127,4,0.875,3.0,ok
127,5,0.07162534435261708,7.0,ok
127,6,0.9015151515151515,6.0,ok
127,7,0.04054054054054054,2.0,ok
127,8,0.9425287356321839,4.0,ok
127,9,0.9051724137931034,11.0,ok
127,10,0.9361702127659575,14.0,ok
127,11,0.8431372549019608,10.0,ok
127,12,0.9435483870967742,12.0,ok
127,13,0.7651515151515151,13.0,ok
127,14,0.8607594936708861,9.0,ok
127,15,0.8742857142857143,7.0,ok
127,16,0.8317757009345794,8.0,ok
127,17,0.005,0.0,ok
127,18,0.8188976377952756,15.0,ok
127,19,0.6103896103896104,25.0,ok
127,20,0.6964285714285714,18.0,ok
127,21,0.5317460317460317,21.0,ok
127,22,0.8301886792452831,20.0,ok
127,23,0.7910447761194029,22.0,ok
127,24,0.1188118811881188,19.0,ok
127,25,0.4470588235294118,19.0,ok
127,26,0.7227722772277227,26.0,ok
127,27,0.7839046199701938,27.0,ok
127,28,0.7976190476190477,16.0,ok
127,29,0.1471698113207547,17.0,ok
127,30,0.8333333333333334,24.0,ok
127,31,0.7455621301775148,23.0,ok
127,32,0.12109375,17.0,ok
127,33,0.35658914728682173,17.0,ok
128,0,0.9281437125748503,1.0,ok
128,1,0.9809523809523809,0.0,ok
128,2,0.9047619047619048,2.0,ok
128,3,0.0136986301369863,3.0,ok
128,4,0.825,3.0,ok
128,5,0.0,,no_overlapping_cluster
128,6,0.9154228855721394,9.0,ok
128,7,0.04207920792079208,9.0,ok
128,8,0.8791208791208791,4.0,ok
128,9,0.9026548672566371,10.0,ok
128,10,0.9230769230769231,5.0,ok
128,11,0.8627450980392157,11.0,ok
128,12,0.9186991869918699,12.0,ok
128,13,0.7922077922077922,13.0,ok
128,14,0.90625,6.0,ok
128,15,0.9213836477987422,7.0,ok
128,16,0.6538461538461539,14.0,ok
128,17,0.6507936507936508,8.0,ok
128,18,0.7987679671457906,16.0,ok
128,19,0.5747126436781609,19.0,ok
128,20,0.6862745098039216,15.0,ok
128,21,0.6574074074074074,21.0,ok
128,22,0.7301587301587301,18.0,ok
128,23,0.7903225806451613,20.0,ok
128,24,0.6833333333333333,22.0,ok
128,25,0.006289308176100629,10.0,ok
128,26,0.8043478260869565,17.0,ok
128,27,0.7363896848137536,25.0,ok
128,28,0.7808219178082192,27.0,ok
128,29,0.1308411214953271,26.0,ok
128,30,0.7857142857142857,24.0,ok
128,31,0.7350993377483444,23.0,ok
128,32,0.1791044776119403,26.0,ok
128,33,0.41784037558685444,26.0,ok
129,0,0.9879518072289156,0.0,ok
129,1,0.9888888888888889,1.0,ok
129,2,0.8367346938775511,2.0,ok
129,3,0.0,,no_overlapping_cluster
129,4,0.0,,no_overlapping_cluster
129,5,0.0016313213703099511,28.0,ok
129,6,0.9696202531645569,7.0,ok
129,7,0.025974025974025976,2.0,ok
129,8,0.912621359223301,3.0,ok
129,9,0.9646017699115044,6.0,ok
129,10,0.9361702127659575,4.0,ok
129,11,0.8846153846153846,11.0,ok
129,12,0.918918918918919,13.0,ok
129,13,0.7222222222222222,12.0,ok
129,14,0.8843537414965986,10.0,ok
129,15,0.9259259259259259,5.0,ok
129,16,0.8411214953271028,9.0,ok
129,17,0.8064516129032258,8.0,ok
129,18,0.8249027237354085,17.0,ok
129,19,0.8144329896907216,15.0,ok
129,20,0.8571428571428571,14.0,ok
129,21,0.6742424242424242,26.0,ok
129,22,0.8260869565217391,18.0,ok
129,23,0.7727272727272727,22.0,ok
129,24,0.6346153846153846,25.0,ok
129,25,0.6153846153846154,20.0,ok
129,26,0.7916666666666666,27.0,ok
129,27,0.7540740740740741,28.0,ok
129,28,0.7397260273972602,24.0,ok
129,29,0.8363636363636363,23.0,ok
129,30,0.7697841726618705,16.0,ok
129,31,0.649746192893401,21.0,ok
129,32,0.15384615384615385,19.0,ok
129,33,0.39655172413793105,19.0,ok
130,0,0.9647058823529412,0.0,ok
130,1,0.9787234042553191,1.0,ok
130,2,0.9787234042553191,3.0,ok
130,3,0.02666666666666667,2.0,ok
130,4,0.8292682926829268,2.0,ok
130,5,0.0030959752321981426,15.0,ok
130,6,0.8833333333333333,7.0,ok
130,7,0.07263922518159806,7.0,ok
130,8,0.9347826086956522,5.0,ok
130,9,0.9619047619047619,6.0,ok
130,10,0.9056603773584906,4.0,ok
130,11,0.8913043478260869,9.0,ok
130,12,0.8952380952380953,8.0,ok
130,13,0.7793103448275862,10.0,ok
130,14,0.8376623376623377,12.0,ok
130,15,0.9087947882736156,15.0,ok
130,16,0.6893203883495146,16.0,ok
130,17,0.7027027027027027,11.0,ok
130,18,0.7838899803536346,14.0,ok
130,19,0.8297872340425532,18.0,ok
130,20,0.6271186440677966,19.0,ok
130,21,0.47398843930635837,20.0,ok
130,22,0.8307692307692308,13.0,ok
130,23,0.7741935483870968,25.0,ok
130,24,0.20245398773006135,20.0,ok
130,25,0.6710526315789473,21.0,ok
130,26,0.8297872340425532,17.0,ok
130,27,0.6921850079744817,29.0,ok
130,28,0.775,23.0,ok
130,29,0.7894736842105263,22.0,ok
130,30,0.746268656716418,24.0,ok
130,31,0.7823529411764706,26.0,ok
130,32,0.52,28.0,ok
130,33,0.7244094488188977,27.0,ok
131,0,0.9770114942528736,0.0,ok
131,1,0.9696969696969697,3.0,ok
131,2,0.9090909090909091,1.0,ok
131,3,0.012195121951219513,2.0,ok
131,4,0.8260869565217391,2.0,ok
131,5,0.0029411764705882353,6.0,ok
131,6,0.8613861386138614,9.0,ok
131,7,0.08247422680412371,9.0,ok
131,8,0.5591397849462365,7.0,ok
131,9,0.9051724137931034,8.0,ok
131,10,0.9074074074074074,4.0,ok
131,11,0.8214285714285714,10.0,ok
131,12,0.9537037037037037,11.0,ok
131,13,0.82,12.0,ok
131,14,0.8789808917197452,13.0,ok
131,15,0.9161490683229814,6.0,ok
131,16,0.696969696969697,16.0,ok
131,17,0.006756756756756757,3.0,ok
131,18,0.7992277992277992,14.0,ok
131,19,0.648936170212766,27.0,ok
131,20,0.8392857142857143,5.0,ok
131,21,0.48863636363636365,18.0,ok
131,22,0.8596491228070176,17.0,ok
131,23,0.6865671641791045,20.0,ok
131,24,0.21176470588235294,18.0,ok
131,25,0.352112676056338,19.0,ok
131,26,0.8411214953271028,15.0,ok
131,27,0.7602339181286549,28.0,ok
131,28,0.7384615384615385,24.0,ok
131,29,0.6923076923076923,23.0,ok
131,30,0.775,22.0,ok
131,31,0.8344370860927153,21.0,ok
131,32,0.543859649122807,26.0,ok
131,33,0.7666666666666667,25.0,ok
132,0,0.953757225433526,0.0,ok
132,1,0.8532110091743119,2.0,ok
132,2,0.8703703703703703,1.0,ok
132,3,0.4647887323943662,3.0,ok
132,4,0.417910447761194,3.0,ok
132,5,0.006127450980392157,4.0,ok
132,6,0.06563976894801331,4.0,ok
132,7,0.0072992700729927005,2.0,ok
132,8,0.020689655172413793,1.0,ok
132,9,0.01908263305322129,4.0,ok
132,10,0.008228291316526611,4.0,ok
132,11,0.008403361344537815,4.0,ok
132,12,0.018907563025210083,4.0,ok
132,13,0.021708683473389355,4.0,ok
132,14,0.027485994397759103,4.0,ok
132,15,0.052521008403361345,4.0,ok
132,16,0.016631652661064426,4.0,ok
132,17,0.009277087344652548,4.0,ok
132,18,0.08123249299719888,4.0,ok
132,19,0.014530812324929972,4.0,ok
132,20,0.008228291316526611,4.0,ok
132,21,0.01610644257703081,4.0,ok
132,22,0.010329131652661064,4.0,ok
132,23,0.010329131652661064,4.0,ok
132,24,0.008928571428571428,4.0,ok
132,25,0.009278711484593838,4.0,ok
132,26,0.014705882352941176,4.0,ok
132,27,0.10817433922632592,4.0,ok
132,28,0.010854341736694677,4.0,ok
132,29,0.008053221288515405,4.0,ok
132,30,0.019782913165266106,4.0,ok
132,31,0.022408963585434174,4.0,ok
132,32,0.007177871148459383,4.0,ok
132,33,0.015756302521008403,4.0,ok
133,0,0.9754601226993865,0.0,ok
133,1,0.9903846153846154,1.0,ok
133,2,0.9038461538461539,2.0,ok
133,3,0.0,,no_overlapping_cluster
133,4,0.95,3.0,ok
133,5,0.005291005291005291,10.0,ok
133,6,0.952755905511811,6.0,ok
133,7,0.04,2.0,ok
133,8,0.9222222222222223,4.0,ok
133,9,0.9152542372881356,5.0,ok
133,10,0.9333333333333333,8.0,ok
133,11,0.8863636363636364,11.0,ok
133,12,0.9310344827586207,12.0,ok
133,13,0.7698412698412699,13.0,ok
133,14,0.8614457831325302,10.0,ok
133,15,0.8941176470588236,7.0,ok
133,16,0.8867924528301887,9.0,ok
133,17,0.00641025641025641,1.0,ok
133,18,0.7879377431906615,19.0,ok
133,19,0.8021978021978022,14.0,ok
133,20,0.6923076923076923,15.0,ok
133,21,0.5384615384615384,17.0,ok
133,22,0.7777777777777778,16.0,ok
133,23,0.819672131147541,20.0,ok
133,24,0.5384615384615384,18.0,ok
133,25,0.025210084033613446,18.0,ok
133,26,0.6881720430107527,23.0,ok
133,27,0.7496318114874816,24.0,ok
133,28,0.725,25.0,ok
133,29,0.3028169014084507,26.0,ok
133,30,0.8508771929824561,22.0,ok
133,31,0.7708333333333334,21.0,ok
133,32,0.46153846153846156,27.0,ok
133,33,0.5225806451612903,26.0,ok
134,0,0.9696969696969697,0.0,ok
134,1,0.9494949494949495,1.0,ok
134,2,0.8076923076923077,2.0,ok
134,3,0.0,,no_overlapping_cluster
134,4,0.0,,no_overlapping_cluster
134,5,0.010101010101010102,18.0,ok
134,6,0.9543010752688172,6.0,ok
134,7,0.041666666666666664,2.0,ok
134,8,0.968421052631579,3.0,ok
134,9,0.8771929824561403,5.0,ok
134,10,0.9245283018867925,10.0,ok
134,11,0.8490566037735849,7.0,ok
134,12,0.9145299145299145,8.0,ok
134,13,0.8549618320610687,9.0,ok
134,14,0.8287671232876712,16.0,ok
134,15,0.9256965944272446,4.0,ok
134,16,0.9108910891089109,17.0,ok
134,17,0.5535714285714286,11.0,ok
134,18,0.7888198757763976,12.0,ok
134,19,0.8349514563106796,15.0,ok
134,20,0.7777777777777778,14.0,ok
134,21,0.76,19.0,ok
134,22,0.8888888888888888,13.0,ok
134,23,0.7432432432432432,18.0,ok
134,24,0.65,22.0,ok
134,25,0.6,23.0,ok
134,26,0.6341463414634146,24.0,ok
134,27,0.7409395973154362,25.0,ok
134,28,0.7534246575342466,26.0,ok
134,29,0.05,27.0,ok
134,30,0.8,21.0,ok
134,31,0.7668711656441718,20.0,ok
134,32,0.09782608695652174,27.0,ok
134,33,0.5337078651685393,27.0,ok
135,0,0.9696969696969697,0.0,ok
135,1,0.9897959183673469,1.0,ok
135,2,0.8723404255319149,2.0,ok
135,3,0.0019342359767891683,8.0,ok
135,4,0.0,,no_overlapping_cluster
135,5,0.0064516129032258064,10.0,ok
135,6,0.9195979899497487,5.0,ok
135,7,0.04239401496259352,5.0,ok
135,8,0.9354838709677419,3.0,ok
135,9,0.9363636363636364,4.0,ok
135,10,0.9387755102040817,11.0,ok
135,11,0.78,12.0,ok
135,12,0.9206349206349206,14.0,ok
135,13,0.8029197080291971,13.0,ok
135,14,0.8540145985401459,10.0,ok
135,15,0.9242902208201893,7.0,ok
135,16,0.7166666666666667,9.0,ok
135,17,0.8125,6.0,ok
135,18,0.8285163776493256,8.0,ok
135,19,0.6222222222222222,23.0,ok
135,20,0.7169811320754716,15.0,ok
135,21,0.719626168224299,21.0,ok
135,22,0.7166666666666667,16.0,ok
135,23,0.7971014492753623,18.0,ok
135,24,0.7358490566037735,22.0,ok
135,25,0.5733333333333334,17.0,ok
135,26,0.68,24.0,ok
135,27,0.7559523809523809,25.0,ok
135,28,0.7428571428571429,27.0,ok
135,29,0.7647058823529411,28.0,ok
135,30,0.7985074626865671,19.0,ok
135,31,0.6282722513089005,20.0,ok
135,32,0.17682926829268292,26.0,ok
135,33,0.5662650602409639,26.0,ok
136,0,0.9760479041916168,0.0,ok
136,1,0.95,1.0,ok
136,2,0.9183673469387755,2.0,ok
136,3,0.9722222222222222,3.0,ok
136,4,0.9024390243902439,4.0,ok
136,5,0.0028011204481792717,9.0,ok
136,6,0.9626666666666667,7.0,ok
136,7,0.009615384615384616,5.0,ok
136,8,0.9080459770114943,5.0,ok
136,9,0.9279279279279279,6.0,ok
136,10,0.9607843137254902,8.0,ok
136,11,0.8888888888888888,10.0,ok
136,12,0.9396551724137931,11.0,ok
136,13,0.8235294117647058,12.0,ok
136,14,0.8129032258064516,19.0,ok
136,15,0.9294478527607362,9.0,ok
136,16,0.6538461538461539,14.0,ok
136,17,0.8032786885245902,13.0,ok
136,18,0.8015717092337917,18.0,ok
136,19,0.7722772277227723,15.0,ok
136,20,0.8620689655172413,16.0,ok
136,21,0.47715736040609136,23.0,ok
136,22,0.9193548387096774,17.0,ok
136,23,0.8305084745762712,21.0,ok
136,24,0.23195876288659795,23.0,ok
136,25,0.5584415584415584,22.0,ok
136,26,0.81,20.0,ok
136,27,0.739568345323741,26.0,ok
136,28,0.8333333333333334,27.0,ok
136,29,0.26875,29.0,ok
136,30,0.8571428571428571,25.0,ok
136,31,0.7851851851851852,24.0,ok
136,32,0.4528301886792453,28.0,ok
136,33,0.5398773006134969,29.0,ok
137,0,0.9877300613496932,0.0,ok
137,1,0.9801980198019802,1.0,ok
137,2,0.8653846153846154,2.0,ok
137,3,0.0,,no_overlapping_cluster
137,4,0.0,,no_overlapping_cluster
137,5,0.0017211703958691911,28.0,ok
137,6,0.967391304347826,10.0,ok
137,7,0.2619047619047619,3.0,ok
137,8,0.6766917293233082,3.0,ok
137,9,0.9107142857142857,11.0,ok
137,10,0.9411764705882353,5.0,ok
137,11,0.9347826086956522,8.0,ok
137,12,0.9339622641509434,12.0,ok
137,13,0.765625,13.0,ok
137,14,0.8255813953488372,7.0,ok
137,15,0.9381107491856677,6.0,ok
137,16,0.5882352941176471,16.0,ok
137,17,0.726027397260274,9.0,ok
137,18,0.8291746641074856,14.0,ok
137,19,0.7777777777777778,15.0,ok
137,20,0.8983050847457628,4.0,ok
137,21,0.68,23.0,ok
137,22,0.7419354838709677,21.0,ok
137,23,0.7857142857142857,25.0,ok
137,24,0.524390243902439,24.0,ok
137,25,0.5692307692307692,20.0,ok
137,26,0.6704545454545454,27.0,ok
137,27,0.7350689127105666,28.0,ok
137,28,0.7941176470588235,18.0,ok
137,29,0.7636363636363637,17.0,ok
137,30,0.8333333333333334,22.0,ok
137,31,0.6243386243386243,26.0,ok
137,32,0.1712707182320442,19.0,ok
137,33,0.4782608695652174,19.0,ok
138,0,0.9712643678160919,0.0,ok
138,1,0.9797979797979798,1.0,ok
138,2,0.014084507042253521,2.0,ok
138,3,0.0024271844660194173,5.0,ok
138,4,0.8461538461538461,2.0,ok
138,5,0.9743589743589743,9.0,ok
138,6,0.9559585492227979,5.0,ok
138,7,0.08333333333333333,3.0,ok
138,8,0.8305084745762712,3.0,ok
138,9,0.8514851485148515,4.0,ok
138,10,0.9818181818181818,8.0,ok
138,11,0.8333333333333334,6.0,ok
138,12,0.9351851851851852,11.0,ok
138,13,0.4152542372881356,10.0,ok
138,14,0.89937106918239,12.0,ok
138,15,0.8865979381443299,16.0,ok
138,16,0.8316831683168316,13.0,ok
138,17,0.7619047619047619,7.0,ok
138,18,0.6613545816733067,28.0,ok
138,19,0.6966292134831461,18.0,ok
138,20,0.8076923076923077,15.0,ok
138,21,0.5233644859813084,23.0,ok
138,22,0.7464788732394366,14.0,ok
138,23,0.7727272727272727,20.0,ok
138,24,0.5970149253731343,24.0,ok
138,25,0.6081081081081081,21.0,ok
138,26,0.8431372549019608,19.0,ok
138,27,0.79750346740638,22.0,ok
138,28,0.7468354430379747,17.0,ok
138,29,0.0,,no_overlapping_cluster
138,30,0.782258064516129,25.0,ok
138,31,0.7209302325581395,26.0,ok
138,32,0.5454545454545454,27.0,ok
138,33,0.75,29.0,ok
139,0,0.9523809523809523,0.0,ok
139,1,0.98989898989899,1.0,ok
139,2,0.0003863987635239567,2.0,ok
139,3,0.0013539651837524177,2.0,ok
139,4,0.0021301316808675446,2.0,ok
139,5,0.007391558062633729,2.0,ok
139,6,0.9489795918367347,4.0,ok
139,7,0.020202020202020204,3.0,ok
139,8,0.71875,3.0,ok
139,9,0.8807339449541285,5.0,ok
139,10,0.009725734292939117,2.0,ok
139,11,0.008169616806068859,2.0,ok
139,12,0.02178564481618362,2.0,ok
139,13,0.025481423847500486,2.0,ok
139,14,0.028965785381026437,2.0,ok
139,15,0.059315441462465965,2.0,ok
139,16,0.018280824581874758,2.0,ok
139,17,0.009723842862699339,2.0,ok
139,18,0.09315441462465966,2.0,ok
139,19,0.017311807041431627,2.0,ok
139,20,0.009531219607080334,2.0,ok
139,21,0.020424042015172145,2.0,ok
139,22,0.010309278350515464,2.0,ok
139,23,0.01069830772223303,2.0,ok
139,24,0.009721952167995334,2.0,ok
139,25,0.011476366465668159,2.0,ok
139,26,0.016728262983855283,2.0,ok
139,27,0.11785297549591599,2.0,ok
139,28,0.013421513324255981,2.0,ok
139,29,0.009336704921221552,2.0,ok
139,30,0.020618556701030927,2.0,ok
139,31,0.025865422014780242,2.0,ok
139,32,0.007391558062633729,2.0,ok
139,33,0.01925695390001945,2.0,ok
140,0,0.968944099378882,0.0,ok
140,1,0.9666666666666667,1.0,ok
140,2,0.9777777777777777,2.0,ok
140,3,0.0,,no_overlapping_cluster
140,4,0.0,,no_overlapping_cluster
140,5,0.0,,no_overlapping_cluster
140,6,0.912718204488778,6.0,ok
140,7,0.06483790523690773,6.0,ok
140,8,0.9423076923076923,5.0,ok
140,9,0.8974358974358975,12.0,ok
140,10,0.86,3.0,ok
140,11,0.7586206896551724,13.0,ok
140,12,0.8849557522123894,15.0,ok
140,13,0.5158730158730159,16.0,ok
140,14,0.8680555555555556,8.0,ok
140,15,0.9104477611940298,4.0,ok
140,16,0.8269230769230769,9.0,ok
140,17,0.0072992700729927005,1.0,ok
140,18,0.7426160337552743,24.0,ok
140,19,0.85,10.0,ok
140,20,0.0,,no_overlapping_cluster
140,21,0.7363636363636363,17.0,ok
140,22,0.8166666666666667,11.0,ok
140,23,0.8,20.0,ok
140,24,0.7894736842105263,18.0,ok
140,25,0.6867469879518072,14.0,ok
140,26,0.8613861386138614,7.0,ok
140,27,0.7574123989218329,23.0,ok
140,28,0.45390070921985815,19.0,ok
140,29,0.2777777777777778,19.0,ok
140,30,0.7181818181818181,22.0,ok
140,31,0.754601226993865,21.0,ok
140,32,0.17142857142857143,25.0,ok
140,33,0.4232558139534884,25.0,ok
141,0,0.9700598802395209,0.0,ok
141,1,1.0,1.0,ok
141,2,0.86,2.0,ok
141,3,0.006025133413668445,3.0,ok
141,4,0.004992253399896712,3.0,ok
141,5,0.006197280082630401,3.0,ok
141,6,0.06369426751592357,3.0,ok
141,7,0.005336546737820623,3.0,ok
141,8,0.016353933551385782,3.0,ok
141,9,0.017731106903081426,3.0,ok
141,10,0.009123773454983646,3.0,ok
141,11,0.006713720089516268,3.0,ok
141,12,0.01910828025477707,3.0,ok
141,13,0.02031330693751076,3.0,ok
141,14,0.025822000344293338,3.0,ok
141,15,0.05302117404028232,3.0,ok
141,16,0.016353933551385782,3.0,ok
141,17,0.009123773454983646,3.0,ok
141,18,0.08142537441900499,3.0,ok
141,19,0.015837493544499915,3.0,ok
141,20,0.007918746772249958,3.0,ok
141,21,0.01841969357892925,3.0,ok
141,22,0.009984506799793425,3.0,ok
141,23,0.009984506799793425,3.0,ok
141,24,0.007574453434326046,3.0,ok
141,25,0.009295920123945601,3.0,ok
141,26,0.015837493544499915,3.0,ok
141,27,0.10569805474264073,3.0,ok
141,28,0.011878120158374935,3.0,ok
141,29,0.00860733344809778,3.0,ok
141,30,0.01755896023411947,3.0,ok
141,31,0.021518333620244447,3.0,ok
141,32,0.006369426751592357,3.0,ok
141,33,0.016526080220347735,3.0,ok
142,0,0.9491525423728814,0.0,ok
142,1,0.9157894736842105,1.0,ok
142,2,0.9148936170212766,4.0,ok
142,3,0.02702702702702703,2.0,ok
142,4,0.8947368421052632,2.0,ok
142,5,0.0,,no_overlapping_cluster
142,6,0.9573934837092731,8.0,ok
142,7,0.02631578947368421,4.0,ok
142,8,0.9722222222222222,5.0,ok
142,9,0.918918918918919,7.0,ok
142,10,0.9787234042553191,15.0,ok
142,11,0.9215686274509803,6.0,ok
142,12,0.9180327868852459,9.0,ok
142,13,0.6524822695035462,10.0,ok
142,14,0.8805031446540881,13.0,ok
142,15,0.9088145896656535,3.0,ok
142,16,0.8673469387755102,12.0,ok
142,17,0.7586206896551724,14.0,ok
142,18,0.810546875,17.0,ok
142,19,0.8737864077669902,11.0,ok
142,20,0.7962962962962963,16.0,ok
142,21,0.7153284671532847,21.0,ok
142,22,0.796875,18.0,ok
142,23,0.8387096774193549,22.0,ok
142,24,0.6666666666666666,23.0,ok
142,25,0.6455696202531646,24.0,ok
142,26,0.8415841584158416,20.0,ok
142,27,0.7593167701863354,27.0,ok
142,28,0.8051948051948052,19.0,ok
142,29,0.7586206896551724,28.0,ok
142,30,0.8211382113821138,25.0,ok
142,31,0.6764705882352942,26.0,ok
142,32,0.13986013986013987,29.0,ok
142,33,0.5804195804195804,29.0,ok
143,0,0.9534883720930233,0.0,ok
143,1,0.9642857142857143,1.0,ok
143,2,0.8301886792452831,3.0,ok
143,3,0.9473684210526315,4.0,ok
143,4,0.9459459459459459,2.0,ok
143,5,0.006230529595015576,6.0,ok
143,6,0.9117647058823529,8.0,ok
143,7,0.046798029556650245,8.0,ok
143,8,0.8617021276595744,5.0,ok
143,9,0.8632478632478633,7.0,ok
143,10,0.851063829787234,9.0,ok
143,11,0.8181818181818182,12.0,ok
143,12,0.8770491803278688,14.0,ok
143,13,0.8059701492537313,15.0,ok
143,14,0.8333333333333334,23.0,ok
143,15,0.9120521172638436,6.0,ok
143,16,0.6915887850467289,13.0,ok
143,17,0.7580645161290323,10.0,ok
143,18,0.7857142857142857,27.0,ok
143,19,0.86,16.0,ok
143,20,0.723404255319149,11.0,ok
143,21,0.6756756756756757,18.0,ok
143,22,0.75,17.0,ok
143,23,0.7971014492753623,22.0,ok
143,24,0.7407407407407407,21.0,ok
143,25,0.5813953488372093,20.0,ok
143,26,0.6979166666666666,29.0,ok
143,27,0.7977207977207977,30.0,ok
143,28,0.6813186813186813,19.0,ok
143,29,0.15730337078651685,28.0,ok
143,30,0.6885245901639344,25.0,ok
143,31,0.8068965517241379,26.0,ok
143,32,0.11320754716981132,28.0,ok
143,33,0.3473282442748092,28.0,ok
144,0,0.9814814814814815,0.0,ok
144,1,0.979381443298969,1.0,ok
144,2,0.00682477392936359,2.0,ok
144,3,0.0066541545811295,2.0,ok
144,4,0.005630438491724962,2.0,ok
144,5,0.005630438491724962,2.0,ok
144,6,0.0615935847125064,2.0,ok
144,7,0.0051185804470226925,2.0,ok
144,8,0.016038218734004437,2.0,ok
144,9,0.017744412216345335,2.0,ok
144,10,0.008872206108172668,2.0,ok
144,11,0.007677870670534039,2.0,ok
144,12,0.017573792868111244,2.0,ok
144,13,0.022692373315133935,2.0,ok
144,14,0.024910424842177103,2.0,ok
144,15,0.05016208838082239,2.0,ok
144,16,0.015696980037536258,2.0,ok
144,17,0.009384064152874936,2.0,ok
144,18,0.08462719672410851,2.0,ok
144,19,0.016038218734004437,2.0,ok
144,20,0.007848490018768129,2.0,ok
144,21,0.017403173519877153,2.0,ok
144,22,0.009384064152874936,2.0,ok
144,23,0.009554683501109025,2.0,ok
144,24,0.008360348063470397,2.0,ok
144,25,0.009895922197577206,2.0,ok
144,26,0.014843883296365807,2.0,ok
144,27,0.10612523460160382,2.0,ok
144,28,0.011090257635215834,2.0,ok
144,29,0.008360348063470397,2.0,ok
144,30,0.018426889609281693,2.0,ok
144,31,0.022862992663368026,2.0,ok
144,32,0.0063129158846613204,2.0,ok
144,33,0.017403173519877153,2.0,ok
145,0,0.9606741573033708,1.0,ok
145,1,0.9468085106382979,2.0,ok
145,2,0.8695652173913043,0.0,ok
145,3,0.014084507042253521,3.0,ok
145,4,0.825,3.0,ok
145,5,0.1,12.0,ok
145,6,0.9633802816901409,6.0,ok
145,7,0.0,,no_overlapping_cluster
145,8,0.9528301886792453,4.0,ok
145,9,0.9107142857142857,5.0,ok
145,10,0.7843137254901961,19.0,ok
145,11,0.8775510204081632,11.0,ok
145,12,0.9385964912280702,16.0,ok
145,13,0.5793650793650794,15.0,ok
145,14,0.8716216216216216,7.0,ok
145,15,0.8166189111747851,12.0,ok
145,16,0.8532110091743119,10.0,ok
145,17,0.5974025974025974,8.0,ok
145,18,0.7824427480916031,18.0,ok
145,19,0.7368421052631579,14.0,ok
145,20,0.75,13.0,ok
145,21,0.489010989010989,21.0,ok
145,22,0.819672131147541,17.0,ok
145,23,0.7833333333333333,23.0,ok
145,24,0.1787709497206704,21.0,ok
145,25,0.6162790697674418,22.0,ok
145,26,0.7213114754098361,9.0,ok
145,27,0.7461340206185567,20.0,ok
145,28,0.8088235294117647,27.0,ok
145,29,0.2777777777777778,24.0,ok
145,30,0.8294573643410853,26.0,ok
145,31,0.6850828729281768,25.0,ok
145,32,0.5,28.0,ok
145,33,0.4540540540540541,24.0,ok
146,0,0.975,0.0,ok
146,1,0.9666666666666667,2.0,ok
146,2,0.9069767441860465,1.0,ok
146,3,0.0061749571183533445,3.0,ok
146,4,0.006003430531732418,3.0,ok
146,5,0.0061749571183533445,3.0,ok
146,6,0.06277873070325901,3.0,ok
146,7,0.004802744425385935,3.0,ok
146,8,0.015951972555746142,3.0,ok
146,9,0.019382504288164664,3.0,ok
146,10,0.009433962264150943,3.0,ok
146,11,0.007032590051457976,3.0,ok
146,12,0.019382504288164664,3.0,ok
146,13,0.022126929674099485,3.0,ok
146,14,0.023327615780445968,3.0,ok
146,15,0.051286449399656944,3.0,ok
146,16,0.015780445969125215,3.0,ok
146,17,0.009948542024013723,3.0,ok
146,18,0.08319039451114923,3.0,ok
146,19,0.015608919382504288,3.0,ok
146,20,0.007718696397941681,3.0,ok
146,21,0.01680960548885077,3.0,ok
146,22,0.010291595197255575,3.0,ok
146,23,0.0104631217838765,3.0,ok
146,24,0.008061749571183533,3.0,ok
146,25,0.009433962264150943,3.0,ok
146,26,0.014751286449399657,3.0,ok
146,27,0.10634648370497427,3.0,ok
146,28,0.010291595197255575,3.0,ok
146,29,0.008919382504288165,3.0,ok
146,30,0.019382504288164664,3.0,ok
146,31,0.02246998284734134,3.0,ok
146,32,0.0061749571183533445,3.0,ok
146,33,0.017495711835334476,3.0,ok
147,0,0.9634146341463414,0.0,ok
147,1,0.970873786407767,1.0,ok
147,2,0.9534883720930233,2.0,ok
147,3,0.0,,no_overlapping_cluster
147,4,0.0,,no_overlapping_cluster
147,5,0.8780487804878049,5.0,ok
147,6,0.9658792650918635,8.0,ok
147,7,0.0,,no_overlapping_cluster
147,8,0.968421052631579,4.0,ok
147,9,0.9026548672566371,11.0,ok
147,10,0.9591836734693877,3.0,ok
147,11,0.803921568627451,10.0,ok
147,12,0.9322033898305084,12.0,ok
147,13,0.7538461538461538,13.0,ok
147,14,0.8451612903225807,14.0,ok
147,15,0.939873417721519,7.0,ok
147,16,0.7052631578947368,15.0,ok
147,17,0.6206896551724138,6.0,ok
147,18,0.7981818181818182,9.0,ok
147,19,0.7303370786516854,16.0,ok
147,20,0.78,17.0,ok
147,21,0.49324324324324326,20.0,ok
147,22,0.6557377049180327,19.0,ok
147,23,0.71875,21.0,ok
147,24,0.13513513513513514,20.0,ok
147,25,0.6811594202898551,23.0,ok
147,26,0.7083333333333334,25.0,ok
147,27,0.7666151468315301,26.0,ok
147,28,0.7590361445783133,22.0,ok
147,29,0.803921568627451,27.0,ok
147,30,0.7464788732394366,18.0,ok
147,31,0.657608695652174,24.0,ok
147,32,0.2046783625730994,28.0,ok
147,33,0.5454545454545454,28.0,ok
148,0,0.9526627218934911,0.0,ok
148,1,0.9791666666666666,1.0,ok
148,2,0.8627450980392157,2.0,ok
148,3,0.01098901098901099,21.0,ok
148,4,0.9444444444444444,3.0,ok
148,5,0.0,,no_overlapping_cluster
148,6,0.9510309278350515,9.0,ok
148,7,0.2764227642276423,12.0,ok
148,8,0.6335877862595419,12.0,ok
148,9,0.95,10.0,ok
148,10,0.8679245283018868,11.0,ok
148,11,0.9302325581395349,6.0,ok
148,12,0.8983050847457628,7.0,ok
148,13,0.7676056338028169,8.0,ok
148,14,0.85,16.0,ok
148,15,0.8923076923076924,4.0,ok
148,16,0.5769230769230769,18.0,ok
148,17,0.6037735849056604,5.0,ok
148,18,0.7886029411764706,15.0,ok
148,19,0.8,13.0,ok
148,20,0.7358490566037735,14.0,ok
148,21,0.7009345794392523,19.0,ok
148,22,0.9090909090909091,20.0,ok
148,23,0.7419354838709677,17.0,ok
148,24,0.5692307692307692,21.0,ok
148,25,0.5217391304347826,22.0,ok
148,26,0.6436781609195402,29.0,ok
148,27,0.6821589205397302,30.0,ok
148,28,0.76,25.0,ok
148,29,0.7777777777777778,26.0,ok
148,30,0.8303571428571429,24.0,ok
148,31,0.7378048780487805,23.0,ok
148,32,0.5689655172413793,27.0,ok
148,33,0.8,28.0,ok
149,0,0.9625,2.0,ok
149,1,0.9797979797979798,0.0,ok
149,2,0.8653846153846154,1.0,ok
149,3,0.0,,no_overlapping_cluster
149,4,0.0029850746268656717,6.0,ok
149,5,0.0,,no_overlapping_cluster
149,6,0.9097560975609756,7.0,ok
149,7,0.04176904176904177,7.0,ok
149,8,0.9292929292929293,3.0,ok
149,9,0.8852459016393442,14.0,ok
149,10,0.9019607843137255,4.0,ok
149,11,0.8431372549019608,11.0,ok
149,12,0.860655737704918,15.0,ok
149,13,0.78125,16.0,ok
149,14,0.8452380952380952,17.0,ok
149,15,0.9371069182389937,6.0,ok
149,16,0.8723404255319149,8.0,ok
149,17,0.6521739130434783,9.0,ok
149,18,0.8093385214007782,13.0,ok
149,19,0.7872340425531915,12.0,ok
149,20,0.66,10.0,ok
149,21,0.55625,18.0,ok
149,22,0.7666666666666667,5.0,ok
149,23,0.7580645161290323,24.0,ok
149,24,0.07865168539325842,18.0,ok
149,25,0.6206896551724138,19.0,ok
149,26,0.6444444444444445,26.0,ok
149,27,0.7808641975308642,27.0,ok
149,28,0.7333333333333333,22.0,ok
149,29,0.7708333333333334,21.0,ok
149,30,0.7633587786259542,23.0,ok
149,31,0.7635135135135135,25.0,ok
149,32,0.15270935960591134,20.0,ok
149,33,0.48514851485148514,20.0,ok
150,0,0.9634146341463414,0.0,ok
150,1,0.9789473684210527,1.0,ok
150,2,0.88,2.0,ok
150,3,0.012658227848101266,3.0,ok
150,4,0.9069767441860465,3.0,ok
150,5,0.0,,no_overlapping_cluster
150,6,0.9727520435967303,5.0,ok
150,7,0.028169014084507043,2.0,ok
150,8,0.96,4.0,ok
150,9,0.8482142857142857,6.0,ok
150,10,0.9387755102040817,15.0,ok
150,11,0.9111111111111111,7.0,ok
150,12,0.9279279279279279,8.0,ok
150,13,0.6788321167883211,9.0,ok
150,14,0.9013157894736842,13.0,ok
150,15,0.9310344827586207,14.0,ok
150,16,0.8415841584158416,10.0,ok
150,17,0.7777777777777778,11.0,ok
150,18,0.8276515151515151,12.0,ok
150,19,0.5934065934065934,16.0,ok
150,20,0.8727272727272727,17.0,ok
150,21,0.6611570247933884,21.0,ok
150,22,0.8125,18.0,ok
150,23,0.8852459016393442,19.0,ok
150,24,0.7222222222222222,20.0,ok
150,25,0.6049382716049383,26.0,ok
150,26,0.8,28.0,ok
150,27,0.6744186046511628,29.0,ok
150,28,0.84,23.0,ok
150,29,0.75,24.0,ok
150,30,0.8062015503875969,22.0,ok
150,31,0.6649214659685864,25.0,ok
150,32,0.1461187214611872,27.0,ok
150,33,0.42727272727272725,27.0,ok
151,0,0.96875,1.0,ok
151,1,0.9702970297029703,0.0,ok
151,2,0.95,4.0,ok
151,3,0.9230769230769231,3.0,ok
151,4,0.0,,no_overlapping_cluster
151,5,0.006289308176100629,13.0,ok
151,6,0.955026455026455,7.0,ok
151,7,0.2962962962962963,5.0,ok
151,8,0.5546875,5.0,ok
151,9,0.8188976377952756,8.0,ok
151,10,0.92,2.0,ok
151,11,0.6666666666666666,9.0,ok
151,12,0.9304347826086956,10.0,ok
151,13,0.4715447154471545,11.0,ok
151,14,0.8343558282208589,12.0,ok
151,15,0.9061488673139159,13.0,ok
151,16,0.6697247706422018,14.0,ok
151,17,0.7878787878787878,6.0,ok
151,18,0.8027613412228797,21.0,ok
151,19,0.65625,23.0,ok
151,20,0.660377358490566,15.0,ok
151,21,0.2826855123674912,17.0,ok
151,22,0.85,16.0,ok
151,23,0.7761194029850746,18.0,ok
151,24,0.16546762589928057,17.0,ok
151,25,0.15412186379928317,17.0,ok
151,26,0.7241379310344828,26.0,ok
151,27,0.7706552706552706,27.0,ok
151,28,0.8513513513513513,25.0,ok
151,29,0.7857142857142857,24.0,ok
151,30,0.8666666666666667,19.0,ok
151,31,0.7191011235955056,20.0,ok
151,32,0.13761467889908258,22.0,ok
151,33,0.40454545454545454,22.0,ok
152,0,0.9771428571428571,0.0,ok
152,1,0.96875,1.0,ok
152,2,0.95,2.0,ok
152,3,0.0,,no_overlapping_cluster
152,4,0.9,3.0,ok
152,5,0.01524390243902439,4.0,ok
152,6,0.9466666666666667,7.0,ok
152,7,0.9166666666666666,8.0,ok
152,8,0.9375,5.0,ok
152,9,0.9380530973451328,6.0,ok
152,10,0.9607843137254902,13.0,ok
152,11,0.82,15.0,ok
152,12,0.9212598425196851,17.0,ok
152,13,0.8013698630136986,16.0,ok
152,14,0.8903225806451613,9.0,ok
152,15,0.8817891373801917,4.0,ok
152,16,0.8640776699029126,12.0,ok
152,17,0.7678571428571429,10.0,ok
152,18,0.811214953271028,11.0,ok
152,19,0.7708333333333334,14.0,ok
152,20,0.7857142857142857,18.0,ok
152,21,0.6779661016949152,20.0,ok
152,22,0.8620689655172413,19.0,ok
152,23,0.803030303030303,25.0,ok
152,24,0.37272727272727274,21.0,ok
152,25,0.21774193548387097,21.0,ok
152,26,0.6590909090909091,28.0,ok
152,27,0.6507936507936508,29.0,ok
152,28,0.7710843373493976,23.0,ok
152,29,0.8148148148148148,22.0,ok
152,30,0.819672131147541,24.0,ok
152,31,0.7483443708609272,26.0,ok
152,32,0.1708542713567839,27.0,ok
152,33,0.4623115577889447,27.0,ok
153,0,0.9825581395348837,0.0,ok
153,1,0.9693877551020408,1.0,ok
153,2,0.9130434782608695,2.0,ok
153,3,0.006666666666666667,17.0,ok
153,4,0.0,,no_overlapping_cluster
153,5,0.0,,no_overlapping_cluster
153,6,0.9577836411609498,11.0,ok
153,7,0.028985507246376812,2.0,ok
153,8,0.8723404255319149,3.0,ok
153,9,0.8909090909090909,12.0,ok
153,10,0.9464285714285714,8.0,ok
153,11,0.7142857142857143,13.0,ok
153,12,0.8888888888888888,14.0,ok
153,13,0.7851851851851852,15.0,ok
153,14,0.8109756097560976,7.0,ok
153,15,0.8942598187311178,4.0,ok
153,16,0.6454545454545455,6.0,ok
153,17,0.7377049180327869,5.0,ok
153,18,0.8084291187739464,20.0,ok
153,19,0.77,9.0,ok
153,20,0.92,16.0,ok
153,21,0.696,19.0,ok
153,22,0.7627118644067796,18.0,ok
153,23,0.6268656716417911,22.0,ok
153,24,0.2833333333333333,17.0,ok
153,25,0.29133858267716534,17.0,ok
153,26,0.7835051546391752,10.0,ok
153,27,0.735820895522388,26.0,ok
153,28,0.8648648648648649,25.0,ok
153,29,0.7755102040816326,24.0,ok
153,30,0.8083333333333333,21.0,ok
153,31,0.8095238095238095,23.0,ok
153,32,0.1871345029239766,27.0,ok
153,33,0.5232558139534884,27.0,ok
154,0,0.9698795180722891,0.0,ok
154,1,0.9807692307692307,1.0,ok
154,2,0.8979591836734694,3.0,ok
154,3,0.9487179487179487,2.0,ok
154,4,0.0,,no_overlapping_cluster
154,5,0.009404388714733543,12.0,ok
154,6,0.9048780487804878,7.0,ok
154,7,0.049019607843137254,7.0,ok
154,8,0.925531914893617,4.0,ok
154,9,0.9469026548672567,10.0,ok
154,10,0.8867924528301887,5.0,ok
154,11,0.8421052631578947,9.0,ok
154,12,0.9655172413793104,13.0,ok
154,13,0.8296296296296296,14.0,ok
154,14,0.8407643312101911,11.0,ok
154,15,0.8957654723127035,12.0,ok
154,16,0.8921568627450981,6.0,ok
154,17,0.7288135593220338,8.0,ok
154,18,0.7881679389312977,16.0,ok
154,19,0.7840909090909091,15.0,ok
154,20,0.0,,no_overlapping_cluster
154,21,0.6785714285714286,23.0,ok
154,22,0.7272727272727273,17.0,ok
154,23,0.7538461538461538,27.0,ok
154,24,0.7169811320754716,25.0,ok
154,25,0.5,24.0,ok
154,26,0.7865168539325843,19.0,ok
154,27,0.7600596125186289,20.0,ok
154,28,0.6703296703296703,18.0,ok
154,29,0.6545454545454545,22.0,ok
154,30,0.7846153846153846,26.0,ok
154,31,0.7151162790697675,28.0,ok
154,32,0.1871345029239766,21.0,ok
154,33,0.5497076023391813,21.0,ok
155,0,0.9441340782122905,0.0,ok
155,1,0.9789473684210527,1.0,ok
155,2,0.9047619047619048,5.0,ok
155,3,0.9302325581395349,2.0,ok
155,4,0.9722222222222222,4.0,ok
155,5,0.0029940119760479044,12.0,ok
155,6,0.9627659574468085,6.0,ok
155,7,0.028985507246376812,5.0,ok
155,8,0.9565217391304348,3.0,ok
155,9,0.9444444444444444,7.0,ok
155,10,0.9038461538461539,14.0,ok
155,11,0.7884615384615384,11.0,ok
155,12,0.9166666666666666,9.0,ok
155,13,0.7357142857142858,10.0,ok
155,14,0.8888888888888888,13.0,ok
155,15,0.9082278481012658,12.0,ok
155,16,0.5784313725490197,20.0,ok
155,17,0.453125,8.0,ok
155,18,0.807843137254902,18.0,ok
155,19,0.86,15.0,ok
155,20,0.6923076923076923,16.0,ok
155,21,0.7333333333333333,21.0,ok
155,22,0.7638888888888888,17.0,ok
155,23,0.8088235294117647,19.0,ok
155,24,0.2900763358778626,22.0,ok
155,25,0.26811594202898553,22.0,ok
155,26,0.7346938775510204,25.0,ok
155,27,0.7681365576102418,26.0,ok
155,28,0.8382352941176471,27.0,ok
155,29,0.660377358490566,28.0,ok
155,30,0.75177304964539,23.0,ok
155,31,0.7219251336898396,24.0,ok
155,32,0.2535211267605634,29.0,ok
155,33,0.49044585987261147,29.0,ok
156,0,0.9698795180722891,0.0,ok
156,1,0.9595959595959596,1.0,ok
156,2,0.5142857142857142,2.0,ok
156,3,0.41333333333333333,2.0,ok
156,4,0.926829268292683,3.0,ok
156,5,0.00643590189598191,4.0,ok
156,6,0.0638371890763611,4.0,ok
156,7,0.007936507936507936,1.0,ok
156,8,0.016524612976169768,4.0,ok
156,9,0.018264045921029745,4.0,ok
156,10,0.008001391546355888,4.0,ok
156,11,0.00782744825186989,4.0,ok
156,12,0.018437989215515743,4.0,ok
156,13,0.0215689685162637,4.0,ok
156,14,0.025395720994955646,4.0,ok
156,15,0.05444425117411724,4.0,ok
156,16,0.01704644285962776,4.0,ok
156,17,0.009565217391304347,4.0,ok
156,18,0.08504347826086957,4.0,ok
156,19,0.016002783092711775,4.0,ok
156,20,0.00852322142981388,4.0,ok
156,21,0.016176726387197773,4.0,ok
156,22,0.010610540963645852,4.0,ok
156,23,0.009392937902243869,4.0,ok
156,24,0.00980392156862745,0.0,ok
156,25,0.009566881196729866,4.0,ok
156,26,0.014089406853365802,4.0,ok
156,27,0.1071490694033745,4.0,ok
156,28,0.011828144025047834,4.0,ok
156,29,0.00852322142981388,4.0,ok
156,30,0.018264045921029745,4.0,ok
156,31,0.02296051487215168,4.0,ok
156,32,0.006261958601495913,4.0,ok
156,33,0.01704644285962776,4.0,ok
157,0,0.9817073170731707,0.0,ok
157,1,0.9690721649484536,1.0,ok
157,2,0.007679180887372013,2.0,ok
157,3,0.006313993174061433,2.0,ok
157,4,0.005972696245733789,2.0,ok
157,5,0.0061433447098976105,2.0,ok
157,6,0.060921501706484645,2.0,ok
157,7,0.005119453924914676,2.0,ok
157,8,0.016382252559726963,2.0,ok
157,9,0.01808873720136519,2.0,ok
157,10,0.008361774744027304,2.0,ok
157,11,0.007849829351535836,2.0,ok
157,12,0.01911262798634812,2.0,ok
157,13,0.021501706484641638,2.0,ok
157,14,0.025767918088737202,2.0,ok
157,15,0.05477815699658703,2.0,ok
157,16,0.016723549488054608,2.0,ok
157,17,0.009726962457337883,2.0,ok
157,18,0.08122866894197953,2.0,ok
157,19,0.015699658703071672,2.0,ok
157,20,0.007849829351535836,2.0,ok
157,21,0.016723549488054608,2.0,ok
157,22,0.009215017064846417,2.0,ok
157,23,0.009044368600682594,2.0,ok
157,24,0.00870307167235495,2.0,ok
157,25,0.00870307167235495,2.0,ok
157,26,0.014334470989761093,2.0,ok
157,27,0.10546075085324232,2.0,ok
157,28,0.010921501706484642,2.0,ok
157,29,0.008020477815699659,2.0,ok
157,30,0.01911262798634812,2.0,ok
157,31,0.02235494880546075,2.0,ok
157,32,0.0061433447098976105,2.0,ok
157,33,0.016382252559726963,2.0,ok
158,0,0.9293478260869565,0.0,ok
158,1,0.9897959183673469,1.0,ok
158,2,0.9019607843137255,3.0,ok
158,3,0.014925373134328358,2.0,ok
158,4,0.6829268292682927,2.0,ok
158,5,0.00510204081632653,27.0,ok
158,6,0.9574468085106383,8.0,ok
158,7,0.007692307692307693,8.0,ok
158,8,0.9595959595959596,4.0,ok
158,9,0.925,7.0,ok
158,10,0.9622641509433962,5.0,ok
158,11,0.84,18.0,ok
158,12,0.9375,19.0,ok
158,13,0.7941176470588235,20.0,ok
158,14,0.8857142857142857,10.0,ok
158,15,0.9380804953560371,6.0,ok
158,16,0.7520661157024794,11.0,ok
158,17,0.034482758620689655,0.0,ok
158,18,0.8136882129277566,9.0,ok
158,19,0.7326732673267327,16.0,ok
158,20,0.5892857142857143,21.0,ok
158,21,0.7807017543859649,22.0,ok
158,22,0.8571428571428571,12.0,ok
158,23,0.7538461538461538,26.0,ok
158,24,0.68,23.0,ok
158,25,0.3956043956043956,24.0,ok
158,26,0.8367346938775511,13.0,ok
158,27,0.7943262411347518,17.0,ok
158,28,0.5575221238938053,14.0,ok
158,29,0.25806451612903225,14.0,ok
158,30,0.8392857142857143,25.0,ok
158,31,0.6941176470588235,27.0,ok
158,32,0.14903846153846154,15.0,ok
158,33,0.4492753623188406,15.0,ok
159,0,0.9704142011834319,0.0,ok
159,1,0.9711538461538461,2.0,ok
159,2,0.9565217391304348,1.0,ok
159,3,0.006547208821502412,3.0,ok
159,4,0.005685733976567884,3.0,ok
159,5,0.005685733976567884,3.0,ok
159,6,0.06443831840110269,3.0,ok
159,7,0.005168849069607168,3.0,ok
159,8,0.01567884217780841,3.0,ok
159,9,0.01791867677463818,3.0,ok
159,10,0.008097863542384563,3.0,ok
159,11,0.007064093728463129,3.0,ok
159,12,0.019297036526533425,3.0,ok
159,13,0.02257064093728463,3.0,ok
159,14,0.0246381805651275,3.0,ok
159,15,0.053756030323914544,3.0,ok
159,16,0.01619293712316968,3.0,ok
159,17,0.009302325581395349,3.0,ok
159,18,0.08132322536181943,3.0,ok
159,19,0.014472777394900068,3.0,ok
159,20,0.00861474844934528,3.0,ok
159,21,0.018090971743625086,3.0,ok
159,22,0.009820813232253619,3.0,ok
159,23,0.009303928325292901,3.0,ok
159,24,0.008442453480358374,3.0,ok
159,25,0.009648518263266712,3.0,ok
159,26,0.015851137146795313,3.0,ok
159,27,0.10665058580289455,3.0,ok
159,28,0.01171605789110958,3.0,ok
159,29,0.009131633356305995,3.0,ok
159,30,0.018090971743625086,3.0,ok
159,31,0.02308752584424535,3.0,ok
159,32,0.005168849069607168,3.0,ok
159,33,0.016023432115782218,3.0,ok
160,0,0.9518072289156626,0.0,ok
160,1,0.989010989010989,1.0,ok
160,2,0.7924528301886793,2.0,ok
160,3,0.0024813895781637717,6.0,ok
160,4,0.0,,no_overlapping_cluster
160,5,0.925,5.0,ok
160,6,0.958005249343832,6.0,ok
160,7,0.039473684210526314,2.0,ok
160,8,0.8865979381443299,3.0,ok
160,9,0.8235294117647058,11.0,ok
160,10,0.9215686274509803,4.0,ok
160,11,0.7254901960784313,8.0,ok
160,12,0.925,10.0,ok
160,13,0.708029197080292,9.0,ok
160,14,0.8235294117647058,18.0,ok
160,15,0.9081967213114754,14.0,ok
160,16,0.8899082568807339,7.0,ok
160,17,0.7313432835820896,12.0,ok
160,18,0.7404580152671756,22.0,ok
160,19,0.6868686868686869,13.0,ok
160,20,0.0,,no_overlapping_cluster
160,21,0.6339285714285714,16.0,ok
160,22,0.7419354838709677,15.0,ok
160,23,0.7321428571428571,19.0,ok
160,24,0.11864406779661017,20.0,ok
160,25,0.5760869565217391,20.0,ok
160,26,0.7311827956989247,23.0,ok
160,27,0.7722627737226277,24.0,ok
160,28,0.6486486486486487,25.0,ok
160,29,0.7457627118644068,26.0,ok
160,30,0.7375886524822695,17.0,ok
160,31,0.7440476190476191,21.0,ok
160,32,0.1676300578034682,27.0,ok
160,33,0.4972375690607735,27.0,ok
161,0,0.9583333333333334,0.0,ok
161,1,0.9529411764705882,3.0,ok
161,2,0.8478260869565217,2.0,ok
161,3,0.006181318681318681,1.0,ok
161,4,0.004979395604395604,1.0,ok
161,5,0.006353021978021978,1.0,ok
161,6,0.06435558606487043,1.0,ok
161,7,0.018518518518518517,3.0,ok
161,8,0.015968406593406592,1.0,ok
161,9,0.019059065934065936,1.0,ok
161,10,0.008756868131868132,1.0,ok
161,11,0.006868131868131868,1.0,ok
161,12,0.018372252747252748,1.0,ok
161,13,0.021119505494505496,1.0,ok
161,14,0.025927197802197804,1.0,ok
161,15,0.05271291208791209,1.0,ok
161,16,0.017857142857142856,1.0,ok
161,17,0.009271978021978022,1.0,ok
161,18,0.08173076923076923,1.0,ok
161,19,0.015453296703296704,1.0,ok
161,20,0.009100274725274726,1.0,ok
161,21,0.018372252747252748,1.0,ok
161,22,0.010130494505494506,1.0,ok
161,23,0.010302197802197802,1.0,ok
161,24,0.008928571428571428,1.0,ok
161,25,0.009100274725274726,1.0,ok
161,26,0.015281593406593406,1.0,ok
161,27,0.10386266094420601,1.0,ok
161,28,0.011847527472527472,1.0,ok
161,29,0.008070054945054946,1.0,ok
161,30,0.018200549450549452,1.0,ok
161,31,0.02180631868131868,1.0,ok
161,32,0.006696428571428571,1.0,ok
161,33,0.016140109890109892,1.0,ok
162,0,0.953757225433526,0.0,ok
162,1,0.956989247311828,3.0,ok
162,2,0.9411764705882353,2.0,ok
162,3,0.9512195121951219,1.0,ok
162,4,0.8947368421052632,4.0,ok
162,5,0.005747126436781609,6.0,ok
162,6,0.9576059850374065,10.0,ok
162,7,0.013333333333333334,2.0,ok
162,8,0.9292929292929293,5.0,ok
162,9,0.9009009009009009,9.0,ok
162,10,0.9411764705882353,8.0,ok
162,11,0.8076923076923077,11.0,ok
162,12,0.9316239316239316,12.0,ok
162,13,0.81875,13.0,ok
162,14,0.8407643312101911,6.0,ok
162,15,0.9299363057324841,7.0,ok
162,16,0.79,17.0,ok
162,17,0.6142857142857143,14.0,ok
162,18,0.7551020408163265,24.0,ok
162,19,0.7912087912087912,15.0,ok
162,20,0.9038461538461539,18.0,ok
162,21,0.41626794258373206,19.0,ok
162,22,0.8,16.0,ok
162,23,0.8235294117647058,20.0,ok
162,24,0.16666666666666666,19.0,ok
162,25,0.00411522633744856,19.0,ok
162,26,0.7901234567901234,23.0,ok
162,27,0.7791842475386779,26.0,ok
162,28,0.7303370786516854,25.0,ok
162,29,0.7719298245614035,28.0,ok
162,30,0.773109243697479,21.0,ok
162,31,0.7176470588235294,22.0,ok
162,32,0.6739130434782609,27.0,ok
162,33,0.7948717948717948,29.0,ok
163,0,0.9590643274853801,0.0,ok
163,1,0.967032967032967,1.0,ok
163,2,0.8363636363636363,2.0,ok
163,3,0.0,,no_overlapping_cluster
163,4,0.7857142857142857,3.0,ok
163,5,0.009433962264150943,13.0,ok
163,6,0.9530026109660574,5.0,ok
163,7,0.0,,no_overlapping_cluster
163,8,0.9157894736842105,4.0,ok
163,9,0.8070175438596491,8.0,ok
163,10,0.9245283018867925,14.0,ok
163,11,0.8269230769230769,6.0,ok
163,12,0.9339622641509434,9.0,ok
163,13,0.7808219178082192,7.0,ok
163,14,0.8544303797468354,10.0,ok
163,15,0.940983606557377,11.0,ok
163,16,0.6388888888888888,13.0,ok
163,17,0.007407407407407408,1.0,ok
163,18,0.7758284600389863,22.0,ok
163,19,0.7722772277227723,12.0,ok
163,20,0.19708029197080293,16.0,ok
163,21,0.5140845070422535,16.0,ok
163,22,0.8970588235294118,17.0,ok
163,23,0.7288135593220338,18.0,ok
163,24,0.7142857142857143,15.0,ok
163,25,0.5,19.0,ok
163,26,0.7640449438202247,24.0,ok
163,27,0.7370820668693009,26.0,ok
163,28,0.8375,23.0,ok
163,29,0.8679245283018868,25.0,ok
163,30,0.792,20.0,ok
163,31,0.7664670658682635,21.0,ok
163,32,0.10344827586206896,27.0,ok
163,33,0.5802469135802469,27.0,ok
164,0,0.9700598802395209,0.0,ok
164,1,0.968421052631579,1.0,ok
164,2,0.8979591836734694,2.0,ok
164,3,0.0,,no_overlapping_cluster
164,4,0.004201680672268907,26.0,ok
164,5,0.0014749262536873156,25.0,ok
164,6,0.9477806788511749,8.0,ok
164,7,0.0273972602739726,2.0,ok
164,8,0.9347826086956522,3.0,ok
164,9,0.8818181818181818,11.0,ok
164,10,0.9056603773584906,5.0,ok
164,11,0.8035714285714286,4.0,ok
164,12,0.8782608695652174,10.0,ok
164,13,0.777027027027027,9.0,ok
164,14,0.8544303797468354,12.0,ok
164,15,0.9156626506024096,7.0,ok
164,16,0.6336633663366337,15.0,ok
164,17,0.7222222222222222,14.0,ok
164,18,0.797270955165692,16.0,ok
164,19,0.7604166666666666,17.0,ok
164,20,0.6727272727272727,13.0,ok
164,21,0.7142857142857143,18.0,ok
164,22,0.7746478873239436,6.0,ok
164,23,0.7352941176470589,22.0,ok
164,24,0.6964285714285714,19.0,ok
164,25,0.6451612903225806,21.0,ok
164,26,0.7368421052631579,20.0,ok
164,27,0.8118668596237337,25.0,ok
164,28,0.7666666666666667,27.0,ok
164,29,0.018867924528301886,6.0,ok
164,30,0.8333333333333334,24.0,ok
164,31,0.7380952380952381,23.0,ok
164,32,0.19138755980861244,26.0,ok
164,33,0.39908256880733944,26.0,ok
165,0,0.9506172839506173,0.0,ok
165,1,0.9787234042553191,1.0,ok
165,2,0.78,3.0,ok
165,3,0.926829268292683,2.0,ok
165,4,0.0,,no_overlapping_cluster
165,5,0.002857142857142857,6.0,ok
165,6,0.948509485094851,9.0,ok
165,7,0.02702702702702703,3.0,ok
165,8,0.912621359223301,4.0,ok
165,9,0.8672566371681416,8.0,ok
165,10,0.8813559322033898,7.0,ok
165,11,0.9,10.0,ok
165,12,0.8571428571428571,11.0,ok
165,13,0.7971014492753623,12.0,ok
165,14,0.8867924528301887,14.0,ok
165,15,0.9144542772861357,6.0,ok
165,16,0.9038461538461539,13.0,ok
165,17,0.6557377049180327,5.0,ok
165,18,0.8011928429423459,21.0,ok
165,19,0.85,16.0,ok
165,20,0.7358490566037735,19.0,ok
165,21,0.6428571428571429,20.0,ok
165,22,0.6984126984126984,18.0,ok
165,23,0.7936507936507936,24.0,ok
165,24,0.0,,no_overlapping_cluster
165,25,0.6363636363636364,22.0,ok
165,26,0.7549019607843137,25.0,ok
165,27,0.7538461538461538,26.0,ok
165,28,0.4429530201342282,15.0,ok
165,29,0.3087248322147651,15.0,ok
165,30,0.7777777777777778,17.0,ok
165,31,0.6844919786096256,23.0,ok
165,32,0.5769230769230769,27.0,ok
165,33,0.8,28.0,ok
166,0,0.9712643678160919,0.0,ok
166,1,0.9782608695652174,2.0,ok
166,2,0.92,1.0,ok
166,3,0.9512195121951219,3.0,ok
166,4,0.005379142807565504,4.0,ok
166,5,0.012048192771084338,1.0,ok
166,6,0.06333506854069061,4.0,ok
166,7,0.0052056220718375845,4.0,ok
166,8,0.01665799062988027,4.0,ok
166,9,0.019260801665799063,4.0,ok
166,10,0.008849557522123894,4.0,ok
166,11,0.008676036786395974,4.0,ok
166,12,0.019434322401526982,4.0,ok
166,13,0.022557695644629533,4.0,ok
166,14,0.025507548152004164,4.0,ok
166,15,0.05292382439701544,4.0,ok
166,16,0.015790386951240673,4.0,ok
166,17,0.009021512838306732,4.0,ok
166,18,0.08207530799930592,4.0,ok
166,19,0.01665799062988027,4.0,ok
166,20,0.007981953843484296,4.0,ok
166,21,0.018043025676613464,4.0,ok
166,22,0.009370119729307652,4.0,ok
166,23,0.010411244143675169,4.0,ok
166,24,0.008502516050668055,4.0,ok
166,25,0.01006420267221933,4.0,ok
166,26,0.015096304008328995,4.0,ok
166,27,0.10359187922956793,4.0,ok
166,28,0.010931806350858927,4.0,ok
166,29,0.008155474579212216,4.0,ok
166,30,0.018393197987159465,4.0,ok
166,31,0.021690091965989935,4.0,ok
166,32,0.0058997050147492625,4.0,ok
166,33,0.01700503210133611,4.0,ok
167,0,0.9886363636363636,0.0,ok
167,1,0.9680851063829787,1.0,ok
167,2,0.8541666666666666,4.0,ok
167,3,0.875,3.0,ok
167,4,0.7619047619047619,2.0,ok
167,5,0.0,,no_overlapping_cluster
167,6,0.9559585492227979,6.0,ok
167,7,0.02857142857142857,4.0,ok
167,8,0.9423076923076923,5.0,ok
167,9,0.9375,11.0,ok
167,10,0.9411764705882353,17.0,ok
167,11,0.92,10.0,ok
167,12,0.95,13.0,ok
167,13,0.795774647887324,12.0,ok
167,14,0.9024390243902439,9.0,ok
167,15,0.8933333333333333,8.0,ok
167,16,0.7368421052631579,14.0,ok
167,17,0.8181818181818182,16.0,ok
167,18,0.7520161290322581,26.0,ok
167,19,0.6593406593406593,18.0,ok
167,20,0.8301886792452831,7.0,ok
167,21,0.7058823529411765,25.0,ok
167,22,0.8392857142857143,15.0,ok
167,23,0.8070175438596491,21.0,ok
167,24,0.15178571428571427,24.0,ok
167,25,0.44,24.0,ok
167,26,0.7669902912621359,19.0,ok
167,27,0.7417910447761195,27.0,ok
167,28,0.7333333333333333,20.0,ok
167,29,0.8064516129032258,28.0,ok
167,30,0.8717948717948718,22.0,ok
167,31,0.7857142857142857,23.0,ok
167,32,0.168,29.0,ok
167,33,0.6230769230769231,29.0,ok
168,0,0.9142857142857143,0.0,ok
168,1,0.9587628865979382,2.0,ok
168,2,1.0,1.0,ok
168,3,0.9545454545454546,3.0,ok
168,4,0.0,,no_overlapping_cluster
168,5,0.005847953216374269,5.0,ok
168,6,0.875609756097561,6.0,ok
168,7,0.0794044665012407,6.0,ok
168,8,0.96875,4.0,ok
168,9,0.9099099099099099,11.0,ok
168,10,0.9636363636363636,7.0,ok
168,11,0.8723404255319149,10.0,ok
168,12,0.9122807017543859,14.0,ok
168,13,0.7014925373134329,15.0,ok
168,14,0.9263803680981595,9.0,ok
168,15,0.8981481481481481,5.0,ok
168,16,0.8571428571428571,8.0,ok
168,17,0.55,12.0,ok
168,18,0.8296146044624746,16.0,ok
168,19,0.6907216494845361,23.0,ok
168,20,0.8333333333333334,20.0,ok
168,21,0.5855263157894737,21.0,ok
168,22,0.875,22.0,ok
168,23,0.8,17.0,ok
168,24,0.152317880794702,21.0,ok
168,25,0.5522388059701493,19.0,ok
168,26,0.7471264367816092,26.0,ok
168,27,0.7341576506955177,27.0,ok
168,28,0.7313432835820896,24.0,ok
168,29,0.1624548736462094,25.0,ok
168,30,0.768,13.0,ok
168,31,0.6505376344086021,18.0,ok
168,32,0.1371841155234657,25.0,ok
168,33,0.34172661870503596,25.0,ok
169,0,0.9810126582278481,0.0,ok
169,1,0.9801980198019802,1.0,ok
169,2,0.9047619047619048,2.0,ok
169,3,0.9,5.0,ok
169,4,0.007194244604316547,12.0,ok
169,5,0.006211180124223602,7.0,ok
169,6,0.9770408163265306,8.0,ok
169,7,0.027777777777777776,2.0,ok
169,8,0.9285714285714286,3.0,ok
169,9,0.9469026548672567,10.0,ok
169,10,0.8936170212765957,4.0,ok
169,11,0.7391304347826086,11.0,ok
169,12,0.911504424778761,12.0,ok
169,13,0.7910447761194029,13.0,ok
169,14,0.8366013071895425,15.0,ok
169,15,0.9311475409836065,7.0,ok
169,16,0.8317757009345794,17.0,ok
169,17,0.7704918032786885,6.0,ok
169,18,0.7241379310344828,28.0,ok
169,19,0.8979591836734694,14.0,ok
169,20,0.8070175438596491,16.0,ok
169,21,0.7054263565891473,19.0,ok
169,22,0.75,9.0,ok
169,23,0.78125,21.0,ok
169,24,0.6451612903225806,18.0,ok
169,25,0.6714285714285714,20.0,ok
169,26,0.8125,25.0,ok
169,27,0.7810734463276836,26.0,ok
169,28,0.5470085470085471,24.0,ok
169,29,0.312,24.0,ok
169,30,0.8278688524590164,22.0,ok
169,31,0.7329545454545454,23.0,ok
169,32,0.2,27.0,ok
169,33,0.41578947368421054,27.0,ok
170,0,0.9746835443037974,0.0,ok
170,1,0.989247311827957,1.0,ok
170,2,0.8780487804878049,2.0,ok
170,3,0.972972972972973,3.0,ok
170,4,0.005696530295183843,4.0,ok
170,5,0.00535128603486967,4.0,ok
170,6,0.061626100466079754,4.0,ok
170,7,0.015384615384615385,2.0,ok
170,8,0.016744346625237355,4.0,ok
170,9,0.019161056447436563,4.0,ok
170,10,0.008631106507854307,4.0,ok
170,11,0.008458484377697221,4.0,ok
170,12,0.018988434317279475,4.0,ok
170,13,0.02192301052994994,4.0,ok
170,14,0.02641118591403418,4.0,ok
170,15,0.05282237182806836,4.0,ok
170,16,0.016916968755394442,4.0,ok
170,17,0.010010355540214014,4.0,ok
170,18,0.08251337821508717,4.0,ok
170,19,0.01570861384429484,4.0,ok
170,20,0.007767995857068877,4.0,ok
170,21,0.0174348351458657,4.0,ok
170,22,0.01070257206973934,4.0,ok
170,23,0.010529949939582254,4.0,ok
170,24,0.008285862247540134,4.0,ok
170,25,0.008631106507854307,4.0,ok
170,26,0.01432763680303815,4.0,ok
170,27,0.108234075608493,4.0,ok
170,28,0.011738304850681858,4.0,ok
170,29,0.008631106507854307,4.0,ok
170,30,0.018470567926808217,4.0,ok
170,31,0.022613499050578283,4.0,ok
170,32,0.005523908165026756,4.0,ok
170,33,0.01570861384429484,4.0,ok
171,0,0.9707602339181286,0.0,ok
171,1,0.98989898989899,1.0,ok
171,2,0.8545454545454545,2.0,ok
171,3,0.0,,no_overlapping_cluster
171,4,0.7692307692307693,3.0,ok
171,5,0.0,,no_overlapping_cluster
171,6,0.9732620320855615,6.0,ok
171,7,0.0375,5.0,ok
171,8,0.5102040816326531,5.0,ok
171,9,0.912621359223301,8.0,ok
171,10,0.8627450980392157,4.0,ok
171,11,0.8604651162790697,7.0,ok
171,12,0.9391304347826087,10.0,ok
171,13,0.7704918032786885,9.0,ok
171,14,0.875,12.0,ok
171,15,0.9345794392523364,11.0,ok
171,16,0.8235294117647058,15.0,ok
171,17,0.6901408450704225,13.0,ok
171,18,0.753968253968254,24.0,ok
171,19,0.7872340425531915,17.0,ok
171,20,0.8166666666666667,16.0,ok
171,21,0.7064220183486238,20.0,ok
171,22,0.9411764705882353,19.0,ok
171,23,0.75,21.0,ok
171,24,0.3018867924528302,18.0,ok
171,25,0.3017241379310345,18.0,ok
171,26,0.77,25.0,ok
171,27,0.7459379615952733,27.0,ok
171,28,0.7972972972972973,26.0,ok
171,29,0.6226415094339622,29.0,ok
171,30,0.7692307692307693,22.0,ok
171,31,0.7440476190476191,23.0,ok
171,32,0.02181208053691275,27.0,ok
171,33,0.7739130434782608,28.0,ok
172,0,0.9831460674157303,0.0,ok
172,1,0.9680851063829787,1.0,ok
172,2,0.9047619047619048,2.0,ok
172,3,0.0022026431718061676,17.0,ok
172,4,0.0,,no_overlapping_cluster
172,5,0.0,,no_overlapping_cluster
172,6,0.968421052631579,5.0,ok
172,7,0.0,,no_overlapping_cluster
172,8,0.96875,3.0,ok
172,9,0.8878504672897196,11.0,ok
172,10,0.9454545454545454,9.0,ok
172,11,0.9230769230769231,13.0,ok
172,12,0.95,20.0,ok
172,13,0.6511627906976745,21.0,ok
172,14,0.8622754491017964,8.0,ok
172,15,0.9290123456790124,4.0,ok
172,16,0.6176470588235294,14.0,ok
172,17,0.6825396825396826,7.0,ok
172,18,0.8128772635814889,17.0,ok
172,19,0.7395833333333334,15.0,ok
172,20,0.7254901960784313,10.0,ok
172,21,0.5886524822695035,19.0,ok
172,22,0.8484848484848485,6.0,ok
172,23,0.6964285714285714,23.0,ok
172,24,0.7818181818181819,18.0,ok
172,25,0.5857142857142857,22.0,ok
172,26,0.7052631578947368,26.0,ok
172,27,0.7705382436260623,28.0,ok
172,28,0.7808219178082192,16.0,ok
172,29,0.11811023622047244,27.0,ok
172,30,0.7105263157894737,24.0,ok
172,31,0.7481481481481481,25.0,ok
172,32,0.13025210084033614,27.0,ok
172,33,0.4309623430962343,27.0,ok
173,0,0.9820359281437125,0.0,ok
173,1,0.9894736842105263,1.0,ok
173,2,0.9361702127659575,2.0,ok
173,3,0.0,,no_overlapping_cluster
173,4,0.0,,no_overlapping_cluster
173,5,0.01483679525222552,4.0,ok
173,6,0.944,5.0,ok
173,7,0.19008264462809918,3.0,ok
173,8,0.7457627118644068,3.0,ok
173,9,0.8796296296296297,7.0,ok
173,10,0.8653846153846154,10.0,ok
173,11,0.7547169811320755,6.0,ok
173,12,0.9259259259259259,9.0,ok
173,13,0.7876712328767124,8.0,ok
173,14,0.8322147651006712,15.0,ok
173,15,0.9230769230769231,4.0,ok
173,16,0.7642276422764228,13.0,ok
173,17,0.7540983606557377,11.0,ok
173,18,0.8148893360160966,18.0,ok
173,19,0.8888888888888888,12.0,ok
173,20,0.0,,no_overlapping_cluster
173,21,0.7033898305084746,19.0,ok
173,22,0.8688524590163934,14.0,ok
173,23,0.7761194029850746,21.0,ok
173,24,0.7454545454545455,20.0,ok
173,25,0.7466666666666667,22.0,ok
173,26,0.5813953488372093,26.0,ok
173,27,0.7917282127031019,25.0,ok
173,28,0.8117647058823529,16.0,ok
173,29,0.20416666666666666,17.0,ok
173,30,0.7589285714285714,24.0,ok
173,31,0.7267441860465116,23.0,ok
173,32,0.15352697095435686,17.0,ok
173,33,0.34146341463414637,17.0,ok
174,0,0.9819277108433735,0.0,ok
174,1,0.9423076923076923,2.0,ok
174,2,0.9166666666666666,1.0,ok
174,3,0.9523809523809523,4.0,ok
174,4,0.005829358770535241,5.0,ok
174,5,0.006359300476947536,5.0,ok
174,6,0.06818583289171525,5.0,ok
174,7,0.027777777777777776,1.0,ok
174,8,0.9148936170212766,3.0,ok
174,9,0.018901254195371843,5.0,ok
174,10,0.00759583112524289,5.0,ok
174,11,0.0077724783607136545,5.0,ok
174,12,0.019254548666313372,5.0,ok
174,13,0.023317435082140965,5.0,ok
174,14,0.026320438085143966,5.0,ok
174,15,0.05352411234764176,5.0,ok
174,16,0.01695813460519343,5.0,ok
174,17,0.009890498057223597,5.0,ok
174,18,0.08337749514220102,5.0,ok
174,19,0.015544956721427309,5.0,ok
174,20,0.0077724783607136545,5.0,ok
174,21,0.016781487369722663,5.0,ok
174,22,0.009892245186362834,5.0,ok
174,23,0.010068892421833599,5.0,ok
174,24,0.0077724783607136545,5.0,ok
174,25,0.009538950715421303,5.0,ok
174,26,0.015544956721427309,5.0,ok
174,27,0.10775481363716657,5.0,ok
174,28,0.011835364776541247,5.0,ok
174,29,0.007419183889772125,5.0,ok
174,30,0.018901254195371843,5.0,ok
174,31,0.022257551669316374,5.0,ok
174,32,0.006535947712418301,5.0,ok
174,33,0.01766472354707649,5.0,ok
175,0,0.9705882352941176,0.0,ok
175,1,0.9795918367346939,1.0,ok
175,2,0.851063829787234,2.0,ok
175,3,0.9047619047619048,3.0,ok
175,4,0.0,,no_overlapping_cluster
175,5,0.013513513513513514,2.0,ok
175,6,0.9498680738786279,7.0,ok
175,7,0.0,,no_overlapping_cluster
175,8,0.970873786407767,4.0,ok
175,9,0.85,9.0,ok
175,10,0.8823529411764706,15.0,ok
175,11,0.8867924528301887,6.0,ok
175,12,0.911504424778761,11.0,ok
175,13,0.5806451612903226,12.0,ok
175,14,0.8620689655172413,10.0,ok
175,15,0.9015873015873016,5.0,ok
175,16,0.6666666666666666,14.0,ok
175,17,0.5882352941176471,13.0,ok
175,18,0.7529182879377432,20.0,ok
175,19,0.9072164948453608,8.0,ok
175,20,0.7307692307692307,16.0,ok
175,21,0.6386554621848739,19.0,ok
175,22,0.8888888888888888,17.0,ok
175,23,0.7258064516129032,24.0,ok
175,24,0.6440677966101694,18.0,ok
175,25,0.48484848484848486,21.0,ok
175,26,0.8737864077669902,27.0,ok
175,27,0.7832585949177877,28.0,ok
175,28,0.8194444444444444,25.0,ok
175,29,0.15129151291512916,26.0,ok
175,30,0.7412587412587412,22.0,ok
175,31,0.7133757961783439,23.0,ok
175,32,0.13962264150943396,26.0,ok
175,33,0.36704119850187267,26.0,ok
176,0,0.9935483870967742,0.0,ok
176,1,0.9795918367346939,2.0,ok
176,2,0.9069767441860465,1.0,ok
176,3,0.9302325581395349,4.0,ok
176,4,0.9444444444444444,3.0,ok
176,5,0.00273224043715847,6.0,ok
176,6,0.9256410256410257,9.0,ok
176,7,0.034739454094292806,9.0,ok
176,8,0.9072164948453608,5.0,ok
176,9,0.8636363636363636,13.0,ok
176,10,0.9791666666666666,18.0,ok
176,11,0.7954545454545454,14.0,ok
176,12,0.875,15.0,ok
176,13,0.7697368421052632,16.0,ok
176,14,0.8866666666666667,8.0,ok
176,15,0.878698224852071,6.0,ok
176,16,0.6422018348623854,17.0,ok
176,17,0.7538461538461538,7.0,ok
176,18,0.8173598553345389,10.0,ok
176,19,0.7575757575757576,11.0,ok
176,20,0.7872340425531915,20.0,ok
176,21,0.6730769230769231,21.0,ok
176,22,0.819672131147541,19.0,ok
176,23,0.75,12.0,ok
176,24,0.7142857142857143,22.0,ok
176,25,0.6451612903225806,23.0,ok
176,26,0.8446601941747572,26.0,ok
176,27,0.7960426179604262,27.0,ok
176,28,0.8378378378378378,28.0,ok
176,29,0.06806282722513089,29.0,ok
176,30,0.7459016393442623,24.0,ok
176,31,0.6417112299465241,25.0,ok
176,32,0.07777777777777778,29.0,ok
176,33,0.5088757396449705,29.0,ok
177,0,0.9939024390243902,0.0,ok
177,1,1.0,1.0,ok
177,2,0.8888888888888888,2.0,ok
177,3,0.9523809523809523,3.0,ok
177,4,0.9444444444444444,4.0,ok
177,5,0.972972972972973,6.0,ok
177,6,0.9321608040201005,7.0,ok
177,7,0.03950617283950617,7.0,ok
177,8,0.9603960396039604,5.0,ok
177,9,0.9051724137931034,11.0,ok
177,10,0.9433962264150944,19.0,ok
177,11,0.86,8.0,ok
177,12,0.9243697478991597,10.0,ok
177,13,0.7575757575757576,9.0,ok
177,14,0.896774193548387,14.0,ok
177,15,0.9292604501607717,13.0,ok
177,16,0.7685185185185185,15.0,ok
177,17,0.7391304347826086,18.0,ok
177,18,0.7122448979591837,21.0,ok
177,19,0.8431372549019608,16.0,ok
177,20,0.7538461538461538,12.0,ok
177,21,0.6990291262135923,27.0,ok
177,22,0.016129032258064516,20.0,ok
177,23,0.746268656716418,24.0,ok
177,24,0.39622641509433965,28.0,ok
177,25,0.3217391304347826,28.0,ok
177,26,0.08059384941675504,17.0,ok
177,27,0.6510638297872341,17.0,ok
177,28,0.7564102564102564,20.0,ok
177,29,0.6538461538461539,22.0,ok
177,30,0.8174603174603174,25.0,ok
177,31,0.7383720930232558,26.0,ok
177,32,0.08196721311475409,23.0,ok
177,33,0.5325443786982249,23.0,ok
178,0,0.9704142011834319,0.0,ok
178,1,0.9897959183673469,1.0,ok
178,2,0.8048780487804879,2.0,ok
178,3,0.005503009458297506,3.0,ok
178,4,0.005846947549441101,3.0,ok
178,5,0.005331040412725709,3.0,ok
178,6,0.06516506189821183,3.0,ok
178,7,0.004815133276010318,3.0,ok
178,8,0.01598762248581743,3.0,ok
178,9,0.0177128116938951,3.0,ok
178,10,0.008770421324161651,3.0,ok
178,11,0.007910576096302666,3.0,ok
178,12,0.01874462596732588,3.0,ok
178,13,0.01994840928632846,3.0,ok
178,14,0.025107480653482374,3.0,ok
178,15,0.0527944969905417,3.0,ok
178,16,0.01702493551160791,3.0,ok
178,17,0.009114359415305246,3.0,ok
178,18,0.08374892519346518,3.0,ok
178,19,0.016680997420464316,3.0,ok
178,20,0.009630266552020636,3.0,ok
178,21,0.01702493551160791,3.0,ok
178,22,0.010834049871023215,3.0,ok
178,23,0.01049011177987962,3.0,ok
178,24,0.009286328460877041,3.0,ok
178,25,0.009286328460877041,3.0,ok
178,26,0.013585554600171969,3.0,ok
178,27,0.10369733447979364,3.0,ok
178,28,0.012037833190025795,3.0,ok
178,29,0.008770421324161651,3.0,ok
178,30,0.01840068787618229,3.0,ok
178,31,0.021324161650902836,3.0,ok
178,32,0.005846947549441101,3.0,ok
178,33,0.01599312123817713,3.0,ok
179,0,0.975,0.0,ok
179,1,0.9719626168224299,1.0,ok
179,2,0.9761904761904762,3.0,ok
179,3,0.8947368421052632,2.0,ok
179,4,0.0,,no_overlapping_cluster
179,5,0.024657534246575342,7.0,ok
179,6,0.9623655913978495,5.0,ok
179,7,0.0,,no_overlapping_cluster
179,8,0.9468085106382979,4.0,ok
179,9,0.9150943396226415,6.0,ok
179,10,0.9183673469387755,9.0,ok
179,11,0.5362318840579711,8.0,ok
179,12,0.9196428571428571,10.0,ok
179,13,0.7518796992481203,11.0,ok
179,14,0.8344827586206897,17.0,ok
179,15,0.8782608695652174,7.0,ok
179,16,0.5443037974683544,15.0,ok
179,17,0.6933333333333334,13.0,ok
179,18,0.82421875,16.0,ok
179,19,0.875,12.0,ok
179,20,0.7741935483870968,21.0,ok
179,21,0.7083333333333334,22.0,ok
179,22,0.8472222222222222,14.0,ok
179,23,0.7230769230769231,25.0,ok
179,24,0.6181818181818182,23.0,ok
179,25,0.5176470588235295,24.0,ok
179,26,0.8454545454545455,29.0,ok
179,27,0.7745664739884393,28.0,ok
179,28,0.7941176470588235,19.0,ok
179,29,0.7272727272727273,20.0,ok
179,30,0.7746478873239436,26.0,ok
179,31,0.6428571428571429,27.0,ok
179,32,0.11961722488038277,18.0,ok
179,33,0.4827586206896552,18.0,ok
180,0,0.975,0.0,ok
180,1,0.968421052631579,1.0,ok
180,2,0.7962962962962963,2.0,ok
180,3,0.0,,no_overlapping_cluster
180,4,0.9487179487179487,4.0,ok
180,5,0.002881844380403458,5.0,ok
180,6,0.95822454308094,9.0,ok
180,7,0.02564102564102564,2.0,ok
180,8,0.9587628865979382,3.0,ok
180,9,0.9065420560747663,15.0,ok
180,10,0.92,13.0,ok
180,11,0.8,8.0,ok
180,12,0.9206349206349206,18.0,ok
180,13,0.8421052631578947,17.0,ok
180,14,0.8980891719745223,6.0,ok
180,15,0.9096573208722741,5.0,ok
180,16,0.6868686868686869,12.0,ok
180,17,0.8,11.0,ok
180,18,0.8023715415019763,16.0,ok
180,19,0.8817204301075269,10.0,ok
180,20,0.7083333333333334,7.0,ok
180,21,0.6791044776119403,20.0,ok
180,22,0.7169811320754716,19.0,ok
180,23,0.8103448275862069,27.0,ok
180,24,0.6981132075471698,21.0,ok
180,25,0.6285714285714286,22.0,ok
180,26,0.85,24.0,ok
180,27,0.7803138373751783,23.0,ok
180,28,0.8309859154929577,28.0,ok
180,29,0.8125,29.0,ok
180,30,0.8130081300813008,25.0,ok
180,31,0.7166666666666667,26.0,ok
180,32,0.5777777777777777,31.0,ok
180,33,0.7652173913043478,30.0,ok
181,0,0.9814814814814815,0.0,ok
181,1,0.9090909090909091,1.0,ok
181,2,0.8974358974358975,3.0,ok
181,3,0.9534883720930233,2.0,ok
181,4,0.8205128205128205,4.0,ok
181,5,0.875,5.0,ok
181,6,0.9553805774278216,9.0,ok
181,7,0.02727272727272727,8.0,ok
181,8,0.851063829787234,8.0,ok
181,9,0.9166666666666666,10.0,ok
181,10,0.9767441860465116,21.0,ok
181,11,0.8076923076923077,11.0,ok
181,12,0.9421487603305785,13.0,ok
181,13,0.7384615384615385,14.0,ok
181,14,0.8518518518518519,7.0,ok
181,15,0.904320987654321,6.0,ok
181,16,0.78,16.0,ok
181,17,0.47692307692307695,12.0,ok
181,18,0.6673553719008265,30.0,ok
181,19,0.611764705882353,26.0,ok
181,20,0.7346938775510204,18.0,ok
181,21,0.7352941176470589,22.0,ok
181,22,0.796875,15.0,ok
181,23,0.8,17.0,ok
181,24,0.7636363636363637,24.0,ok
181,25,0.5942028985507246,23.0,ok
181,26,0.6808510638297872,29.0,ok
181,27,0.7903469079939668,27.0,ok
181,28,0.7840909090909091,25.0,ok
181,29,0.8214285714285714,28.0,ok
181,30,0.8492063492063492,19.0,ok
181,31,0.6666666666666666,20.0,ok
181,32,0.32142857142857145,32.0,ok
181,33,0.7037037037037037,31.0,ok
182,0,0.9640718562874252,0.0,ok
182,1,0.9775280898876404,1.0,ok
182,2,0.8,2.0,ok
182,3,0.0,,no_overlapping_cluster
182,4,0.0,,no_overlapping_cluster
182,5,0.009900990099009901,23.0,ok
182,6,0.9523809523809523,5.0,ok
182,7,0.016260162601626018,3.0,ok
182,8,0.8846153846153846,3.0,ok
182,9,0.9327731092436975,4.0,ok
182,10,0.8333333333333334,12.0,ok
182,11,0.8571428571428571,6.0,ok
182,12,0.9099099099099099,7.0,ok
182,13,0.4214876033057851,8.0,ok
182,14,0.8496732026143791,17.0,ok
182,15,0.908284023668639,9.0,ok
182,16,0.6415094339622641,15.0,ok
182,17,0.0,,no_overlapping_cluster
182,18,0.8,11.0,ok
182,19,0.9292929292929293,10.0,ok
182,20,0.7333333333333333,14.0,ok
182,21,0.558282208588957,18.0,ok
182,22,0.7681159420289855,13.0,ok
182,23,0.7702702702702703,23.0,ok
182,24,0.19393939393939394,18.0,ok
182,25,0.6857142857142857,20.0,ok
182,26,0.7722772277227723,21.0,ok
182,27,0.7600574712643678,22.0,ok
182,28,0.42028985507246375,16.0,ok
182,29,0.3049645390070922,16.0,ok
182,30,0.8362068965517241,24.0,ok
182,31,0.7662337662337663,25.0,ok
182,32,0.1848341232227488,19.0,ok
182,33,0.4046511627906977,19.0,ok
183,0,0.9636363636363636,0.0,ok
183,1,0.9560439560439561,1.0,ok
183,2,0.9512195121951219,2.0,ok
183,3,0.9743589743589743,3.0,ok
183,4,0.0,,no_overlapping_cluster
183,5,0.0029498525073746312,10.0,ok
183,6,0.9571045576407506,8.0,ok
183,7,0.020202020202020204,9.0,ok
183,8,0.7127659574468085,9.0,ok
183,9,0.9230769230769231,7.0,ok
183,10,0.8888888888888888,4.0,ok
183,11,0.8518518518518519,11.0,ok
183,12,0.9338842975206612,15.0,ok
183,13,0.6446280991735537,14.0,ok
183,14,0.8597560975609756,13.0,ok
183,15,0.922360248447205,10.0,ok
183,16,0.8932038834951457,12.0,ok
183,17,0.5384615384615384,5.0,ok
183,18,0.8175046554934823,6.0,ok
183,19,0.8962264150943396,16.0,ok
183,20,0.8490566037735849,18.0,ok
183,21,0.6608695652173913,20.0,ok
183,22,0.8405797101449275,19.0,ok
183,23,0.8153846153846154,17.0,ok
183,24,0.6296296296296297,22.0,ok
183,25,0.6290322580645161,23.0,ok
183,26,0.8557692307692307,24.0,ok
183,27,0.8141210374639769,26.0,ok
183,28,0.5,21.0,ok
183,29,0.2846715328467153,21.0,ok
183,30,0.7739130434782608,27.0,ok
183,31,0.8111888111888111,28.0,ok
183,32,0.1722488038277512,25.0,ok
183,33,0.44339622641509435,25.0,ok
184,0,0.9819277108433735,0.0,ok
184,1,0.96875,2.0,ok
184,2,0.9555555555555556,1.0,ok
184,3,0.9761904761904762,3.0,ok
184,4,0.0,,no_overlapping_cluster
184,5,0.028985507246376812,13.0,ok
184,6,0.9453125,9.0,ok
184,7,0.015306122448979591,9.0,ok
184,8,0.5757575757575758,5.0,ok
184,9,0.9532710280373832,10.0,ok
184,10,0.94,4.0,ok
184,11,0.8541666666666666,12.0,ok
184,12,0.9180327868852459,15.0,ok
184,13,0.7286821705426356,14.0,ok
184,14,0.8364779874213837,11.0,ok
184,15,0.9035369774919614,8.0,ok
184,16,0.8773584905660378,18.0,ok
184,17,0.6774193548387096,7.0,ok
184,18,0.7057613168724279,29.0,ok
184,19,0.7222222222222222,26.0,ok
184,20,0.819672131147541,21.0,ok
184,21,0.7441860465116279,25.0,ok
184,22,0.8245614035087719,24.0,ok
184,23,0.7540983606557377,16.0,ok
184,24,0.673469387755102,22.0,ok
184,25,0.6962025316455697,19.0,ok
184,26,0.6056338028169014,23.0,ok
184,27,0.7608108108108108,27.0,ok
184,28,0.7590361445783133,28.0,ok
184,29,0.7647058823529411,31.0,ok
184,30,0.8244274809160306,17.0,ok
184,31,0.782312925170068,20.0,ok
184,32,0.0,,no_overlapping_cluster
184,33,0.7868852459016393,30.0,ok
185,0,0.9340659340659341,0.0,ok
185,1,0.9897959183673469,1.0,ok
185,2,0.007364274704572701,2.0,ok
185,3,0.006165439287549238,2.0,ok
185,4,0.005994177085117315,2.0,ok
185,5,0.005994177085117315,2.0,ok
185,6,0.06267123287671234,2.0,ok
185,7,0.0051378660729576985,2.0,ok
185,8,0.014899811611577324,2.0,ok
185,9,0.01712622024319233,2.0,ok
185,10,0.00890563452646001,2.0,ok
185,11,0.007364274704572701,2.0,ok
185,12,0.020722726494262718,2.0,ok
185,13,0.020037677684535023,2.0,ok
185,14,0.02825826340126734,2.0,ok
185,15,0.05086487412228121,2.0,ok
185,16,0.01575612262373694,2.0,ok
185,17,0.03139013452914798,0.0,ok
185,18,0.0794656619284124,2.0,ok
185,19,0.014899811611577324,2.0,ok
185,20,0.009248158931323858,2.0,ok
185,21,0.017468744648056173,2.0,ok
185,22,0.009076896728891934,2.0,ok
185,23,0.00941942113375578,2.0,ok
185,24,0.008049323514300395,2.0,ok
185,25,0.009076896728891934,2.0,ok
185,26,0.015413598218873096,2.0,ok
185,27,0.10633561643835616,2.0,ok
185,28,0.011132043158075013,2.0,ok
185,29,0.008049323514300395,2.0,ok
185,30,0.017640006850488096,2.0,ok
185,31,0.022606610721013873,2.0,ok
185,32,0.005651652680253468,2.0,ok
185,33,0.015927384826168865,2.0,ok
186,0,0.9132947976878613,0.0,ok
186,1,0.96875,1.0,ok
186,2,0.8372093023255814,2.0,ok
186,3,0.0,,no_overlapping_cluster
186,4,0.0,,no_overlapping_cluster
186,5,0.0028089887640449437,5.0,ok
186,6,0.9633802816901409,8.0,ok
186,7,0.008333333333333333,4.0,ok
186,8,0.9387755102040817,4.0,ok
186,9,0.9051724137931034,9.0,ok
186,10,0.9038461538461539,3.0,ok
186,11,0.8245614035087719,7.0,ok
186,12,0.9,10.0,ok
186,13,0.7674418604651163,11.0,ok
186,14,0.891566265060241,15.0,ok
186,15,0.9212121212121213,5.0,ok
186,16,0.865979381443299,14.0,ok
186,17,0.032407407407407406,0.0,ok
186,18,0.809437386569873,12.0,ok
186,19,0.8725490196078431,6.0,ok
186,20,0.6808510638297872,13.0,ok
186,21,0.6923076923076923,17.0,ok
186,22,0.7936507936507936,18.0,ok
186,23,0.6935483870967742,22.0,ok
186,24,0.7017543859649122,16.0,ok
186,25,0.7352941176470589,21.0,ok
186,26,0.6831683168316832,25.0,ok
186,27,0.7825464949928469,27.0,ok
186,28,0.8205128205128205,19.0,ok
186,29,0.7818181818181819,20.0,ok
186,30,0.7633587786259542,24.0,ok
186,31,0.7261904761904762,23.0,ok
186,32,0.15311004784688995,26.0,ok
186,33,0.45714285714285713,26.0,ok
187,0,0.9940119760479041,0.0,ok
187,1,0.9456521739130435,2.0,ok
187,2,0.9777777777777777,1.0,ok
187,3,0.9736842105263158,3.0,ok
187,4,0.9210526315789473,4.0,ok
187,5,0.0058997050147492625,5.0,ok
187,6,0.9451697127937336,18.0,ok
187,7,0.0,,no_overlapping_cluster
187,8,0.9714285714285714,7.0,ok
187,9,0.8846153846153846,17.0,ok
187,10,0.8888888888888888,6.0,ok
187,11,0.7727272727272727,13.0,ok
187,12,0.8983050847457628,19.0,ok
187,13,0.6910569105691057,20.0,ok
187,14,0.89171974522293,8.0,ok
187,15,0.9093851132686084,5.0,ok
187,16,0.8899082568807339,9.0,ok
187,17,0.676923076923077,12.0,ok
187,18,0.8136272545090181,14.0,ok
187,19,0.5760869565217391,24.0,ok
187,20,0.007407407407407408,26.0,ok
187,21,0.6486486486486487,26.0,ok
187,22,0.7941176470588235,11.0,ok
187,23,0.7571428571428571,23.0,ok
187,24,0.3524590163934426,27.0,ok
187,25,0.32061068702290074,27.0,ok
187,26,0.8095238095238095,10.0,ok
187,27,0.7688953488372093,25.0,ok
187,28,0.475,22.0,ok
187,29,0.35964912280701755,22.0,ok
187,30,0.723404255319149,15.0,ok
187,31,0.5263157894736842,16.0,ok
187,32,0.19072164948453607,21.0,ok
187,33,0.47959183673469385,21.0,ok
188,0,0.9754601226993865,0.0,ok
188,1,0.9789473684210527,1.0,ok
188,2,0.8723404255319149,2.0,ok
188,3,0.8222222222222222,3.0,ok
188,4,0.9473684210526315,4.0,ok
188,5,0.9285714285714286,6.0,ok
188,6,0.9528795811518325,8.0,ok
188,7,0.10227272727272728,7.0,ok
188,8,0.5145631067961165,7.0,ok
188,9,0.8807339449541285,11.0,ok
188,10,0.9130434782608695,17.0,ok
188,11,0.9387755102040817,9.0,ok
188,12,0.9166666666666666,12.0,ok
188,13,0.5307692307692308,13.0,ok
188,14,0.8701298701298701,10.0,ok
188,15,0.9061488673139159,5.0,ok
188,16,0.8532110091743119,15.0,ok
188,17,0.6065573770491803,16.0,ok
188,18,0.722567287784679,22.0,ok
188,19,0.7555555555555555,14.0,ok
188,20,0.0,,no_overlapping_cluster
188,21,0.7906976744186046,20.0,ok
188,22,0.7719298245614035,18.0,ok
188,23,0.8064516129032258,19.0,ok
188,24,0.47435897435897434,21.0,ok
188,25,0.1308411214953271,21.0,ok
188,26,0.7419354838709677,28.0,ok
188,27,0.7529239766081871,29.0,ok
188,28,0.7341772151898734,26.0,ok
188,29,0.5272727272727272,27.0,ok
188,30,0.7563025210084033,23.0,ok
188,31,0.7564102564102564,24.0,ok
188,32,0.18181818181818182,25.0,ok
188,33,0.49206349206349204,25.0,ok
189,0,0.9709302325581395,0.0,ok
189,1,0.99,2.0,ok
189,2,0.9183673469387755,1.0,ok
189,3,0.0006944444444444445,4.0,ok
189,4,0.8974358974358975,3.0,ok
189,5,0.005764192139737992,4.0,ok
189,6,0.06741180579811387,4.0,ok
189,7,0.025974025974025976,1.0,ok
189,8,0.014672489082969432,4.0,ok
189,9,0.01799126637554585,4.0,ok
189,10,0.008733624454148471,4.0,ok
189,11,0.007510917030567685,4.0,ok
189,12,0.017117903930131004,4.0,ok
189,13,0.020786026200873362,4.0,ok
189,14,0.026550218340611352,4.0,ok
189,15,0.054672489082969435,4.0,ok
189,16,0.01816593886462882,4.0,ok
189,17,0.009256025148445686,4.0,ok
189,18,0.0829549423681453,4.0,ok
189,19,0.016419213973799127,4.0,ok
189,20,0.008384279475982533,4.0,ok
189,21,0.01781659388646288,4.0,ok
189,22,0.010131004366812227,4.0,ok
189,23,0.00943231441048035,4.0,ok
189,24,0.00925764192139738,4.0,ok
189,25,0.00943231441048035,4.0,ok
189,26,0.01554585152838428,4.0,ok
189,27,0.10585152838427947,4.0,ok
189,28,0.011875654907439748,4.0,ok
189,29,0.008384279475982533,4.0,ok
189,30,0.019737991266375546,4.0,ok
189,31,0.023755458515283844,4.0,ok
189,32,0.0055895196506550214,4.0,ok
189,33,0.017467248908296942,4.0,ok
190,0,0.9526627218934911,0.0,ok
190,1,0.978494623655914,1.0,ok
190,2,0.9285714285714286,2.0,ok
190,3,0.013333333333333334,3.0,ok
190,4,0.8292682926829268,3.0,ok
190,5,0.0031847133757961785,15.0,ok
190,6,0.9598930481283422,7.0,ok
190,7,0.005141388174807198,7.0,ok
190,8,0.8631578947368421,6.0,ok
190,9,0.8828828828828829,5.0,ok
190,10,0.9318181818181818,4.0,ok
190,11,0.9230769230769231,8.0,ok
190,12,0.9099099099099099,10.0,ok
190,13,0.7697368421052632,11.0,ok
190,14,0.8987341772151899,14.0,ok
190,15,0.912751677852349,15.0,ok
190,16,0.8796296296296297,9.0,ok
190,17,0.6585365853658537,12.0,ok
190,18,0.8326923076923077,18.0,ok
190,19,0.7471264367816092,13.0,ok
190,20,0.5892857142857143,19.0,ok
190,21,0.7264957264957265,21.0,ok
190,22,0.8928571428571429,16.0,ok
190,23,0.7741935483870968,23.0,ok
190,24,0.7547169811320755,22.0,ok
190,25,0.5423728813559322,20.0,ok
190,26,0.7777777777777778,26.0,ok
190,27,0.7485029940119761,27.0,ok
190,28,0.6813186813186813,17.0,ok
190,29,0.76,28.0,ok
190,30,0.7391304347826086,24.0,ok
190,31,0.7468354430379747,25.0,ok
190,32,0.17857142857142858,29.0,ok
190,33,0.6024096385542169,29.0,ok
191,0,0.978021978021978,0.0,ok
191,1,1.0,2.0,ok
191,2,0.9761904761904762,1.0,ok
191,3,0.002512562814070352,6.0,ok
191,4,0.0,,no_overlapping_cluster
191,5,0.011764705882352941,20.0,ok
191,6,0.9572192513368984,6.0,ok
191,7,0.014084507042253521,1.0,ok
191,8,0.9611650485436893,3.0,ok
191,9,0.8859649122807017,9.0,ok
191,10,0.8596491228070176,4.0,ok
191,11,0.7959183673469388,10.0,ok
191,12,0.9217391304347826,12.0,ok
191,13,0.8345323741007195,11.0,ok
191,14,0.8481012658227848,5.0,ok
191,15,0.9122257053291536,8.0,ok
191,16,0.5486725663716814,15.0,ok
191,17,0.6219512195121951,7.0,ok
191,18,0.7602230483271375,21.0,ok
191,19,0.75,14.0,ok
191,20,0.7666666666666667,13.0,ok
191,21,0.7008547008547008,18.0,ok
191,22,0.8490566037735849,16.0,ok
191,23,0.7761194029850746,20.0,ok
191,24,0.6363636363636364,17.0,ok
191,25,0.569620253164557,19.0,ok
191,26,0.8,22.0,ok
191,27,0.7997138769670958,27.0,ok
191,28,0.6962025316455697,23.0,ok
191,29,0.7547169811320755,24.0,ok
191,30,0.8547008547008547,25.0,ok
191,31,0.7368421052631579,26.0,ok
191,32,0.14418604651162792,28.0,ok
191,33,0.41284403669724773,28.0,ok
192,0,0.9702380952380952,0.0,ok
192,1,0.9666666666666667,4.0,ok
192,2,0.9387755102040817,1.0,ok
192,3,0.9069767441860465,2.0,ok
192,4,0.0,,no_overlapping_cluster
192,5,0.9487179487179487,5.0,ok
192,6,0.961439588688946,9.0,ok
192,7,0.20634920634920634,3.0,ok
192,8,0.7076923076923077,3.0,ok
192,9,0.8461538461538461,11.0,ok
192,10,0.9433962264150944,8.0,ok
192,11,0.7894736842105263,10.0,ok
192,12,0.9035087719298246,12.0,ok
192,13,0.6744186046511628,13.0,ok
192,14,0.8588957055214724,7.0,ok
192,15,0.9281045751633987,6.0,ok
192,16,0.8461538461538461,15.0,ok
192,17,0.02882882882882883,16.0,ok
192,18,0.7659574468085106,16.0,ok
192,19,0.75,18.0,ok
192,20,0.7272727272727273,14.0,ok
192,21,0.6721311475409836,21.0,ok
192,22,0.8571428571428571,17.0,ok
192,23,0.8064516129032258,23.0,ok
192,24,0.47692307692307695,22.0,ok
192,25,0.0,,no_overlapping_cluster
192,26,0.9292929292929293,27.0,ok
192,27,0.7708333333333334,26.0,ok
192,28,0.44166666666666665,19.0,ok
192,29,0.3448275862068966,19.0,ok
192,30,0.7479674796747967,25.0,ok
192,31,0.7639751552795031,24.0,ok
192,32,0.17258883248730963,20.0,ok
192,33,0.46534653465346537,20.0,ok
193,0,0.9875,0.0,ok
193,1,0.945054945054945,1.0,ok
193,2,0.9074074074074074,2.0,ok
193,3,0.9090909090909091,3.0,ok
193,4,0.9444444444444444,4.0,ok
193,5,0.0,,no_overlapping_cluster
193,6,0.9400544959128065,6.0,ok
193,7,0.06504065040650407,5.0,ok
193,8,0.8715596330275229,5.0,ok
193,9,0.9150943396226415,7.0,ok
193,10,0.8909090909090909,18.0,ok
193,11,0.7872340425531915,13.0,ok
193,12,0.967741935483871,15.0,ok
193,13,0.696969696969697,16.0,ok
193,14,0.9038461538461539,10.0,ok
193,15,0.9192546583850931,12.0,ok
193,16,0.6732673267326733,11.0,ok
193,17,0.6666666666666666,8.0,ok
193,18,0.7840909090909091,9.0,ok
193,19,0.7582417582417582,21.0,ok
193,20,0.7746478873239436,14.0,ok
193,21,0.5497076023391813,19.0,ok
193,22,0.8307692307692308,17.0,ok
193,23,0.71875,20.0,ok
193,24,0.20118343195266272,19.0,ok
193,25,0.5625,23.0,ok
193,26,0.7176470588235294,27.0,ok
193,27,0.7780938833570412,24.0,ok
193,28,0.7246376811594203,28.0,ok
193,29,0.7543859649122807,29.0,ok
193,30,0.8333333333333334,25.0,ok
193,31,0.7352941176470589,26.0,ok
193,32,0.5789473684210527,30.0,ok
193,33,0.6575342465753424,31.0,ok
194,0,0.9367816091954023,1.0,ok
194,1,0.9690721649484536,0.0,ok
194,2,0.8863636363636364,2.0,ok
194,3,0.0,,no_overlapping_cluster
194,4,0.0,,no_overlapping_cluster
194,5,0.0,,no_overlapping_cluster
194,6,0.8860759493670886,10.0,ok
194,7,0.06923076923076923,10.0,ok
194,8,0.94,4.0,ok
194,9,0.8543689320388349,11.0,ok
194,10,0.9166666666666666,3.0,ok
194,11,0.8936170212765957,8.0,ok
194,12,0.9203539823008849,13.0,ok
194,13,0.8707482993197279,14.0,ok
194,14,0.8181818181818182,7.0,ok
194,15,0.9164086687306502,5.0,ok
194,16,0.8235294117647058,12.0,ok
194,17,0.6610169491525424,9.0,ok
194,18,0.7996219281663516,15.0,ok
194,19,0.7745098039215687,17.0,ok
194,20,0.8225806451612904,6.0,ok
194,21,0.42696629213483145,18.0,ok
194,22,0.7777777777777778,16.0,ok
194,23,0.7741935483870968,21.0,ok
194,24,0.2962962962962963,18.0,ok
194,25,0.6210526315789474,20.0,ok
194,26,0.723404255319149,19.0,ok
194,27,0.7544378698224852,26.0,ok
194,28,0.7529411764705882,24.0,ok
194,29,0.7962962962962963,27.0,ok
194,30,0.7719298245614035,22.0,ok
194,31,0.7837837837837838,23.0,ok
194,32,0.3770491803278688,25.0,ok
194,33,0.6363636363636364,28.0,ok
195,0,0.9578313253012049,0.0,ok
195,1,0.9896907216494846,2.0,ok
195,2,0.8636363636363636,1.0,ok
195,3,0.005844937252879491,3.0,ok
195,4,0.005501117414474815,3.0,ok
195,5,0.006704486848891181,3.0,ok
195,6,0.06548642145067034,3.0,ok
195,7,0.0049853876568678014,3.0,ok
195,8,0.016328635269852183,3.0,ok
195,9,0.01684717208182912,3.0,ok
195,10,0.009283135636926251,3.0,ok
195,11,0.007907856283307547,3.0,ok
195,12,0.019597730789066528,3.0,ok
195,13,0.020801100223482895,3.0,ok
195,14,0.026474127557160047,3.0,ok
195,15,0.048650507134261646,3.0,ok
195,16,0.014956162970603403,3.0,ok
195,17,0.008250257820556892,3.0,ok
195,18,0.08182912154031288,3.0,ok
195,19,0.01701908200103146,3.0,ok
195,20,0.00842358604091456,3.0,ok
195,21,0.017190991920233798,3.0,ok
195,22,0.010486505071342616,3.0,ok
195,23,0.01014268523293794,3.0,ok
195,24,0.008251676121712223,3.0,ok
195,25,0.010830324909747292,3.0,ok
195,26,0.014784253051401066,3.0,ok
195,27,0.10830324909747292,3.0,ok
195,28,0.01272133402097301,3.0,ok
195,29,0.008079766202509884,3.0,ok
195,30,0.018050541516245487,3.0,ok
195,31,0.021141285665177038,3.0,ok
195,32,0.006016847172081829,3.0,ok
195,33,0.016675262162626783,3.0,ok
196,0,0.9937888198757764,0.0,ok
196,1,0.98989898989899,1.0,ok
196,2,0.9347826086956522,2.0,ok
196,3,0.9,3.0,ok
196,4,0.0,,no_overlapping_cluster
196,5,0.0,,no_overlapping_cluster
196,6,0.9641025641025641,5.0,ok
196,7,0.0,,no_overlapping_cluster
196,8,0.95,4.0,ok
196,9,0.9428571428571428,7.0,ok
196,10,0.9622641509433962,12.0,ok
196,11,0.8409090909090909,6.0,ok
196,12,0.9292035398230089,8.0,ok
196,13,0.7323943661971831,9.0,ok
196,14,0.8535031847133758,13.0,ok
196,15,0.9085173501577287,11.0,ok
196,16,0.8571428571428571,15.0,ok
196,17,0.8387096774193549,10.0,ok
196,18,0.8187022900763359,14.0,ok
196,19,0.826530612244898,16.0,ok
196,20,0.7755102040816326,17.0,ok
196,21,0.5357142857142857,21.0,ok
196,22,0.25384615384615383,21.0,ok
196,23,0.7846153846153846,19.0,ok
196,24,0.3625,20.0,ok
196,25,0.6103896103896104,18.0,ok
196,26,0.7954545454545454,24.0,ok
196,27,0.7610241820768137,25.0,ok
196,28,0.7846153846153846,27.0,ok
196,29,0.13953488372093023,26.0,ok
196,30,0.8145161290322581,22.0,ok
196,31,0.7482014388489209,23.0,ok
196,32,0.14427860696517414,26.0,ok
196,33,0.4603960396039604,26.0,ok
197,0,0.9171270718232044,1.0,ok
197,1,0.967391304347826,2.0,ok
197,2,0.8723404255319149,0.0,ok
197,3,0.0136986301369863,3.0,ok
197,4,0.868421052631579,3.0,ok
197,5,0.0057306590257879654,8.0,ok
197,6,0.9425587467362925,5.0,ok
197,7,0.049586776859504134,4.0,ok
197,8,0.839622641509434,4.0,ok
197,9,0.9038461538461539,6.0,ok
197,10,0.9245283018867925,7.0,ok
197,11,0.8461538461538461,9.0,ok
197,12,0.9345794392523364,10.0,ok
197,13,0.7037037037037037,11.0,ok
197,14,0.8910256410256411,15.0,ok
197,15,0.921875,8.0,ok
197,16,0.5491803278688525,12.0,ok
197,17,0.03587443946188341,1.0,ok
197,18,0.8333333333333334,14.0,ok
197,19,0.8522727272727273,13.0,ok
197,20,0.8367346938775511,21.0,ok
197,21,0.5298013245033113,27.0,ok
197,22,0.8095238095238095,17.0,ok
197,23,0.7833333333333333,16.0,ok
197,24,0.1780821917808219,27.0,ok
197,25,0.6029411764705882,26.0,ok
197,26,0.7011494252873564,23.0,ok
197,27,0.7523680649526387,22.0,ok
197,28,0.7204301075268817,18.0,ok
197,29,0.7580645161290323,19.0,ok
197,30,0.8292682926829268,24.0,ok
197,31,0.6354679802955665,25.0,ok
197,32,0.12429378531073447,20.0,ok
197,33,0.5502958579881657,20.0,ok
198,0,0.9939759036144579,0.0,ok
198,1,0.8981481481481481,1.0,ok
198,2,0.9807692307692307,2.0,ok
198,3,0.9047619047619048,3.0,ok
198,4,0.005912015301686663,4.0,ok
198,5,0.00539036689271431,4.0,ok
198,6,0.06310848400556328,4.0,ok
198,7,0.0050426012867327424,4.0,ok
198,8,0.015823335072161365,4.0,ok
198,9,0.019127108328986262,4.0,ok
198,10,0.008346374543557642,4.0,ok
198,11,0.007650843331594505,4.0,ok
198,12,0.019996522343940185,4.0,ok
198,13,0.022256998782820378,4.0,ok
198,14,0.025039123630672927,4.0,ok
198,15,0.05268648930620762,4.0,ok
198,16,0.017214397496087636,4.0,ok
198,17,0.008518776077885953,4.0,ok
198,18,0.08033385498174231,4.0,ok
198,19,0.016344983481133717,4.0,ok
198,20,0.007476960528603721,4.0,ok
198,21,0.01842837273991655,4.0,ok
198,22,0.011128499391410189,4.0,ok
198,23,0.010259085376456268,4.0,ok
198,24,0.009215788558511562,4.0,ok
198,25,0.008868022952529996,4.0,ok
198,26,0.014953921057207442,4.0,ok
198,27,0.10641627543035993,4.0,ok
198,28,0.011128499391410189,4.0,ok
198,29,0.00782472613458529,4.0,ok
198,30,0.019996522343940185,4.0,ok
198,31,0.02103981916188489,4.0,ok
198,32,0.006781429316640584,4.0,ok
198,33,0.017214397496087636,4.0,ok
199,0,0.9867549668874173,0.0,ok
199,1,0.979381443298969,1.0,ok
199,2,0.007493188010899182,2.0,ok
199,3,0.006301089918256131,2.0,ok
199,4,0.005960490463215259,2.0,ok
199,5,0.006130790190735695,2.0,ok
199,6,0.0638623978201635,2.0,ok
199,7,0.005108991825613079,2.0,ok
199,8,0.01651907356948229,2.0,ok
199,9,0.018392370572207085,2.0,ok
199,10,0.008344686648501362,2.0,ok
199,11,0.00800408719346049,2.0,ok
199,12,0.01651907356948229,2.0,ok
199,13,0.021628065395095368,2.0,ok
199,14,0.02537465940054496,2.0,ok
199,15,0.052452316076294275,2.0,ok
199,16,0.015837874659400546,2.0,ok
199,17,0.00970708446866485,2.0,ok
199,18,0.08225476839237057,2.0,ok
199,19,0.015497275204359673,2.0,ok
199,20,0.009025885558583106,2.0,ok
199,21,0.017537885237527667,2.0,ok
199,22,0.010217983651226158,2.0,ok
199,23,0.010388283378746595,2.0,ok
199,24,0.007833787465940054,2.0,ok
199,25,0.008855585831062671,2.0,ok
199,26,0.014645776566757493,2.0,ok
199,27,0.10660762942779292,2.0,ok
199,28,0.011920980926430519,2.0,ok
199,29,0.0085149863760218,2.0,ok
199,30,0.018392370572207085,2.0,ok
199,31,0.0194141689373297,2.0,ok
199,32,0.006130790190735695,2.0,ok
199,33,0.016689373297002725,2.0,ok
