pair_id,event_id,threshold,category_id,category_name,register,n_category,n_total,n_assigned,p_all,p_assigned
P01,2023_Australia_GP,0.35,0,DRS-assisted battles,HIGHLIGHT,2,68,65,0.0294117647058823,0.0307692307692307
P01,2023_Australia_GP,0.35,1,Time penalties,HIGHLIGHT,0,68,65,0.0,0.0
P01,2023_Australia_GP,0.35,2,Lights-out race starts,HIGHLIGHT,0,68,65,0.0,0.0
P01,2023_Australia_GP,0.35,3,Mirror checks defending,HIGHLIGHT,1,68,65,0.0147058823529411,0.0153846153846153
P01,2023_Australia_GP,0.35,4,Race start launch,HIGHLIGHT,0,68,65,0.0,0.0
P01,2023_Australia_GP,0.35,5,Weather conditions,HIGHLIGHT,0,68,65,0.0,0.0
P01,2023_Australia_GP,0.35,6,Grand Prix wins,HIGHLIGHT,6,68,65,0.088235294117647,0.0923076923076923
P01,2023_Australia_GP,0.35,7,Race start lights,HIGHLIGHT,0,68,65,0.0,0.0
P01,2023_Australia_GP,0.35,8,Race control flags,HIGHLIGHT,2,68,65,0.0294117647058823,0.0307692307692307
P01,2023_Australia_GP,0.35,9,Formula 1 milestones,HIGHLIGHT,1,68,65,0.0147058823529411,0.0153846153846153
P01,2023_Australia_GP,0.35,10,Chicane moves,HIGHLIGHT,0,68,65,0.0,0.0
P01,2023_Australia_GP,0.35,11,Team radio celebrations,HIGHLIGHT,0,68,65,0.0,0.0
P01,2023_Australia_GP,0.35,12,Podium finishes,HIGHLIGHT,0,68,65,0.0,0.0
P01,2023_Australia_GP,0.35,13,Championship & title,HIGHLIGHT,1,68,65,0.0147058823529411,0.0153846153846153
P01,2023_Australia_GP,0.35,14,Pit stops,HIGHLIGHT,1,68,65,0.0147058823529411,0.0153846153846153
P01,2023_Australia_GP,0.35,15,Tires & compounds,HIGHLIGHT,0,68,65,0.0,0.0
P01,2023_Australia_GP,0.35,16,Safety car deployment,HIGHLIGHT,2,68,65,0.0294117647058823,0.0307692307692307
P01,2023_Australia_GP,0.35,17,Gap & pace,HIGHLIGHT,1,68,65,0.0147058823529411,0.0153846153846153
P01,2023_Australia_GP,0.35,18,Team dynamics,HIGHLIGHT,3,68,65,0.0441176470588235,0.0461538461538461
P01,2023_Australia_GP,0.35,19,Race lead holding,HIGHLIGHT,1,68,65,0.0147058823529411,0.0153846153846153
P01,2023_Australia_GP,0.35,20,Wing & car damage,HIGHLIGHT,2,68,65,0.0294117647058823,0.0307692307692307
P01,2023_Australia_GP,0.35,21,Braking & lockups,HIGHLIGHT,2,68,65,0.0294117647058823,0.0307692307692307
P01,2023_Australia_GP,0.35,22,Wheel-to-wheel,HIGHLIGHT,3,68,65,0.0441176470588235,0.0461538461538461
P01,2023_Australia_GP,0.35,23,Circuit action,HIGHLIGHT,3,68,65,0.0441176470588235,0.0461538461538461
P01,2023_Australia_GP,0.35,24,Inter-car distance,HIGHLIGHT,4,68,65,0.0588235294117647,0.0615384615384615
P01,2023_Australia_GP,0.35,25,Driver & team references,HIGHLIGHT,4,68,65,0.0588235294117647,0.0615384615384615
P01,2023_Australia_GP,0.35,26,Defending & attacking,HIGHLIGHT,3,68,65,0.0441176470588235,0.0461538461538461
P01,2023_Australia_GP,0.35,27,Overtake battles,HIGHLIGHT,11,68,65,0.1617647058823529,0.1692307692307692
P01,2023_Australia_GP,0.35,28,Corner battles,HIGHLIGHT,3,68,65,0.0441176470588235,0.0461538461538461
P01,2023_Australia_GP,0.35,29,Corner specific moves,HIGHLIGHT,4,68,65,0.0588235294117647,0.0615384615384615
P01,2023_Australia_GP,0.35,30,Lap pace & timing,HIGHLIGHT,0,68,65,0.0,0.0
P01,2023_Australia_GP,0.35,31,Race leader changes,HIGHLIGHT,1,68,65,0.0147058823529411,0.0153846153846153
P01,2023_Australia_GP,0.35,32,Front position changes,HIGHLIGHT,2,68,65,0.0294117647058823,0.0307692307692307
P01,2023_Australia_GP,0.35,33,Field position changes,HIGHLIGHT,2,68,65,0.0294117647058823,0.0307692307692307
P01,2023_Australia_GP,0.4,0,DRS-assisted battles,HIGHLIGHT,2,68,65,0.0294117647058823,0.0307692307692307
P01,2023_Australia_GP,0.4,1,Time penalties,HIGHLIGHT,0,68,65,0.0,0.0
P01,2023_Australia_GP,0.4,2,Lights-out race starts,HIGHLIGHT,0,68,65,0.0,0.0
P01,2023_Australia_GP,0.4,3,Mirror checks defending,HIGHLIGHT,1,68,65,0.0147058823529411,0.0153846153846153
P01,2023_Australia_GP,0.4,4,Race start launch,HIGHLIGHT,0,68,65,0.0,0.0
P01,2023_Australia_GP,0.4,5,Weather conditions,HIGHLIGHT,0,68,65,0.0,0.0
P01,2023_Australia_GP,0.4,6,Grand Prix wins,HIGHLIGHT,6,68,65,0.088235294117647,0.0923076923076923
P01,2023_Australia_GP,0.4,7,Race start lights,HIGHLIGHT,0,68,65,0.0,0.0
P01,2023_Australia_GP,0.4,8,Race control flags,HIGHLIGHT,2,68,65,0.0294117647058823,0.0307692307692307
P01,2023_Australia_GP,0.4,9,Formula 1 milestones,HIGHLIGHT,1,68,65,0.0147058823529411,0.0153846153846153
P01,2023_Australia_GP,0.4,10,Chicane moves,HIGHLIGHT,0,68,65,0.0,0.0
P01,2023_Australia_GP,0.4,11,Team radio celebrations,HIGHLIGHT,0,68,65,0.0,0.0
P01,2023_Australia_GP,0.4,12,Podium finishes,HIGHLIGHT,0,68,65,0.0,0.0
P01,2023_Australia_GP,0.4,13,Championship & title,HIGHLIGHT,1,68,65,0.0147058823529411,0.0153846153846153
P01,2023_Australia_GP,0.4,14,Pit stops,HIGHLIGHT,1,68,65,0.0147058823529411,0.0153846153846153
P01,2023_Australia_GP,0.4,15,Tires & compounds,HIGHLIGHT,0,68,65,0.0,0.0
P01,2023_Australia_GP,0.4,16,Safety car deployment,HIGHLIGHT,2,68,65,0.0294117647058823,0.0307692307692307
P01,2023_Australia_GP,0.4,17,Gap & pace,HIGHLIGHT,1,68,65,0.0147058823529411,0.0153846153846153
P01,2023_Australia_GP,0.4,18,Team dynamics,HIGHLIGHT,3,68,65,0.0441176470588235,0.0461538461538461
P01,2023_Australia_GP,0.4,19,Race lead holding,HIGHLIGHT,1,68,65,0.0147058823529411,0.0153846153846153
P01,2023_Australia_GP,0.4,20,Wing & car damage,HIGHLIGHT,2,68,65,0.0294117647058823,0.0307692307692307
P01,2023_Australia_GP,0.4,21,Braking & lockups,HIGHLIGHT,2,68,65,0.0294117647058823,0.0307692307692307
P01,2023_Australia_GP,0.4,22,Wheel-to-wheel,HIGHLIGHT,3,68,65,0.0441176470588235,0.0461538461538461
P01,2023_Australia_GP,0.4,23,Circuit action,HIGHLIGHT,3,68,65,0.0441176470588235,0.0461538461538461
P01,2023_Australia_GP,0.4,24,Inter-car distance,HIGHLIGHT,4,68,65,0.0588235294117647,0.0615384615384615
P01,2023_Australia_GP,0.4,25,Driver & team references,HIGHLIGHT,4,68,65,0.0588235294117647,0.0615384615384615
P01,2023_Australia_GP,0.4,26,Defending & attacking,HIGHLIGHT,3,68,65,0.0441176470588235,0.0461538461538461
P01,2023_Australia_GP,0.4,27,Overtake battles,HIGHLIGHT,11,68,65,0.1617647058823529,0.1692307692307692
P01,2023_Australia_GP,0.4,28,Corner battles,HIGHLIGHT,3,68,65,0.0441176470588235,0.0461538461538461
P01,2023_Australia_GP,0.4,29,Corner specific moves,HIGHLIGHT,4,68,65,0.0588235294117647,0.0615384615384615
P01,2023_Australia_GP,0.4,30,Lap pace & timing,HIGHLIGHT,0,68,65,0.0,0.0
P01,2023_Australia_GP,0.4,31,Race leader changes,HIGHLIGHT,1,68,65,0.0147058823529411,0.0153846153846153
P01,2023_Australia_GP,0.4,32,Front position changes,HIGHLIGHT,2,68,65,0.0294117647058823,0.0307692307692307
P01,2023_Australia_GP,0.4,33,Field position changes,HIGHLIGHT,2,68,65,0.0294117647058823,0.0307692307692307
P01,2023_Australia_GP,0.45,0,DRS-assisted battles,HIGHLIGHT,2,68,65,0.0294117647058823,0.0307692307692307
P01,2023_Australia_GP,0.45,1,Time penalties,HIGHLIGHT,0,68,65,0.0,0.0
P01,2023_Australia_GP,0.45,2,Lights-out race starts,HIGHLIGHT,0,68,65,0.0,0.0
P01,2023_Australia_GP,0.45,3,Mirror checks defending,HIGHLIGHT,1,68,65,0.0147058823529411,0.0153846153846153
P01,2023_Australia_GP,0.45,4,Race start launch,HIGHLIGHT,0,68,65,0.0,0.0
P01,2023_Australia_GP,0.45,5,Weather conditions,HIGHLIGHT,0,68,65,0.0,0.0
P01,2023_Australia_GP,0.45,6,Grand Prix wins,HIGHLIGHT,6,68,65,0.088235294117647,0.0923076923076923
P01,2023_Australia_GP,0.45,7,Race start lights,HIGHLIGHT,0,68,65,0.0,0.0
P01,2023_Australia_GP,0.45,8,Race control flags,HIGHLIGHT,2,68,65,0.0294117647058823,0.0307692307692307
P01,2023_Australia_GP,0.45,9,Formula 1 milestones,HIGHLIGHT,1,68,65,0.0147058823529411,0.0153846153846153
P01,2023_Australia_GP,0.45,10,Chicane moves,HIGHLIGHT,0,68,65,0.0,0.0
P01,2023_Australia_GP,0.45,11,Team radio celebrations,HIGHLIGHT,0,68,65,0.0,0.0
P01,2023_Australia_GP,0.45,12,Podium finishes,HIGHLIGHT,0,68,65,0.0,0.0
P01,2023_Australia_GP,0.45,13,Championship & title,HIGHLIGHT,1,68,65,0.0147058823529411,0.0153846153846153
P01,2023_Australia_GP,0.45,14,Pit stops,HIGHLIGHT,1,68,65,0.0147058823529411,0.0153846153846153
P01,2023_Australia_GP,0.45,15,Tires & compounds,HIGHLIGHT,0,68,65,0.0,0.0
P01,2023_Australia_GP,0.45,16,Safety car deployment,HIGHLIGHT,2,68,65,0.0294117647058823,0.0307692307692307
P01,2023_Australia_GP,0.45,17,Gap & pace,HIGHLIGHT,1,68,65,0.0147058823529411,0.0153846153846153
P01,2023_Australia_GP,0.45,18,Team dynamics,HIGHLIGHT,3,68,65,0.0441176470588235,0.0461538461538461
P01,2023_Australia_GP,0.45,19,Race lead holding,HIGHLIGHT,1,68,65,0.0147058823529411,0.0153846153846153
P01,2023_Australia_GP,0.45,20,Wing & car damage,HIGHLIGHT,2,68,65,0.0294117647058823,0.0307692307692307
P01,2023_Australia_GP,0.45,21,Braking & lockups,HIGHLIGHT,2,68,65,0.0294117647058823,0.0307692307692307
P01,2023_Australia_GP,0.45,22,Wheel-to-wheel,HIGHLIGHT,3,68,65,0.0441176470588235,0.0461538461538461
P01,2023_Australia_GP,0.45,23,Circuit action,HIGHLIGHT,3,68,65,0.0441176470588235,0.0461538461538461
P01,2023_Australia_GP,0.45,24,Inter-car distance,HIGHLIGHT,4,68,65,0.0588235294117647,0.0615384615384615
P01,2023_Australia_GP,0.45,25,Driver & team references,HIGHLIGHT,4,68,65,0.0588235294117647,0.0615384615384615
P01,2023_Australia_GP,0.45,26,Defending & attacking,HIGHLIGHT,3,68,65,0.0441176470588235,0.0461538461538461
P01,2023_Australia_GP,0.45,27,Overtake battles,HIGHLIGHT,11,68,65,0.1617647058823529,0.1692307692307692
P01,2023_Australia_GP,0.45,28,Corner battles,HIGHLIGHT,3,68,65,0.0441176470588235,0.0461538461538461
P01,2023_Australia_GP,0.45,29,Corner specific moves,HIGHLIGHT,4,68,65,0.0588235294117647,0.0615384615384615
P01,2023_Australia_GP,0.45,30,Lap pace & timing,HIGHLIGHT,0,68,65,0.0,0.0
P01,2023_Australia_GP,0.45,31,Race leader changes,HIGHLIGHT,1,68,65,0.0147058823529411,0.0153846153846153
P01,2023_Australia_GP,0.45,32,Front position changes,HIGHLIGHT,2,68,65,0.0294117647058823,0.0307692307692307
P01,2023_Australia_GP,0.45,33,Field position changes,HIGHLIGHT,2,68,65,0.0294117647058823,0.0307692307692307
P01,2023_Australia_GP,0.35,0,DRS-assisted battles,FULL_RACE,63,2466,1946,0.0255474452554744,0.0323741007194244
P01,2023_Australia_GP,0.35,1,Time penalties,FULL_RACE,21,2466,1946,0.0085158150851581,0.0107913669064748
P01,2023_Australia_GP,0.35,2,Lights-out race starts,FULL_RACE,18,2466,1946,0.0072992700729927,0.0092497430626927
P01,2023_Australia_GP,0.35,3,Mirror checks defending,FULL_RACE,14,2466,1946,0.0056772100567721,0.0071942446043165
P01,2023_Australia_GP,0.35,4,Race start launch,FULL_RACE,8,2466,1946,0.0032441200324412,0.0041109969167523
P01,2023_Australia_GP,0.35,5,Weather conditions,FULL_RACE,16,2466,1946,0.0064882400648824,0.0082219938335046
P01,2023_Australia_GP,0.35,6,Grand Prix wins,FULL_RACE,114,2466,1946,0.0462287104622871,0.0585817060637204
P01,2023_Australia_GP,0.35,7,Race start lights,FULL_RACE,13,2466,1946,0.0052716950527169,0.0066803699897225
P01,2023_Australia_GP,0.35,8,Race control flags,FULL_RACE,51,2466,1946,0.0206812652068126,0.0262076053442959
P01,2023_Australia_GP,0.35,9,Formula 1 milestones,FULL_RACE,31,2466,1946,0.0125709651257096,0.0159301130524152
P01,2023_Australia_GP,0.35,10,Chicane moves,FULL_RACE,6,2466,1946,0.0024330900243309,0.0030832476875642
P01,2023_Australia_GP,0.35,11,Team radio celebrations,FULL_RACE,45,2466,1946,0.0182481751824817,0.0231243576567317
P01,2023_Australia_GP,0.35,12,Podium finishes,FULL_RACE,47,2466,1946,0.019059205190592,0.0241521068859198
P01,2023_Australia_GP,0.35,13,Championship & title,FULL_RACE,79,2466,1946,0.0320356853203568,0.040596094552929
P01,2023_Australia_GP,0.35,14,Pit stops,FULL_RACE,45,2466,1946,0.0182481751824817,0.0231243576567317
P01,2023_Australia_GP,0.35,15,Tires & compounds,FULL_RACE,80,2466,1946,0.032441200324412,0.0411099691675231
P01,2023_Australia_GP,0.35,16,Safety car deployment,FULL_RACE,91,2466,1946,0.0369018653690186,0.0467625899280575
P01,2023_Australia_GP,0.35,17,Gap & pace,FULL_RACE,68,2466,1946,0.0275750202757502,0.0349434737923946
P01,2023_Australia_GP,0.35,18,Team dynamics,FULL_RACE,147,2466,1946,0.059610705596107,0.0755395683453237
P01,2023_Australia_GP,0.35,19,Race lead holding,FULL_RACE,18,2466,1946,0.0072992700729927,0.0092497430626927
P01,2023_Australia_GP,0.35,20,Wing & car damage,FULL_RACE,36,2466,1946,0.0145985401459854,0.0184994861253854
P01,2023_Australia_GP,0.35,21,Braking & lockups,FULL_RACE,70,2466,1946,0.0283860502838605,0.0359712230215827
P01,2023_Australia_GP,0.35,22,Wheel-to-wheel,FULL_RACE,24,2466,1946,0.0097323600973236,0.0123329907502569
P01,2023_Australia_GP,0.35,23,Circuit action,FULL_RACE,50,2466,1946,0.0202757502027575,0.0256937307297019
P01,2023_Australia_GP,0.35,24,Inter-car distance,FULL_RACE,47,2466,1946,0.019059205190592,0.0241521068859198
P01,2023_Australia_GP,0.35,25,Driver & team references,FULL_RACE,56,2466,1946,0.0227088402270884,0.0287769784172661
P01,2023_Australia_GP,0.35,26,Defending & attacking,FULL_RACE,40,2466,1946,0.016220600162206,0.0205549845837615
P01,2023_Australia_GP,0.35,27,Overtake battles,FULL_RACE,285,2466,1946,0.1155717761557177,0.1464542651593011
P01,2023_Australia_GP,0.35,28,Corner battles,FULL_RACE,48,2466,1946,0.0194647201946472,0.0246659815005138
P01,2023_Australia_GP,0.35,29,Corner specific moves,FULL_RACE,27,2466,1946,0.010948905109489,0.013874614594039
P01,2023_Australia_GP,0.35,30,Lap pace & timing,FULL_RACE,63,2466,1946,0.0255474452554744,0.0323741007194244
P01,2023_Australia_GP,0.35,31,Race leader changes,FULL_RACE,93,2466,1946,0.0377128953771289,0.0477903391572456
P01,2023_Australia_GP,0.35,32,Front position changes,FULL_RACE,46,2466,1946,0.0186536901865369,0.0236382322713257
P01,2023_Australia_GP,0.35,33,Field position changes,FULL_RACE,86,2466,1946,0.0348742903487429,0.0441932168550873
P01,2023_Australia_GP,0.4,0,DRS-assisted battles,FULL_RACE,62,2466,1777,0.0251419302514193,0.0348902644907146
P01,2023_Australia_GP,0.4,1,Time penalties,FULL_RACE,19,2466,1777,0.0077047850770478,0.0106921778277996
P01,2023_Australia_GP,0.4,2,Lights-out race starts,FULL_RACE,9,2466,1777,0.0036496350364963,0.0050647158131682
P01,2023_Australia_GP,0.4,3,Mirror checks defending,FULL_RACE,11,2466,1777,0.0044606650446066,0.0061902082160945
P01,2023_Australia_GP,0.4,4,Race start launch,FULL_RACE,8,2466,1777,0.0032441200324412,0.0045019696117051
P01,2023_Australia_GP,0.4,5,Weather conditions,FULL_RACE,9,2466,1777,0.0036496350364963,0.0050647158131682
P01,2023_Australia_GP,0.4,6,Grand Prix wins,FULL_RACE,111,2466,1777,0.0450121654501216,0.0624648283624085
P01,2023_Australia_GP,0.4,7,Race start lights,FULL_RACE,10,2466,1777,0.0040551500405515,0.0056274620146314
P01,2023_Australia_GP,0.4,8,Race control flags,FULL_RACE,51,2466,1777,0.0206812652068126,0.0287000562746201
P01,2023_Australia_GP,0.4,9,Formula 1 milestones,FULL_RACE,31,2466,1777,0.0125709651257096,0.0174451322453573
P01,2023_Australia_GP,0.4,10,Chicane moves,FULL_RACE,6,2466,1777,0.0024330900243309,0.0033764772087788
P01,2023_Australia_GP,0.4,11,Team radio celebrations,FULL_RACE,27,2466,1777,0.010948905109489,0.0151941474395047
P01,2023_Australia_GP,0.4,12,Podium finishes,FULL_RACE,43,2466,1777,0.0174371451743714,0.024198086662915
P01,2023_Australia_GP,0.4,13,Championship & title,FULL_RACE,60,2466,1777,0.024330900243309,0.0337647720877884
P01,2023_Australia_GP,0.4,14,Pit stops,FULL_RACE,44,2466,1777,0.0178426601784266,0.0247608328643781
P01,2023_Australia_GP,0.4,15,Tires & compounds,FULL_RACE,78,2466,1777,0.0316301703163017,0.0438942037141249
P01,2023_Australia_GP,0.4,16,Safety car deployment,FULL_RACE,81,2466,1777,0.0328467153284671,0.0455824423185143
P01,2023_Australia_GP,0.4,17,Gap & pace,FULL_RACE,59,2466,1777,0.0239253852392538,0.0332020258863252
P01,2023_Australia_GP,0.4,18,Team dynamics,FULL_RACE,138,2466,1777,0.0559610705596107,0.0776589758019133
P01,2023_Australia_GP,0.4,19,Race lead holding,FULL_RACE,18,2466,1777,0.0072992700729927,0.0101294316263365
P01,2023_Australia_GP,0.4,20,Wing & car damage,FULL_RACE,22,2466,1777,0.0089213300892133,0.012380416432189
P01,2023_Australia_GP,0.4,21,Braking & lockups,FULL_RACE,59,2466,1777,0.0239253852392538,0.0332020258863252
P01,2023_Australia_GP,0.4,22,Wheel-to-wheel,FULL_RACE,24,2466,1777,0.0097323600973236,0.0135059088351153
P01,2023_Australia_GP,0.4,23,Circuit action,FULL_RACE,49,2466,1777,0.0198702351987023,0.0275745638716938
P01,2023_Australia_GP,0.4,24,Inter-car distance,FULL_RACE,45,2466,1777,0.0182481751824817,0.0253235790658413
P01,2023_Australia_GP,0.4,25,Driver & team references,FULL_RACE,53,2466,1777,0.0214922952149229,0.0298255486775464
P01,2023_Australia_GP,0.4,26,Defending & attacking,FULL_RACE,31,2466,1777,0.0125709651257096,0.0174451322453573
P01,2023_Australia_GP,0.4,27,Overtake battles,FULL_RACE,279,2466,1777,0.1131386861313868,0.1570061902082161
P01,2023_Australia_GP,0.4,28,Corner battles,FULL_RACE,41,2466,1777,0.0166261151662611,0.0230725942599887
P01,2023_Australia_GP,0.4,29,Corner specific moves,FULL_RACE,22,2466,1777,0.0089213300892133,0.012380416432189
P01,2023_Australia_GP,0.4,30,Lap pace & timing,FULL_RACE,60,2466,1777,0.024330900243309,0.0337647720877884
P01,2023_Australia_GP,0.4,31,Race leader changes,FULL_RACE,93,2466,1777,0.0377128953771289,0.052335396736072
P01,2023_Australia_GP,0.4,32,Front position changes,FULL_RACE,42,2466,1777,0.0170316301703163,0.0236353404614518
P01,2023_Australia_GP,0.4,33,Field position changes,FULL_RACE,82,2466,1777,0.0332522303325223,0.0461451885199774
P01,2023_Australia_GP,0.45,0,DRS-assisted battles,FULL_RACE,62,2466,1608,0.0251419302514193,0.0385572139303482
P01,2023_Australia_GP,0.45,1,Time penalties,FULL_RACE,19,2466,1608,0.0077047850770478,0.0118159203980099
P01,2023_Australia_GP,0.45,2,Lights-out race starts,FULL_RACE,6,2466,1608,0.0024330900243309,0.003731343283582
P01,2023_Australia_GP,0.45,3,Mirror checks defending,FULL_RACE,9,2466,1608,0.0036496350364963,0.0055970149253731
P01,2023_Australia_GP,0.45,4,Race start launch,FULL_RACE,7,2466,1608,0.002838605028386,0.0043532338308457
P01,2023_Australia_GP,0.45,5,Weather conditions,FULL_RACE,6,2466,1608,0.0024330900243309,0.003731343283582
P01,2023_Australia_GP,0.45,6,Grand Prix wins,FULL_RACE,109,2466,1608,0.0442011354420113,0.0677860696517412
P01,2023_Australia_GP,0.45,7,Race start lights,FULL_RACE,8,2466,1608,0.0032441200324412,0.0049751243781094
P01,2023_Australia_GP,0.45,8,Race control flags,FULL_RACE,50,2466,1608,0.0202757502027575,0.031094527363184
P01,2023_Australia_GP,0.45,9,Formula 1 milestones,FULL_RACE,29,2466,1608,0.0117599351175993,0.0180348258706467
P01,2023_Australia_GP,0.45,10,Chicane moves,FULL_RACE,5,2466,1608,0.0020275750202757,0.0031094527363184
P01,2023_Australia_GP,0.45,11,Team radio celebrations,FULL_RACE,17,2466,1608,0.0068937550689375,0.0105721393034825
P01,2023_Australia_GP,0.45,12,Podium finishes,FULL_RACE,41,2466,1608,0.0166261151662611,0.0254975124378109
P01,2023_Australia_GP,0.45,13,Championship & title,FULL_RACE,48,2466,1608,0.0194647201946472,0.0298507462686567
P01,2023_Australia_GP,0.45,14,Pit stops,FULL_RACE,41,2466,1608,0.0166261151662611,0.0254975124378109
P01,2023_Australia_GP,0.45,15,Tires & compounds,FULL_RACE,75,2466,1608,0.0304136253041362,0.0466417910447761
P01,2023_Australia_GP,0.45,16,Safety car deployment,FULL_RACE,73,2466,1608,0.0296025952960259,0.0453980099502487
P01,2023_Australia_GP,0.45,17,Gap & pace,FULL_RACE,42,2466,1608,0.0170316301703163,0.0261194029850746
P01,2023_Australia_GP,0.45,18,Team dynamics,FULL_RACE,130,2466,1608,0.0527169505271695,0.0808457711442786
P01,2023_Australia_GP,0.45,19,Race lead holding,FULL_RACE,16,2466,1608,0.0064882400648824,0.0099502487562189
P01,2023_Australia_GP,0.45,20,Wing & car damage,FULL_RACE,20,2466,1608,0.008110300081103,0.0124378109452736
P01,2023_Australia_GP,0.45,21,Braking & lockups,FULL_RACE,45,2466,1608,0.0182481751824817,0.0279850746268656
P01,2023_Australia_GP,0.45,22,Wheel-to-wheel,FULL_RACE,22,2466,1608,0.0089213300892133,0.0136815920398009
P01,2023_Australia_GP,0.45,23,Circuit action,FULL_RACE,42,2466,1608,0.0170316301703163,0.0261194029850746
P01,2023_Australia_GP,0.45,24,Inter-car distance,FULL_RACE,40,2466,1608,0.016220600162206,0.0248756218905472
P01,2023_Australia_GP,0.45,25,Driver & team references,FULL_RACE,48,2466,1608,0.0194647201946472,0.0298507462686567
P01,2023_Australia_GP,0.45,26,Defending & attacking,FULL_RACE,26,2466,1608,0.0105433901054339,0.0161691542288557
P01,2023_Australia_GP,0.45,27,Overtake battles,FULL_RACE,261,2466,1608,0.1058394160583941,0.1623134328358209
P01,2023_Australia_GP,0.45,28,Corner battles,FULL_RACE,33,2466,1608,0.0133819951338199,0.0205223880597014
P01,2023_Australia_GP,0.45,29,Corner specific moves,FULL_RACE,22,2466,1608,0.0089213300892133,0.0136815920398009
P01,2023_Australia_GP,0.45,30,Lap pace & timing,FULL_RACE,55,2466,1608,0.0223033252230332,0.0342039800995024
P01,2023_Australia_GP,0.45,31,Race leader changes,FULL_RACE,91,2466,1608,0.0369018653690186,0.056592039800995
P01,2023_Australia_GP,0.45,32,Front position changes,FULL_RACE,37,2466,1608,0.0150040551500405,0.0230099502487562
P01,2023_Australia_GP,0.45,33,Field position changes,FULL_RACE,73,2466,1608,0.0296025952960259,0.0453980099502487
P02,2023_Qatar_GP,0.35,0,DRS-assisted battles,HIGHLIGHT,0,50,50,0.0,0.0
P02,2023_Qatar_GP,0.35,1,Time penalties,HIGHLIGHT,2,50,50,0.04,0.04
P02,2023_Qatar_GP,0.35,2,Lights-out race starts,HIGHLIGHT,0,50,50,0.0,0.0
P02,2023_Qatar_GP,0.35,3,Mirror checks defending,HIGHLIGHT,1,50,50,0.02,0.02
P02,2023_Qatar_GP,0.35,4,Race start launch,HIGHLIGHT,1,50,50,0.02,0.02
P02,2023_Qatar_GP,0.35,5,Weather conditions,HIGHLIGHT,1,50,50,0.02,0.02
P02,2023_Qatar_GP,0.35,6,Grand Prix wins,HIGHLIGHT,4,50,50,0.08,0.08
P02,2023_Qatar_GP,0.35,7,Race start lights,HIGHLIGHT,0,50,50,0.0,0.0
P02,2023_Qatar_GP,0.35,8,Race control flags,HIGHLIGHT,0,50,50,0.0,0.0
P02,2023_Qatar_GP,0.35,9,Formula 1 milestones,HIGHLIGHT,1,50,50,0.02,0.02
P02,2023_Qatar_GP,0.35,10,Chicane moves,HIGHLIGHT,0,50,50,0.0,0.0
P02,2023_Qatar_GP,0.35,11,Team radio celebrations,HIGHLIGHT,1,50,50,0.02,0.02
P02,2023_Qatar_GP,0.35,12,Podium finishes,HIGHLIGHT,1,50,50,0.02,0.02
P02,2023_Qatar_GP,0.35,13,Championship & title,HIGHLIGHT,1,50,50,0.02,0.02
P02,2023_Qatar_GP,0.35,14,Pit stops,HIGHLIGHT,2,50,50,0.04,0.04
P02,2023_Qatar_GP,0.35,15,Tires & compounds,HIGHLIGHT,3,50,50,0.06,0.06
P02,2023_Qatar_GP,0.35,16,Safety car deployment,HIGHLIGHT,1,50,50,0.02,0.02
P02,2023_Qatar_GP,0.35,17,Gap & pace,HIGHLIGHT,0,50,50,0.0,0.0
P02,2023_Qatar_GP,0.35,18,Team dynamics,HIGHLIGHT,8,50,50,0.16,0.16
P02,2023_Qatar_GP,0.35,19,Race lead holding,HIGHLIGHT,0,50,50,0.0,0.0
P02,2023_Qatar_GP,0.35,20,Wing & car damage,HIGHLIGHT,0,50,50,0.0,0.0
P02,2023_Qatar_GP,0.35,21,Braking & lockups,HIGHLIGHT,5,50,50,0.1,0.1
P02,2023_Qatar_GP,0.35,22,Wheel-to-wheel,HIGHLIGHT,3,50,50,0.06,0.06
P02,2023_Qatar_GP,0.35,23,Circuit action,HIGHLIGHT,1,50,50,0.02,0.02
P02,2023_Qatar_GP,0.35,24,Inter-car distance,HIGHLIGHT,0,50,50,0.0,0.0
P02,2023_Qatar_GP,0.35,25,Driver & team references,HIGHLIGHT,2,50,50,0.04,0.04
P02,2023_Qatar_GP,0.35,26,Defending & attacking,HIGHLIGHT,3,50,50,0.06,0.06
P02,2023_Qatar_GP,0.35,27,Overtake battles,HIGHLIGHT,2,50,50,0.04,0.04
P02,2023_Qatar_GP,0.35,28,Corner battles,HIGHLIGHT,0,50,50,0.0,0.0
P02,2023_Qatar_GP,0.35,29,Corner specific moves,HIGHLIGHT,1,50,50,0.02,0.02
P02,2023_Qatar_GP,0.35,30,Lap pace & timing,HIGHLIGHT,2,50,50,0.04,0.04
P02,2023_Qatar_GP,0.35,31,Race leader changes,HIGHLIGHT,0,50,50,0.0,0.0
P02,2023_Qatar_GP,0.35,32,Front position changes,HIGHLIGHT,2,50,50,0.04,0.04
P02,2023_Qatar_GP,0.35,33,Field position changes,HIGHLIGHT,2,50,50,0.04,0.04
P02,2023_Qatar_GP,0.4,0,DRS-assisted battles,HIGHLIGHT,0,50,49,0.0,0.0
P02,2023_Qatar_GP,0.4,1,Time penalties,HIGHLIGHT,2,50,49,0.04,0.0408163265306122
P02,2023_Qatar_GP,0.4,2,Lights-out race starts,HIGHLIGHT,0,50,49,0.0,0.0
P02,2023_Qatar_GP,0.4,3,Mirror checks defending,HIGHLIGHT,1,50,49,0.02,0.0204081632653061
P02,2023_Qatar_GP,0.4,4,Race start launch,HIGHLIGHT,1,50,49,0.02,0.0204081632653061
P02,2023_Qatar_GP,0.4,5,Weather conditions,HIGHLIGHT,1,50,49,0.02,0.0204081632653061
P02,2023_Qatar_GP,0.4,6,Grand Prix wins,HIGHLIGHT,4,50,49,0.08,0.0816326530612244
P02,2023_Qatar_GP,0.4,7,Race start lights,HIGHLIGHT,0,50,49,0.0,0.0
P02,2023_Qatar_GP,0.4,8,Race control flags,HIGHLIGHT,0,50,49,0.0,0.0
P02,2023_Qatar_GP,0.4,9,Formula 1 milestones,HIGHLIGHT,1,50,49,0.02,0.0204081632653061
P02,2023_Qatar_GP,0.4,10,Chicane moves,HIGHLIGHT,0,50,49,0.0,0.0
P02,2023_Qatar_GP,0.4,11,Team radio celebrations,HIGHLIGHT,0,50,49,0.0,0.0
P02,2023_Qatar_GP,0.4,12,Podium finishes,HIGHLIGHT,1,50,49,0.02,0.0204081632653061
P02,2023_Qatar_GP,0.4,13,Championship & title,HIGHLIGHT,1,50,49,0.02,0.0204081632653061
P02,2023_Qatar_GP,0.4,14,Pit stops,HIGHLIGHT,2,50,49,0.04,0.0408163265306122
P02,2023_Qatar_GP,0.4,15,Tires & compounds,HIGHLIGHT,3,50,49,0.06,0.0612244897959183
P02,2023_Qatar_GP,0.4,16,Safety car deployment,HIGHLIGHT,1,50,49,0.02,0.0204081632653061
P02,2023_Qatar_GP,0.4,17,Gap & pace,HIGHLIGHT,0,50,49,0.0,0.0
P02,2023_Qatar_GP,0.4,18,Team dynamics,HIGHLIGHT,8,50,49,0.16,0.1632653061224489
P02,2023_Qatar_GP,0.4,19,Race lead holding,HIGHLIGHT,0,50,49,0.0,0.0
P02,2023_Qatar_GP,0.4,20,Wing & car damage,HIGHLIGHT,0,50,49,0.0,0.0
P02,2023_Qatar_GP,0.4,21,Braking & lockups,HIGHLIGHT,5,50,49,0.1,0.1020408163265306
P02,2023_Qatar_GP,0.4,22,Wheel-to-wheel,HIGHLIGHT,3,50,49,0.06,0.0612244897959183
P02,2023_Qatar_GP,0.4,23,Circuit action,HIGHLIGHT,1,50,49,0.02,0.0204081632653061
P02,2023_Qatar_GP,0.4,24,Inter-car distance,HIGHLIGHT,0,50,49,0.0,0.0
P02,2023_Qatar_GP,0.4,25,Driver & team references,HIGHLIGHT,2,50,49,0.04,0.0408163265306122
P02,2023_Qatar_GP,0.4,26,Defending & attacking,HIGHLIGHT,3,50,49,0.06,0.0612244897959183
P02,2023_Qatar_GP,0.4,27,Overtake battles,HIGHLIGHT,2,50,49,0.04,0.0408163265306122
P02,2023_Qatar_GP,0.4,28,Corner battles,HIGHLIGHT,0,50,49,0.0,0.0
P02,2023_Qatar_GP,0.4,29,Corner specific moves,HIGHLIGHT,1,50,49,0.02,0.0204081632653061
P02,2023_Qatar_GP,0.4,30,Lap pace & timing,HIGHLIGHT,2,50,49,0.04,0.0408163265306122
P02,2023_Qatar_GP,0.4,31,Race leader changes,HIGHLIGHT,0,50,49,0.0,0.0
P02,2023_Qatar_GP,0.4,32,Front position changes,HIGHLIGHT,2,50,49,0.04,0.0408163265306122
P02,2023_Qatar_GP,0.4,33,Field position changes,HIGHLIGHT,2,50,49,0.04,0.0408163265306122
P02,2023_Qatar_GP,0.45,0,DRS-assisted battles,HIGHLIGHT,0,50,47,0.0,0.0
P02,2023_Qatar_GP,0.45,1,Time penalties,HIGHLIGHT,1,50,47,0.02,0.0212765957446808
P02,2023_Qatar_GP,0.45,2,Lights-out race starts,HIGHLIGHT,0,50,47,0.0,0.0
P02,2023_Qatar_GP,0.45,3,Mirror checks defending,HIGHLIGHT,1,50,47,0.02,0.0212765957446808
P02,2023_Qatar_GP,0.45,4,Race start launch,HIGHLIGHT,1,50,47,0.02,0.0212765957446808
P02,2023_Qatar_GP,0.45,5,Weather conditions,HIGHLIGHT,1,50,47,0.02,0.0212765957446808
P02,2023_Qatar_GP,0.45,6,Grand Prix wins,HIGHLIGHT,4,50,47,0.08,0.0851063829787234
P02,2023_Qatar_GP,0.45,7,Race start lights,HIGHLIGHT,0,50,47,0.0,0.0
P02,2023_Qatar_GP,0.45,8,Race control flags,HIGHLIGHT,0,50,47,0.0,0.0
P02,2023_Qatar_GP,0.45,9,Formula 1 milestones,HIGHLIGHT,1,50,47,0.02,0.0212765957446808
P02,2023_Qatar_GP,0.45,10,Chicane moves,HIGHLIGHT,0,50,47,0.0,0.0
P02,2023_Qatar_GP,0.45,11,Team radio celebrations,HIGHLIGHT,0,50,47,0.0,0.0
P02,2023_Qatar_GP,0.45,12,Podium finishes,HIGHLIGHT,1,50,47,0.02,0.0212765957446808
P02,2023_Qatar_GP,0.45,13,Championship & title,HIGHLIGHT,1,50,47,0.02,0.0212765957446808
P02,2023_Qatar_GP,0.45,14,Pit stops,HIGHLIGHT,2,50,47,0.04,0.0425531914893617
P02,2023_Qatar_GP,0.45,15,Tires & compounds,HIGHLIGHT,3,50,47,0.06,0.0638297872340425
P02,2023_Qatar_GP,0.45,16,Safety car deployment,HIGHLIGHT,1,50,47,0.02,0.0212765957446808
P02,2023_Qatar_GP,0.45,17,Gap & pace,HIGHLIGHT,0,50,47,0.0,0.0
P02,2023_Qatar_GP,0.45,18,Team dynamics,HIGHLIGHT,7,50,47,0.14,0.1489361702127659
P02,2023_Qatar_GP,0.45,19,Race lead holding,HIGHLIGHT,0,50,47,0.0,0.0
P02,2023_Qatar_GP,0.45,20,Wing & car damage,HIGHLIGHT,0,50,47,0.0,0.0
P02,2023_Qatar_GP,0.45,21,Braking & lockups,HIGHLIGHT,5,50,47,0.1,0.1063829787234042
P02,2023_Qatar_GP,0.45,22,Wheel-to-wheel,HIGHLIGHT,3,50,47,0.06,0.0638297872340425
P02,2023_Qatar_GP,0.45,23,Circuit action,HIGHLIGHT,1,50,47,0.02,0.0212765957446808
P02,2023_Qatar_GP,0.45,24,Inter-car distance,HIGHLIGHT,0,50,47,0.0,0.0
P02,2023_Qatar_GP,0.45,25,Driver & team references,HIGHLIGHT,2,50,47,0.04,0.0425531914893617
P02,2023_Qatar_GP,0.45,26,Defending & attacking,HIGHLIGHT,3,50,47,0.06,0.0638297872340425
P02,2023_Qatar_GP,0.45,27,Overtake battles,HIGHLIGHT,2,50,47,0.04,0.0425531914893617
P02,2023_Qatar_GP,0.45,28,Corner battles,HIGHLIGHT,0,50,47,0.0,0.0
P02,2023_Qatar_GP,0.45,29,Corner specific moves,HIGHLIGHT,1,50,47,0.02,0.0212765957446808
P02,2023_Qatar_GP,0.45,30,Lap pace & timing,HIGHLIGHT,2,50,47,0.04,0.0425531914893617
P02,2023_Qatar_GP,0.45,31,Race leader changes,HIGHLIGHT,0,50,47,0.0,0.0
P02,2023_Qatar_GP,0.45,32,Front position changes,HIGHLIGHT,2,50,47,0.04,0.0425531914893617
P02,2023_Qatar_GP,0.45,33,Field position changes,HIGHLIGHT,2,50,47,0.04,0.0425531914893617
P02,2023_Qatar_GP,0.35,0,DRS-assisted battles,FULL_RACE,4,1336,1046,0.0029940119760479,0.0038240917782026
P02,2023_Qatar_GP,0.35,1,Time penalties,FULL_RACE,45,1336,1046,0.0336826347305389,0.0430210325047801
P02,2023_Qatar_GP,0.35,2,Lights-out race starts,FULL_RACE,6,1336,1046,0.0044910179640718,0.005736137667304
P02,2023_Qatar_GP,0.35,3,Mirror checks defending,FULL_RACE,5,1336,1046,0.0037425149700598,0.0047801147227533
P02,2023_Qatar_GP,0.35,4,Race start launch,FULL_RACE,2,1336,1046,0.0014970059880239,0.0019120458891013
P02,2023_Qatar_GP,0.35,5,Weather conditions,FULL_RACE,10,1336,1046,0.0074850299401197,0.0095602294455066
P02,2023_Qatar_GP,0.35,6,Grand Prix wins,FULL_RACE,81,1336,1046,0.06062874251497,0.0774378585086042
P02,2023_Qatar_GP,0.35,7,Race start lights,FULL_RACE,3,1336,1046,0.0022455089820359,0.002868068833652
P02,2023_Qatar_GP,0.35,8,Race control flags,FULL_RACE,14,1336,1046,0.0104790419161676,0.0133843212237093
P02,2023_Qatar_GP,0.35,9,Formula 1 milestones,FULL_RACE,22,1336,1046,0.0164670658682634,0.0210325047801147
P02,2023_Qatar_GP,0.35,10,Chicane moves,FULL_RACE,0,1336,1046,0.0,0.0
P02,2023_Qatar_GP,0.35,11,Team radio celebrations,FULL_RACE,23,1336,1046,0.0172155688622754,0.0219885277246653
P02,2023_Qatar_GP,0.35,12,Podium finishes,FULL_RACE,18,1336,1046,0.0134730538922155,0.017208413001912
P02,2023_Qatar_GP,0.35,13,Championship & title,FULL_RACE,38,1336,1046,0.028443113772455,0.0363288718929254
P02,2023_Qatar_GP,0.35,14,Pit stops,FULL_RACE,39,1336,1046,0.029191616766467,0.0372848948374761
P02,2023_Qatar_GP,0.35,15,Tires & compounds,FULL_RACE,108,1336,1046,0.0808383233532934,0.1032504780114722
P02,2023_Qatar_GP,0.35,16,Safety car deployment,FULL_RACE,20,1336,1046,0.0149700598802395,0.0191204588910133
P02,2023_Qatar_GP,0.35,17,Gap & pace,FULL_RACE,37,1336,1046,0.0276946107784431,0.0353728489483747
P02,2023_Qatar_GP,0.35,18,Team dynamics,FULL_RACE,89,1336,1046,0.0666167664670658,0.0850860420650095
P02,2023_Qatar_GP,0.35,19,Race lead holding,FULL_RACE,7,1336,1046,0.0052395209580838,0.0066921606118546
P02,2023_Qatar_GP,0.35,20,Wing & car damage,FULL_RACE,26,1336,1046,0.0194610778443113,0.0248565965583174
P02,2023_Qatar_GP,0.35,21,Braking & lockups,FULL_RACE,39,1336,1046,0.029191616766467,0.0372848948374761
P02,2023_Qatar_GP,0.35,22,Wheel-to-wheel,FULL_RACE,9,1336,1046,0.0067365269461077,0.008604206500956
P02,2023_Qatar_GP,0.35,23,Circuit action,FULL_RACE,37,1336,1046,0.0276946107784431,0.0353728489483747
P02,2023_Qatar_GP,0.35,24,Inter-car distance,FULL_RACE,12,1336,1046,0.0089820359281437,0.011472275334608
P02,2023_Qatar_GP,0.35,25,Driver & team references,FULL_RACE,51,1336,1046,0.0381736526946107,0.0487571701720841
P02,2023_Qatar_GP,0.35,26,Defending & attacking,FULL_RACE,25,1336,1046,0.0187125748502994,0.0239005736137667
P02,2023_Qatar_GP,0.35,27,Overtake battles,FULL_RACE,106,1336,1046,0.0793413173652694,0.1013384321223709
P02,2023_Qatar_GP,0.35,28,Corner battles,FULL_RACE,21,1336,1046,0.0157185628742514,0.020076481835564
P02,2023_Qatar_GP,0.35,29,Corner specific moves,FULL_RACE,7,1336,1046,0.0052395209580838,0.0066921606118546
P02,2023_Qatar_GP,0.35,30,Lap pace & timing,FULL_RACE,39,1336,1046,0.029191616766467,0.0372848948374761
P02,2023_Qatar_GP,0.35,31,Race leader changes,FULL_RACE,49,1336,1046,0.0366766467065868,0.0468451242829827
P02,2023_Qatar_GP,0.35,32,Front position changes,FULL_RACE,21,1336,1046,0.0157185628742514,0.020076481835564
P02,2023_Qatar_GP,0.35,33,Field position changes,FULL_RACE,33,1336,1046,0.0247005988023952,0.031548757170172
P02,2023_Qatar_GP,0.4,0,DRS-assisted battles,FULL_RACE,4,1336,954,0.0029940119760479,0.0041928721174004
P02,2023_Qatar_GP,0.4,1,Time penalties,FULL_RACE,42,1336,954,0.0314371257485029,0.0440251572327044
P02,2023_Qatar_GP,0.4,2,Lights-out race starts,FULL_RACE,2,1336,954,0.0014970059880239,0.0020964360587002
P02,2023_Qatar_GP,0.4,3,Mirror checks defending,FULL_RACE,4,1336,954,0.0029940119760479,0.0041928721174004
P02,2023_Qatar_GP,0.4,4,Race start launch,FULL_RACE,2,1336,954,0.0014970059880239,0.0020964360587002
P02,2023_Qatar_GP,0.4,5,Weather conditions,FULL_RACE,6,1336,954,0.0044910179640718,0.0062893081761006
P02,2023_Qatar_GP,0.4,6,Grand Prix wins,FULL_RACE,80,1336,954,0.059880239520958,0.0838574423480083
P02,2023_Qatar_GP,0.4,7,Race start lights,FULL_RACE,3,1336,954,0.0022455089820359,0.0031446540880503
P02,2023_Qatar_GP,0.4,8,Race control flags,FULL_RACE,12,1336,954,0.0089820359281437,0.0125786163522012
P02,2023_Qatar_GP,0.4,9,Formula 1 milestones,FULL_RACE,20,1336,954,0.0149700598802395,0.020964360587002
P02,2023_Qatar_GP,0.4,10,Chicane moves,FULL_RACE,0,1336,954,0.0,0.0
P02,2023_Qatar_GP,0.4,11,Team radio celebrations,FULL_RACE,19,1336,954,0.0142215568862275,0.0199161425576519
P02,2023_Qatar_GP,0.4,12,Podium finishes,FULL_RACE,17,1336,954,0.0127245508982035,0.0178197064989517
P02,2023_Qatar_GP,0.4,13,Championship & title,FULL_RACE,30,1336,954,0.0224550898203592,0.0314465408805031
P02,2023_Qatar_GP,0.4,14,Pit stops,FULL_RACE,38,1336,954,0.028443113772455,0.0398322851153039
P02,2023_Qatar_GP,0.4,15,Tires & compounds,FULL_RACE,107,1336,954,0.0800898203592814,0.1121593291404612
P02,2023_Qatar_GP,0.4,16,Safety car deployment,FULL_RACE,18,1336,954,0.0134730538922155,0.0188679245283018
P02,2023_Qatar_GP,0.4,17,Gap & pace,FULL_RACE,34,1336,954,0.0254491017964071,0.0356394129979035
P02,2023_Qatar_GP,0.4,18,Team dynamics,FULL_RACE,85,1336,954,0.0636227544910179,0.0890985324947589
P02,2023_Qatar_GP,0.4,19,Race lead holding,FULL_RACE,7,1336,954,0.0052395209580838,0.0073375262054507
P02,2023_Qatar_GP,0.4,20,Wing & car damage,FULL_RACE,17,1336,954,0.0127245508982035,0.0178197064989517
P02,2023_Qatar_GP,0.4,21,Braking & lockups,FULL_RACE,31,1336,954,0.0232035928143712,0.0324947589098532
P02,2023_Qatar_GP,0.4,22,Wheel-to-wheel,FULL_RACE,9,1336,954,0.0067365269461077,0.0094339622641509
P02,2023_Qatar_GP,0.4,23,Circuit action,FULL_RACE,29,1336,954,0.0217065868263473,0.030398322851153
P02,2023_Qatar_GP,0.4,24,Inter-car distance,FULL_RACE,11,1336,954,0.0082335329341317,0.0115303983228511
P02,2023_Qatar_GP,0.4,25,Driver & team references,FULL_RACE,49,1336,954,0.0366766467065868,0.0513626834381551
P02,2023_Qatar_GP,0.4,26,Defending & attacking,FULL_RACE,18,1336,954,0.0134730538922155,0.0188679245283018
P02,2023_Qatar_GP,0.4,27,Overtake battles,FULL_RACE,104,1336,954,0.0778443113772455,0.1090146750524109
P02,2023_Qatar_GP,0.4,28,Corner battles,FULL_RACE,16,1336,954,0.0119760479041916,0.0167714884696016
P02,2023_Qatar_GP,0.4,29,Corner specific moves,FULL_RACE,5,1336,954,0.0037425149700598,0.0052410901467505
P02,2023_Qatar_GP,0.4,30,Lap pace & timing,FULL_RACE,38,1336,954,0.028443113772455,0.0398322851153039
P02,2023_Qatar_GP,0.4,31,Race leader changes,FULL_RACE,48,1336,954,0.0359281437125748,0.050314465408805
P02,2023_Qatar_GP,0.4,32,Front position changes,FULL_RACE,21,1336,954,0.0157185628742514,0.0220125786163522
P02,2023_Qatar_GP,0.4,33,Field position changes,FULL_RACE,28,1336,954,0.0209580838323353,0.0293501048218029
P02,2023_Qatar_GP,0.45,0,DRS-assisted battles,FULL_RACE,4,1336,848,0.0029940119760479,0.0047169811320754
P02,2023_Qatar_GP,0.45,1,Time penalties,FULL_RACE,39,1336,848,0.029191616766467,0.0459905660377358
P02,2023_Qatar_GP,0.45,2,Lights-out race starts,FULL_RACE,1,1336,848,0.0007485029940119,0.0011792452830188
P02,2023_Qatar_GP,0.45,3,Mirror checks defending,FULL_RACE,1,1336,848,0.0007485029940119,0.0011792452830188
P02,2023_Qatar_GP,0.45,4,Race start launch,FULL_RACE,1,1336,848,0.0007485029940119,0.0011792452830188
P02,2023_Qatar_GP,0.45,5,Weather conditions,FULL_RACE,3,1336,848,0.0022455089820359,0.0035377358490566
P02,2023_Qatar_GP,0.45,6,Grand Prix wins,FULL_RACE,80,1336,848,0.059880239520958,0.0943396226415094
P02,2023_Qatar_GP,0.45,7,Race start lights,FULL_RACE,2,1336,848,0.0014970059880239,0.0023584905660377
P02,2023_Qatar_GP,0.45,8,Race control flags,FULL_RACE,11,1336,848,0.0082335329341317,0.0129716981132075
P02,2023_Qatar_GP,0.45,9,Formula 1 milestones,FULL_RACE,19,1336,848,0.0142215568862275,0.0224056603773584
P02,2023_Qatar_GP,0.45,10,Chicane moves,FULL_RACE,0,1336,848,0.0,0.0
P02,2023_Qatar_GP,0.45,11,Team radio celebrations,FULL_RACE,13,1336,848,0.0097305389221556,0.0153301886792452
P02,2023_Qatar_GP,0.45,12,Podium finishes,FULL_RACE,16,1336,848,0.0119760479041916,0.0188679245283018
P02,2023_Qatar_GP,0.45,13,Championship & title,FULL_RACE,23,1336,848,0.0172155688622754,0.0271226415094339
P02,2023_Qatar_GP,0.45,14,Pit stops,FULL_RACE,36,1336,848,0.0269461077844311,0.0424528301886792
P02,2023_Qatar_GP,0.45,15,Tires & compounds,FULL_RACE,106,1336,848,0.0793413173652694,0.125
P02,2023_Qatar_GP,0.45,16,Safety car deployment,FULL_RACE,12,1336,848,0.0089820359281437,0.0141509433962264
P02,2023_Qatar_GP,0.45,17,Gap & pace,FULL_RACE,27,1336,848,0.0202095808383233,0.0318396226415094
P02,2023_Qatar_GP,0.45,18,Team dynamics,FULL_RACE,80,1336,848,0.059880239520958,0.0943396226415094
P02,2023_Qatar_GP,0.45,19,Race lead holding,FULL_RACE,6,1336,848,0.0044910179640718,0.0070754716981132
P02,2023_Qatar_GP,0.45,20,Wing & car damage,FULL_RACE,10,1336,848,0.0074850299401197,0.0117924528301886
P02,2023_Qatar_GP,0.45,21,Braking & lockups,FULL_RACE,19,1336,848,0.0142215568862275,0.0224056603773584
P02,2023_Qatar_GP,0.45,22,Wheel-to-wheel,FULL_RACE,9,1336,848,0.0067365269461077,0.0106132075471698
P02,2023_Qatar_GP,0.45,23,Circuit action,FULL_RACE,21,1336,848,0.0157185628742514,0.0247641509433962
P02,2023_Qatar_GP,0.45,24,Inter-car distance,FULL_RACE,9,1336,848,0.0067365269461077,0.0106132075471698
P02,2023_Qatar_GP,0.45,25,Driver & team references,FULL_RACE,46,1336,848,0.0344311377245509,0.0542452830188679
P02,2023_Qatar_GP,0.45,26,Defending & attacking,FULL_RACE,14,1336,848,0.0104790419161676,0.0165094339622641
P02,2023_Qatar_GP,0.45,27,Overtake battles,FULL_RACE,99,1336,848,0.0741017964071856,0.1167452830188679
P02,2023_Qatar_GP,0.45,28,Corner battles,FULL_RACE,11,1336,848,0.0082335329341317,0.0129716981132075
P02,2023_Qatar_GP,0.45,29,Corner specific moves,FULL_RACE,4,1336,848,0.0029940119760479,0.0047169811320754
P02,2023_Qatar_GP,0.45,30,Lap pace & timing,FULL_RACE,35,1336,848,0.0261976047904191,0.0412735849056603
P02,2023_Qatar_GP,0.45,31,Race leader changes,FULL_RACE,47,1336,848,0.0351796407185628,0.0554245283018867
P02,2023_Qatar_GP,0.45,32,Front position changes,FULL_RACE,20,1336,848,0.0149700598802395,0.0235849056603773
P02,2023_Qatar_GP,0.45,33,Field position changes,FULL_RACE,24,1336,848,0.0179640718562874,0.0283018867924528
P03,2023_Singapore_GP,0.35,0,DRS-assisted battles,HIGHLIGHT,3,60,60,0.05,0.05
P03,2023_Singapore_GP,0.35,1,Time penalties,HIGHLIGHT,1,60,60,0.0166666666666666,0.0166666666666666
P03,2023_Singapore_GP,0.35,2,Lights-out race starts,HIGHLIGHT,0,60,60,0.0,0.0
P03,2023_Singapore_GP,0.35,3,Mirror checks defending,HIGHLIGHT,0,60,60,0.0,0.0
P03,2023_Singapore_GP,0.35,4,Race start launch,HIGHLIGHT,1,60,60,0.0166666666666666,0.0166666666666666
P03,2023_Singapore_GP,0.35,5,Weather conditions,HIGHLIGHT,0,60,60,0.0,0.0
P03,2023_Singapore_GP,0.35,6,Grand Prix wins,HIGHLIGHT,6,60,60,0.1,0.1
P03,2023_Singapore_GP,0.35,7,Race start lights,HIGHLIGHT,0,60,60,0.0,0.0
P03,2023_Singapore_GP,0.35,8,Race control flags,HIGHLIGHT,0,60,60,0.0,0.0
P03,2023_Singapore_GP,0.35,9,Formula 1 milestones,HIGHLIGHT,3,60,60,0.05,0.05
P03,2023_Singapore_GP,0.35,10,Chicane moves,HIGHLIGHT,0,60,60,0.0,0.0
P03,2023_Singapore_GP,0.35,11,Team radio celebrations,HIGHLIGHT,0,60,60,0.0,0.0
P03,2023_Singapore_GP,0.35,12,Podium finishes,HIGHLIGHT,1,60,60,0.0166666666666666,0.0166666666666666
P03,2023_Singapore_GP,0.35,13,Championship & title,HIGHLIGHT,1,60,60,0.0166666666666666,0.0166666666666666
P03,2023_Singapore_GP,0.35,14,Pit stops,HIGHLIGHT,3,60,60,0.05,0.05
P03,2023_Singapore_GP,0.35,15,Tires & compounds,HIGHLIGHT,0,60,60,0.0,0.0
P03,2023_Singapore_GP,0.35,16,Safety car deployment,HIGHLIGHT,2,60,60,0.0333333333333333,0.0333333333333333
P03,2023_Singapore_GP,0.35,17,Gap & pace,HIGHLIGHT,1,60,60,0.0166666666666666,0.0166666666666666
P03,2023_Singapore_GP,0.35,18,Team dynamics,HIGHLIGHT,8,60,60,0.1333333333333333,0.1333333333333333
P03,2023_Singapore_GP,0.35,19,Race lead holding,HIGHLIGHT,1,60,60,0.0166666666666666,0.0166666666666666
P03,2023_Singapore_GP,0.35,20,Wing & car damage,HIGHLIGHT,0,60,60,0.0,0.0
P03,2023_Singapore_GP,0.35,21,Braking & lockups,HIGHLIGHT,2,60,60,0.0333333333333333,0.0333333333333333
P03,2023_Singapore_GP,0.35,22,Wheel-to-wheel,HIGHLIGHT,1,60,60,0.0166666666666666,0.0166666666666666
P03,2023_Singapore_GP,0.35,23,Circuit action,HIGHLIGHT,1,60,60,0.0166666666666666,0.0166666666666666
P03,2023_Singapore_GP,0.35,24,Inter-car distance,HIGHLIGHT,1,60,60,0.0166666666666666,0.0166666666666666
P03,2023_Singapore_GP,0.35,25,Driver & team references,HIGHLIGHT,4,60,60,0.0666666666666666,0.0666666666666666
P03,2023_Singapore_GP,0.35,26,Defending & attacking,HIGHLIGHT,1,60,60,0.0166666666666666,0.0166666666666666
P03,2023_Singapore_GP,0.35,27,Overtake battles,HIGHLIGHT,9,60,60,0.15,0.15
P03,2023_Singapore_GP,0.35,28,Corner battles,HIGHLIGHT,2,60,60,0.0333333333333333,0.0333333333333333
P03,2023_Singapore_GP,0.35,29,Corner specific moves,HIGHLIGHT,0,60,60,0.0,0.0
P03,2023_Singapore_GP,0.35,30,Lap pace & timing,HIGHLIGHT,1,60,60,0.0166666666666666,0.0166666666666666
P03,2023_Singapore_GP,0.35,31,Race leader changes,HIGHLIGHT,3,60,60,0.05,0.05
P03,2023_Singapore_GP,0.35,32,Front position changes,HIGHLIGHT,4,60,60,0.0666666666666666,0.0666666666666666
P03,2023_Singapore_GP,0.35,33,Field position changes,HIGHLIGHT,0,60,60,0.0,0.0
P03,2023_Singapore_GP,0.4,0,DRS-assisted battles,HIGHLIGHT,3,60,60,0.05,0.05
P03,2023_Singapore_GP,0.4,1,Time penalties,HIGHLIGHT,1,60,60,0.0166666666666666,0.0166666666666666
P03,2023_Singapore_GP,0.4,2,Lights-out race starts,HIGHLIGHT,0,60,60,0.0,0.0
P03,2023_Singapore_GP,0.4,3,Mirror checks defending,HIGHLIGHT,0,60,60,0.0,0.0
P03,2023_Singapore_GP,0.4,4,Race start launch,HIGHLIGHT,1,60,60,0.0166666666666666,0.0166666666666666
P03,2023_Singapore_GP,0.4,5,Weather conditions,HIGHLIGHT,0,60,60,0.0,0.0
P03,2023_Singapore_GP,0.4,6,Grand Prix wins,HIGHLIGHT,6,60,60,0.1,0.1
P03,2023_Singapore_GP,0.4,7,Race start lights,HIGHLIGHT,0,60,60,0.0,0.0
P03,2023_Singapore_GP,0.4,8,Race control flags,HIGHLIGHT,0,60,60,0.0,0.0
P03,2023_Singapore_GP,0.4,9,Formula 1 milestones,HIGHLIGHT,3,60,60,0.05,0.05
P03,2023_Singapore_GP,0.4,10,Chicane moves,HIGHLIGHT,0,60,60,0.0,0.0
P03,2023_Singapore_GP,0.4,11,Team radio celebrations,HIGHLIGHT,0,60,60,0.0,0.0
P03,2023_Singapore_GP,0.4,12,Podium finishes,HIGHLIGHT,1,60,60,0.0166666666666666,0.0166666666666666
P03,2023_Singapore_GP,0.4,13,Championship & title,HIGHLIGHT,1,60,60,0.0166666666666666,0.0166666666666666
P03,2023_Singapore_GP,0.4,14,Pit stops,HIGHLIGHT,3,60,60,0.05,0.05
P03,2023_Singapore_GP,0.4,15,Tires & compounds,HIGHLIGHT,0,60,60,0.0,0.0
P03,2023_Singapore_GP,0.4,16,Safety car deployment,HIGHLIGHT,2,60,60,0.0333333333333333,0.0333333333333333
P03,2023_Singapore_GP,0.4,17,Gap & pace,HIGHLIGHT,1,60,60,0.0166666666666666,0.0166666666666666
P03,2023_Singapore_GP,0.4,18,Team dynamics,HIGHLIGHT,8,60,60,0.1333333333333333,0.1333333333333333
P03,2023_Singapore_GP,0.4,19,Race lead holding,HIGHLIGHT,1,60,60,0.0166666666666666,0.0166666666666666
P03,2023_Singapore_GP,0.4,20,Wing & car damage,HIGHLIGHT,0,60,60,0.0,0.0
P03,2023_Singapore_GP,0.4,21,Braking & lockups,HIGHLIGHT,2,60,60,0.0333333333333333,0.0333333333333333
P03,2023_Singapore_GP,0.4,22,Wheel-to-wheel,HIGHLIGHT,1,60,60,0.0166666666666666,0.0166666666666666
P03,2023_Singapore_GP,0.4,23,Circuit action,HIGHLIGHT,1,60,60,0.0166666666666666,0.0166666666666666
P03,2023_Singapore_GP,0.4,24,Inter-car distance,HIGHLIGHT,1,60,60,0.0166666666666666,0.0166666666666666
P03,2023_Singapore_GP,0.4,25,Driver & team references,HIGHLIGHT,4,60,60,0.0666666666666666,0.0666666666666666
P03,2023_Singapore_GP,0.4,26,Defending & attacking,HIGHLIGHT,1,60,60,0.0166666666666666,0.0166666666666666
P03,2023_Singapore_GP,0.4,27,Overtake battles,HIGHLIGHT,9,60,60,0.15,0.15
P03,2023_Singapore_GP,0.4,28,Corner battles,HIGHLIGHT,2,60,60,0.0333333333333333,0.0333333333333333
P03,2023_Singapore_GP,0.4,29,Corner specific moves,HIGHLIGHT,0,60,60,0.0,0.0
P03,2023_Singapore_GP,0.4,30,Lap pace & timing,HIGHLIGHT,1,60,60,0.0166666666666666,0.0166666666666666
P03,2023_Singapore_GP,0.4,31,Race leader changes,HIGHLIGHT,3,60,60,0.05,0.05
P03,2023_Singapore_GP,0.4,32,Front position changes,HIGHLIGHT,4,60,60,0.0666666666666666,0.0666666666666666
P03,2023_Singapore_GP,0.4,33,Field position changes,HIGHLIGHT,0,60,60,0.0,0.0
P03,2023_Singapore_GP,0.45,0,DRS-assisted battles,HIGHLIGHT,3,60,59,0.05,0.0508474576271186
P03,2023_Singapore_GP,0.45,1,Time penalties,HIGHLIGHT,0,60,59,0.0,0.0
P03,2023_Singapore_GP,0.45,2,Lights-out race starts,HIGHLIGHT,0,60,59,0.0,0.0
P03,2023_Singapore_GP,0.45,3,Mirror checks defending,HIGHLIGHT,0,60,59,0.0,0.0
P03,2023_Singapore_GP,0.45,4,Race start launch,HIGHLIGHT,1,60,59,0.0166666666666666,0.0169491525423728
P03,2023_Singapore_GP,0.45,5,Weather conditions,HIGHLIGHT,0,60,59,0.0,0.0
P03,2023_Singapore_GP,0.45,6,Grand Prix wins,HIGHLIGHT,6,60,59,0.1,0.1016949152542373
P03,2023_Singapore_GP,0.45,7,Race start lights,HIGHLIGHT,0,60,59,0.0,0.0
P03,2023_Singapore_GP,0.45,8,Race control flags,HIGHLIGHT,0,60,59,0.0,0.0
P03,2023_Singapore_GP,0.45,9,Formula 1 milestones,HIGHLIGHT,3,60,59,0.05,0.0508474576271186
P03,2023_Singapore_GP,0.45,10,Chicane moves,HIGHLIGHT,0,60,59,0.0,0.0
P03,2023_Singapore_GP,0.45,11,Team radio celebrations,HIGHLIGHT,0,60,59,0.0,0.0
P03,2023_Singapore_GP,0.45,12,Podium finishes,HIGHLIGHT,1,60,59,0.0166666666666666,0.0169491525423728
P03,2023_Singapore_GP,0.45,13,Championship & title,HIGHLIGHT,1,60,59,0.0166666666666666,0.0169491525423728
P03,2023_Singapore_GP,0.45,14,Pit stops,HIGHLIGHT,3,60,59,0.05,0.0508474576271186
P03,2023_Singapore_GP,0.45,15,Tires & compounds,HIGHLIGHT,0,60,59,0.0,0.0
P03,2023_Singapore_GP,0.45,16,Safety car deployment,HIGHLIGHT,2,60,59,0.0333333333333333,0.0338983050847457
P03,2023_Singapore_GP,0.45,17,Gap & pace,HIGHLIGHT,1,60,59,0.0166666666666666,0.0169491525423728
P03,2023_Singapore_GP,0.45,18,Team dynamics,HIGHLIGHT,8,60,59,0.1333333333333333,0.135593220338983
P03,2023_Singapore_GP,0.45,19,Race lead holding,HIGHLIGHT,1,60,59,0.0166666666666666,0.0169491525423728
P03,2023_Singapore_GP,0.45,20,Wing & car damage,HIGHLIGHT,0,60,59,0.0,0.0
P03,2023_Singapore_GP,0.45,21,Braking & lockups,HIGHLIGHT,2,60,59,0.0333333333333333,0.0338983050847457
P03,2023_Singapore_GP,0.45,22,Wheel-to-wheel,HIGHLIGHT,1,60,59,0.0166666666666666,0.0169491525423728
P03,2023_Singapore_GP,0.45,23,Circuit action,HIGHLIGHT,1,60,59,0.0166666666666666,0.0169491525423728
P03,2023_Singapore_GP,0.45,24,Inter-car distance,HIGHLIGHT,1,60,59,0.0166666666666666,0.0169491525423728
P03,2023_Singapore_GP,0.45,25,Driver & team references,HIGHLIGHT,4,60,59,0.0666666666666666,0.0677966101694915
P03,2023_Singapore_GP,0.45,26,Defending & attacking,HIGHLIGHT,1,60,59,0.0166666666666666,0.0169491525423728
P03,2023_Singapore_GP,0.45,27,Overtake battles,HIGHLIGHT,9,60,59,0.15,0.1525423728813559
P03,2023_Singapore_GP,0.45,28,Corner battles,HIGHLIGHT,2,60,59,0.0333333333333333,0.0338983050847457
P03,2023_Singapore_GP,0.45,29,Corner specific moves,HIGHLIGHT,0,60,59,0.0,0.0
P03,2023_Singapore_GP,0.45,30,Lap pace & timing,HIGHLIGHT,1,60,59,0.0166666666666666,0.0169491525423728
P03,2023_Singapore_GP,0.45,31,Race leader changes,HIGHLIGHT,3,60,59,0.05,0.0508474576271186
P03,2023_Singapore_GP,0.45,32,Front position changes,HIGHLIGHT,4,60,59,0.0666666666666666,0.0677966101694915
P03,2023_Singapore_GP,0.45,33,Field position changes,HIGHLIGHT,0,60,59,0.0,0.0
P03,2023_Singapore_GP,0.35,0,DRS-assisted battles,FULL_RACE,40,1635,1407,0.0244648318042813,0.0284292821606254
P03,2023_Singapore_GP,0.35,1,Time penalties,FULL_RACE,13,1635,1407,0.0079510703363914,0.0092395167022032
P03,2023_Singapore_GP,0.35,2,Lights-out race starts,FULL_RACE,7,1635,1407,0.0042813455657492,0.0049751243781094
P03,2023_Singapore_GP,0.35,3,Mirror checks defending,FULL_RACE,4,1635,1407,0.0024464831804281,0.0028429282160625
P03,2023_Singapore_GP,0.35,4,Race start launch,FULL_RACE,3,1635,1407,0.0018348623853211,0.0021321961620469
P03,2023_Singapore_GP,0.35,5,Weather conditions,FULL_RACE,9,1635,1407,0.0055045871559633,0.0063965884861407
P03,2023_Singapore_GP,0.35,6,Grand Prix wins,FULL_RACE,96,1635,1407,0.0587155963302752,0.068230277185501
P03,2023_Singapore_GP,0.35,7,Race start lights,FULL_RACE,5,1635,1407,0.0030581039755351,0.0035536602700781
P03,2023_Singapore_GP,0.35,8,Race control flags,FULL_RACE,14,1635,1407,0.0085626911314984,0.0099502487562189
P03,2023_Singapore_GP,0.35,9,Formula 1 milestones,FULL_RACE,21,1635,1407,0.0128440366972477,0.0149253731343283
P03,2023_Singapore_GP,0.35,10,Chicane moves,FULL_RACE,0,1635,1407,0.0,0.0
P03,2023_Singapore_GP,0.35,11,Team radio celebrations,FULL_RACE,17,1635,1407,0.0103975535168195,0.0120824449182658
P03,2023_Singapore_GP,0.35,12,Podium finishes,FULL_RACE,31,1635,1407,0.018960244648318,0.0220326936744847
P03,2023_Singapore_GP,0.35,13,Championship & title,FULL_RACE,64,1635,1407,0.0391437308868501,0.0454868514570007
P03,2023_Singapore_GP,0.35,14,Pit stops,FULL_RACE,54,1635,1407,0.0330275229357798,0.0383795309168443
P03,2023_Singapore_GP,0.35,15,Tires & compounds,FULL_RACE,109,1635,1407,0.0666666666666666,0.0774697938877043
P03,2023_Singapore_GP,0.35,16,Safety car deployment,FULL_RACE,48,1635,1407,0.0293577981651376,0.0341151385927505
P03,2023_Singapore_GP,0.35,17,Gap & pace,FULL_RACE,66,1635,1407,0.0403669724770642,0.0469083155650319
P03,2023_Singapore_GP,0.35,18,Team dynamics,FULL_RACE,113,1635,1407,0.0691131498470948,0.0803127221037668
P03,2023_Singapore_GP,0.35,19,Race lead holding,FULL_RACE,7,1635,1407,0.0042813455657492,0.0049751243781094
P03,2023_Singapore_GP,0.35,20,Wing & car damage,FULL_RACE,31,1635,1407,0.018960244648318,0.0220326936744847
P03,2023_Singapore_GP,0.35,21,Braking & lockups,FULL_RACE,39,1635,1407,0.0238532110091743,0.0277185501066098
P03,2023_Singapore_GP,0.35,22,Wheel-to-wheel,FULL_RACE,3,1635,1407,0.0018348623853211,0.0021321961620469
P03,2023_Singapore_GP,0.35,23,Circuit action,FULL_RACE,46,1635,1407,0.0281345565749235,0.0326936744847192
P03,2023_Singapore_GP,0.35,24,Inter-car distance,FULL_RACE,39,1635,1407,0.0238532110091743,0.0277185501066098
P03,2023_Singapore_GP,0.35,25,Driver & team references,FULL_RACE,60,1635,1407,0.036697247706422,0.0426439232409381
P03,2023_Singapore_GP,0.35,26,Defending & attacking,FULL_RACE,39,1635,1407,0.0238532110091743,0.0277185501066098
P03,2023_Singapore_GP,0.35,27,Overtake battles,FULL_RACE,201,1635,1407,0.1229357798165137,0.1428571428571428
P03,2023_Singapore_GP,0.35,28,Corner battles,FULL_RACE,11,1635,1407,0.0067278287461773,0.0078180525941719
P03,2023_Singapore_GP,0.35,29,Corner specific moves,FULL_RACE,21,1635,1407,0.0128440366972477,0.0149253731343283
P03,2023_Singapore_GP,0.35,30,Lap pace & timing,FULL_RACE,56,1635,1407,0.0342507645259938,0.0398009950248756
P03,2023_Singapore_GP,0.35,31,Race leader changes,FULL_RACE,71,1635,1407,0.0434250764525993,0.0504619758351101
P03,2023_Singapore_GP,0.35,32,Front position changes,FULL_RACE,34,1635,1407,0.0207951070336391,0.0241648898365316
P03,2023_Singapore_GP,0.35,33,Field position changes,FULL_RACE,35,1635,1407,0.0214067278287461,0.0248756218905472
P03,2023_Singapore_GP,0.4,0,DRS-assisted battles,FULL_RACE,39,1635,1313,0.0238532110091743,0.0297029702970297
P03,2023_Singapore_GP,0.4,1,Time penalties,FULL_RACE,12,1635,1313,0.0073394495412844,0.0091393754760091
P03,2023_Singapore_GP,0.4,2,Lights-out race starts,FULL_RACE,3,1635,1313,0.0018348623853211,0.0022848438690022
P03,2023_Singapore_GP,0.4,3,Mirror checks defending,FULL_RACE,4,1635,1313,0.0024464831804281,0.003046458492003
P03,2023_Singapore_GP,0.4,4,Race start launch,FULL_RACE,2,1635,1313,0.001223241590214,0.0015232292460015
P03,2023_Singapore_GP,0.4,5,Weather conditions,FULL_RACE,5,1635,1313,0.0030581039755351,0.0038080731150038
P03,2023_Singapore_GP,0.4,6,Grand Prix wins,FULL_RACE,94,1635,1313,0.0574923547400611,0.0715917745620716
P03,2023_Singapore_GP,0.4,7,Race start lights,FULL_RACE,4,1635,1313,0.0024464831804281,0.003046458492003
P03,2023_Singapore_GP,0.4,8,Race control flags,FULL_RACE,14,1635,1313,0.0085626911314984,0.0106626047220106
P03,2023_Singapore_GP,0.4,9,Formula 1 milestones,FULL_RACE,21,1635,1313,0.0128440366972477,0.0159939070830159
P03,2023_Singapore_GP,0.4,10,Chicane moves,FULL_RACE,0,1635,1313,0.0,0.0
P03,2023_Singapore_GP,0.4,11,Team radio celebrations,FULL_RACE,12,1635,1313,0.0073394495412844,0.0091393754760091
P03,2023_Singapore_GP,0.4,12,Podium finishes,FULL_RACE,31,1635,1313,0.018960244648318,0.0236100533130236
P03,2023_Singapore_GP,0.4,13,Championship & title,FULL_RACE,50,1635,1313,0.0305810397553516,0.038080731150038
P03,2023_Singapore_GP,0.4,14,Pit stops,FULL_RACE,53,1635,1313,0.0324159021406727,0.0403655750190403
P03,2023_Singapore_GP,0.4,15,Tires & compounds,FULL_RACE,107,1635,1313,0.0654434250764526,0.0814927646610814
P03,2023_Singapore_GP,0.4,16,Safety car deployment,FULL_RACE,46,1635,1313,0.0281345565749235,0.035034272658035
P03,2023_Singapore_GP,0.4,17,Gap & pace,FULL_RACE,56,1635,1313,0.0342507645259938,0.0426504188880426
P03,2023_Singapore_GP,0.4,18,Team dynamics,FULL_RACE,109,1635,1313,0.0666666666666666,0.083015993907083
P03,2023_Singapore_GP,0.4,19,Race lead holding,FULL_RACE,7,1635,1313,0.0042813455657492,0.0053313023610053
P03,2023_Singapore_GP,0.4,20,Wing & car damage,FULL_RACE,20,1635,1313,0.0122324159021406,0.0152322924600152
P03,2023_Singapore_GP,0.4,21,Braking & lockups,FULL_RACE,36,1635,1313,0.0220183486238532,0.0274181264280274
P03,2023_Singapore_GP,0.4,22,Wheel-to-wheel,FULL_RACE,3,1635,1313,0.0018348623853211,0.0022848438690022
P03,2023_Singapore_GP,0.4,23,Circuit action,FULL_RACE,43,1635,1313,0.0262996941896024,0.0327494287890327
P03,2023_Singapore_GP,0.4,24,Inter-car distance,FULL_RACE,39,1635,1313,0.0238532110091743,0.0297029702970297
P03,2023_Singapore_GP,0.4,25,Driver & team references,FULL_RACE,58,1635,1313,0.0354740061162079,0.0441736481340441
P03,2023_Singapore_GP,0.4,26,Defending & attacking,FULL_RACE,32,1635,1313,0.019571865443425,0.0243716679360243
P03,2023_Singapore_GP,0.4,27,Overtake battles,FULL_RACE,199,1635,1313,0.1217125382262997,0.1515613099771515
P03,2023_Singapore_GP,0.4,28,Corner battles,FULL_RACE,10,1635,1313,0.0061162079510703,0.0076161462300076
P03,2023_Singapore_GP,0.4,29,Corner specific moves,FULL_RACE,17,1635,1313,0.0103975535168195,0.0129474485910129
P03,2023_Singapore_GP,0.4,30,Lap pace & timing,FULL_RACE,55,1635,1313,0.0336391437308868,0.0418888042650418
P03,2023_Singapore_GP,0.4,31,Race leader changes,FULL_RACE,70,1635,1313,0.0428134556574923,0.0533130236100533
P03,2023_Singapore_GP,0.4,32,Front position changes,FULL_RACE,33,1635,1313,0.0201834862385321,0.0251332825590251
P03,2023_Singapore_GP,0.4,33,Field position changes,FULL_RACE,29,1635,1313,0.0177370030581039,0.022086824067022
P03,2023_Singapore_GP,0.45,0,DRS-assisted battles,FULL_RACE,39,1635,1229,0.0238532110091743,0.0317331163547599
P03,2023_Singapore_GP,0.45,1,Time penalties,FULL_RACE,10,1635,1229,0.0061162079510703,0.0081366965012205
P03,2023_Singapore_GP,0.45,2,Lights-out race starts,FULL_RACE,1,1635,1229,0.000611620795107,0.000813669650122
P03,2023_Singapore_GP,0.45,3,Mirror checks defending,FULL_RACE,3,1635,1229,0.0018348623853211,0.0024410089503661
P03,2023_Singapore_GP,0.45,4,Race start launch,FULL_RACE,2,1635,1229,0.001223241590214,0.0016273393002441
P03,2023_Singapore_GP,0.45,5,Weather conditions,FULL_RACE,3,1635,1229,0.0018348623853211,0.0024410089503661
P03,2023_Singapore_GP,0.45,6,Grand Prix wins,FULL_RACE,94,1635,1229,0.0574923547400611,0.0764849471114727
P03,2023_Singapore_GP,0.45,7,Race start lights,FULL_RACE,3,1635,1229,0.0018348623853211,0.0024410089503661
P03,2023_Singapore_GP,0.45,8,Race control flags,FULL_RACE,14,1635,1229,0.0085626911314984,0.0113913751017087
P03,2023_Singapore_GP,0.45,9,Formula 1 milestones,FULL_RACE,20,1635,1229,0.0122324159021406,0.016273393002441
P03,2023_Singapore_GP,0.45,10,Chicane moves,FULL_RACE,0,1635,1229,0.0,0.0
P03,2023_Singapore_GP,0.45,11,Team radio celebrations,FULL_RACE,10,1635,1229,0.0061162079510703,0.0081366965012205
P03,2023_Singapore_GP,0.45,12,Podium finishes,FULL_RACE,28,1635,1229,0.0171253822629969,0.0227827502034174
P03,2023_Singapore_GP,0.45,13,Championship & title,FULL_RACE,36,1635,1229,0.0220183486238532,0.0292921074043938
P03,2023_Singapore_GP,0.45,14,Pit stops,FULL_RACE,51,1635,1229,0.0311926605504587,0.0414971521562245
P03,2023_Singapore_GP,0.45,15,Tires & compounds,FULL_RACE,103,1635,1229,0.0629969418960244,0.0838079739625712
P03,2023_Singapore_GP,0.45,16,Safety car deployment,FULL_RACE,45,1635,1229,0.0275229357798165,0.0366151342554922
P03,2023_Singapore_GP,0.45,17,Gap & pace,FULL_RACE,51,1635,1229,0.0311926605504587,0.0414971521562245
P03,2023_Singapore_GP,0.45,18,Team dynamics,FULL_RACE,106,1635,1229,0.0648318042813455,0.0862489829129373
P03,2023_Singapore_GP,0.45,19,Race lead holding,FULL_RACE,6,1635,1229,0.0036697247706422,0.0048820179007323
P03,2023_Singapore_GP,0.45,20,Wing & car damage,FULL_RACE,15,1635,1229,0.0091743119266055,0.0122050447518307
P03,2023_Singapore_GP,0.45,21,Braking & lockups,FULL_RACE,34,1635,1229,0.0207951070336391,0.0276647681041497
P03,2023_Singapore_GP,0.45,22,Wheel-to-wheel,FULL_RACE,3,1635,1229,0.0018348623853211,0.0024410089503661
P03,2023_Singapore_GP,0.45,23,Circuit action,FULL_RACE,38,1635,1229,0.0232415902140672,0.0309194467046379
P03,2023_Singapore_GP,0.45,24,Inter-car distance,FULL_RACE,36,1635,1229,0.0220183486238532,0.0292921074043938
P03,2023_Singapore_GP,0.45,25,Driver & team references,FULL_RACE,55,1635,1229,0.0336391437308868,0.0447518307567127
P03,2023_Singapore_GP,0.45,26,Defending & attacking,FULL_RACE,29,1635,1229,0.0177370030581039,0.0235964198535394
P03,2023_Singapore_GP,0.45,27,Overtake battles,FULL_RACE,193,1635,1229,0.1180428134556575,0.1570382424735557
P03,2023_Singapore_GP,0.45,28,Corner battles,FULL_RACE,5,1635,1229,0.0030581039755351,0.0040683482506102
P03,2023_Singapore_GP,0.45,29,Corner specific moves,FULL_RACE,16,1635,1229,0.0097859327217125,0.0130187144019528
P03,2023_Singapore_GP,0.45,30,Lap pace & timing,FULL_RACE,52,1635,1229,0.0318042813455657,0.0423108218063466
P03,2023_Singapore_GP,0.45,31,Race leader changes,FULL_RACE,70,1635,1229,0.0428134556574923,0.0569568755085435
P03,2023_Singapore_GP,0.45,32,Front position changes,FULL_RACE,33,1635,1229,0.0201834862385321,0.0268510984540276
P03,2023_Singapore_GP,0.45,33,Field position changes,FULL_RACE,25,1635,1229,0.0152905198776758,0.0203417412530512
P04,2024_Bahrain_GP,0.35,0,DRS-assisted battles,HIGHLIGHT,0,72,71,0.0,0.0
P04,2024_Bahrain_GP,0.35,1,Time penalties,HIGHLIGHT,0,72,71,0.0,0.0
P04,2024_Bahrain_GP,0.35,2,Lights-out race starts,HIGHLIGHT,0,72,71,0.0,0.0
P04,2024_Bahrain_GP,0.35,3,Mirror checks defending,HIGHLIGHT,1,72,71,0.0138888888888888,0.0140845070422535
P04,2024_Bahrain_GP,0.35,4,Race start launch,HIGHLIGHT,0,72,71,0.0,0.0
P04,2024_Bahrain_GP,0.35,5,Weather conditions,HIGHLIGHT,0,72,71,0.0,0.0
P04,2024_Bahrain_GP,0.35,6,Grand Prix wins,HIGHLIGHT,5,72,71,0.0694444444444444,0.0704225352112676
P04,2024_Bahrain_GP,0.35,7,Race start lights,HIGHLIGHT,1,72,71,0.0138888888888888,0.0140845070422535
P04,2024_Bahrain_GP,0.35,8,Race control flags,HIGHLIGHT,0,72,71,0.0,0.0
P04,2024_Bahrain_GP,0.35,9,Formula 1 milestones,HIGHLIGHT,1,72,71,0.0138888888888888,0.0140845070422535
P04,2024_Bahrain_GP,0.35,10,Chicane moves,HIGHLIGHT,0,72,71,0.0,0.0
P04,2024_Bahrain_GP,0.35,11,Team radio celebrations,HIGHLIGHT,1,72,71,0.0138888888888888,0.0140845070422535
P04,2024_Bahrain_GP,0.35,12,Podium finishes,HIGHLIGHT,1,72,71,0.0138888888888888,0.0140845070422535
P04,2024_Bahrain_GP,0.35,13,Championship & title,HIGHLIGHT,1,72,71,0.0138888888888888,0.0140845070422535
P04,2024_Bahrain_GP,0.35,14,Pit stops,HIGHLIGHT,2,72,71,0.0277777777777777,0.028169014084507
P04,2024_Bahrain_GP,0.35,15,Tires & compounds,HIGHLIGHT,2,72,71,0.0277777777777777,0.028169014084507
P04,2024_Bahrain_GP,0.35,16,Safety car deployment,HIGHLIGHT,0,72,71,0.0,0.0
P04,2024_Bahrain_GP,0.35,17,Gap & pace,HIGHLIGHT,0,72,71,0.0,0.0
P04,2024_Bahrain_GP,0.35,18,Team dynamics,HIGHLIGHT,15,72,71,0.2083333333333333,0.2112676056338028
P04,2024_Bahrain_GP,0.35,19,Race lead holding,HIGHLIGHT,3,72,71,0.0416666666666666,0.0422535211267605
P04,2024_Bahrain_GP,0.35,20,Wing & car damage,HIGHLIGHT,1,72,71,0.0138888888888888,0.0140845070422535
P04,2024_Bahrain_GP,0.35,21,Braking & lockups,HIGHLIGHT,1,72,71,0.0138888888888888,0.0140845070422535
P04,2024_Bahrain_GP,0.35,22,Wheel-to-wheel,HIGHLIGHT,0,72,71,0.0,0.0
P04,2024_Bahrain_GP,0.35,23,Circuit action,HIGHLIGHT,0,72,71,0.0,0.0
P04,2024_Bahrain_GP,0.35,24,Inter-car distance,HIGHLIGHT,1,72,71,0.0138888888888888,0.0140845070422535
P04,2024_Bahrain_GP,0.35,25,Driver & team references,HIGHLIGHT,5,72,71,0.0694444444444444,0.0704225352112676
P04,2024_Bahrain_GP,0.35,26,Defending & attacking,HIGHLIGHT,4,72,71,0.0555555555555555,0.056338028169014
P04,2024_Bahrain_GP,0.35,27,Overtake battles,HIGHLIGHT,13,72,71,0.1805555555555555,0.1830985915492957
P04,2024_Bahrain_GP,0.35,28,Corner battles,HIGHLIGHT,0,72,71,0.0,0.0
P04,2024_Bahrain_GP,0.35,29,Corner specific moves,HIGHLIGHT,3,72,71,0.0416666666666666,0.0422535211267605
P04,2024_Bahrain_GP,0.35,30,Lap pace & timing,HIGHLIGHT,2,72,71,0.0277777777777777,0.028169014084507
P04,2024_Bahrain_GP,0.35,31,Race leader changes,HIGHLIGHT,4,72,71,0.0555555555555555,0.056338028169014
P04,2024_Bahrain_GP,0.35,32,Front position changes,HIGHLIGHT,3,72,71,0.0416666666666666,0.0422535211267605
P04,2024_Bahrain_GP,0.35,33,Field position changes,HIGHLIGHT,1,72,71,0.0138888888888888,0.0140845070422535
P04,2024_Bahrain_GP,0.4,0,DRS-assisted battles,HIGHLIGHT,0,72,68,0.0,0.0
P04,2024_Bahrain_GP,0.4,1,Time penalties,HIGHLIGHT,0,72,68,0.0,0.0
P04,2024_Bahrain_GP,0.4,2,Lights-out race starts,HIGHLIGHT,0,72,68,0.0,0.0
P04,2024_Bahrain_GP,0.4,3,Mirror checks defending,HIGHLIGHT,1,72,68,0.0138888888888888,0.0147058823529411
P04,2024_Bahrain_GP,0.4,4,Race start launch,HIGHLIGHT,0,72,68,0.0,0.0
P04,2024_Bahrain_GP,0.4,5,Weather conditions,HIGHLIGHT,0,72,68,0.0,0.0
P04,2024_Bahrain_GP,0.4,6,Grand Prix wins,HIGHLIGHT,5,72,68,0.0694444444444444,0.0735294117647058
P04,2024_Bahrain_GP,0.4,7,Race start lights,HIGHLIGHT,1,72,68,0.0138888888888888,0.0147058823529411
P04,2024_Bahrain_GP,0.4,8,Race control flags,HIGHLIGHT,0,72,68,0.0,0.0
P04,2024_Bahrain_GP,0.4,9,Formula 1 milestones,HIGHLIGHT,1,72,68,0.0138888888888888,0.0147058823529411
P04,2024_Bahrain_GP,0.4,10,Chicane moves,HIGHLIGHT,0,72,68,0.0,0.0
P04,2024_Bahrain_GP,0.4,11,Team radio celebrations,HIGHLIGHT,1,72,68,0.0138888888888888,0.0147058823529411
P04,2024_Bahrain_GP,0.4,12,Podium finishes,HIGHLIGHT,0,72,68,0.0,0.0
P04,2024_Bahrain_GP,0.4,13,Championship & title,HIGHLIGHT,1,72,68,0.0138888888888888,0.0147058823529411
P04,2024_Bahrain_GP,0.4,14,Pit stops,HIGHLIGHT,2,72,68,0.0277777777777777,0.0294117647058823
P04,2024_Bahrain_GP,0.4,15,Tires & compounds,HIGHLIGHT,2,72,68,0.0277777777777777,0.0294117647058823
P04,2024_Bahrain_GP,0.4,16,Safety car deployment,HIGHLIGHT,0,72,68,0.0,0.0
P04,2024_Bahrain_GP,0.4,17,Gap & pace,HIGHLIGHT,0,72,68,0.0,0.0
P04,2024_Bahrain_GP,0.4,18,Team dynamics,HIGHLIGHT,15,72,68,0.2083333333333333,0.2205882352941176
P04,2024_Bahrain_GP,0.4,19,Race lead holding,HIGHLIGHT,3,72,68,0.0416666666666666,0.0441176470588235
P04,2024_Bahrain_GP,0.4,20,Wing & car damage,HIGHLIGHT,0,72,68,0.0,0.0
P04,2024_Bahrain_GP,0.4,21,Braking & lockups,HIGHLIGHT,1,72,68,0.0138888888888888,0.0147058823529411
P04,2024_Bahrain_GP,0.4,22,Wheel-to-wheel,HIGHLIGHT,0,72,68,0.0,0.0
P04,2024_Bahrain_GP,0.4,23,Circuit action,HIGHLIGHT,0,72,68,0.0,0.0
P04,2024_Bahrain_GP,0.4,24,Inter-car distance,HIGHLIGHT,1,72,68,0.0138888888888888,0.0147058823529411
P04,2024_Bahrain_GP,0.4,25,Driver & team references,HIGHLIGHT,5,72,68,0.0694444444444444,0.0735294117647058
P04,2024_Bahrain_GP,0.4,26,Defending & attacking,HIGHLIGHT,3,72,68,0.0416666666666666,0.0441176470588235
P04,2024_Bahrain_GP,0.4,27,Overtake battles,HIGHLIGHT,13,72,68,0.1805555555555555,0.1911764705882352
P04,2024_Bahrain_GP,0.4,28,Corner battles,HIGHLIGHT,0,72,68,0.0,0.0
P04,2024_Bahrain_GP,0.4,29,Corner specific moves,HIGHLIGHT,3,72,68,0.0416666666666666,0.0441176470588235
P04,2024_Bahrain_GP,0.4,30,Lap pace & timing,HIGHLIGHT,2,72,68,0.0277777777777777,0.0294117647058823
P04,2024_Bahrain_GP,0.4,31,Race leader changes,HIGHLIGHT,4,72,68,0.0555555555555555,0.0588235294117647
P04,2024_Bahrain_GP,0.4,32,Front position changes,HIGHLIGHT,3,72,68,0.0416666666666666,0.0441176470588235
P04,2024_Bahrain_GP,0.4,33,Field position changes,HIGHLIGHT,1,72,68,0.0138888888888888,0.0147058823529411
P04,2024_Bahrain_GP,0.45,0,DRS-assisted battles,HIGHLIGHT,0,72,65,0.0,0.0
P04,2024_Bahrain_GP,0.45,1,Time penalties,HIGHLIGHT,0,72,65,0.0,0.0
P04,2024_Bahrain_GP,0.45,2,Lights-out race starts,HIGHLIGHT,0,72,65,0.0,0.0
P04,2024_Bahrain_GP,0.45,3,Mirror checks defending,HIGHLIGHT,1,72,65,0.0138888888888888,0.0153846153846153
P04,2024_Bahrain_GP,0.45,4,Race start launch,HIGHLIGHT,0,72,65,0.0,0.0
P04,2024_Bahrain_GP,0.45,5,Weather conditions,HIGHLIGHT,0,72,65,0.0,0.0
P04,2024_Bahrain_GP,0.45,6,Grand Prix wins,HIGHLIGHT,5,72,65,0.0694444444444444,0.0769230769230769
P04,2024_Bahrain_GP,0.45,7,Race start lights,HIGHLIGHT,1,72,65,0.0138888888888888,0.0153846153846153
P04,2024_Bahrain_GP,0.45,8,Race control flags,HIGHLIGHT,0,72,65,0.0,0.0
P04,2024_Bahrain_GP,0.45,9,Formula 1 milestones,HIGHLIGHT,1,72,65,0.0138888888888888,0.0153846153846153
P04,2024_Bahrain_GP,0.45,10,Chicane moves,HIGHLIGHT,0,72,65,0.0,0.0
P04,2024_Bahrain_GP,0.45,11,Team radio celebrations,HIGHLIGHT,0,72,65,0.0,0.0
P04,2024_Bahrain_GP,0.45,12,Podium finishes,HIGHLIGHT,0,72,65,0.0,0.0
P04,2024_Bahrain_GP,0.45,13,Championship & title,HIGHLIGHT,1,72,65,0.0138888888888888,0.0153846153846153
P04,2024_Bahrain_GP,0.45,14,Pit stops,HIGHLIGHT,2,72,65,0.0277777777777777,0.0307692307692307
P04,2024_Bahrain_GP,0.45,15,Tires & compounds,HIGHLIGHT,2,72,65,0.0277777777777777,0.0307692307692307
P04,2024_Bahrain_GP,0.45,16,Safety car deployment,HIGHLIGHT,0,72,65,0.0,0.0
P04,2024_Bahrain_GP,0.45,17,Gap & pace,HIGHLIGHT,0,72,65,0.0,0.0
P04,2024_Bahrain_GP,0.45,18,Team dynamics,HIGHLIGHT,15,72,65,0.2083333333333333,0.2307692307692307
P04,2024_Bahrain_GP,0.45,19,Race lead holding,HIGHLIGHT,3,72,65,0.0416666666666666,0.0461538461538461
P04,2024_Bahrain_GP,0.45,20,Wing & car damage,HIGHLIGHT,0,72,65,0.0,0.0
P04,2024_Bahrain_GP,0.45,21,Braking & lockups,HIGHLIGHT,1,72,65,0.0138888888888888,0.0153846153846153
P04,2024_Bahrain_GP,0.45,22,Wheel-to-wheel,HIGHLIGHT,0,72,65,0.0,0.0
P04,2024_Bahrain_GP,0.45,23,Circuit action,HIGHLIGHT,0,72,65,0.0,0.0
P04,2024_Bahrain_GP,0.45,24,Inter-car distance,HIGHLIGHT,1,72,65,0.0138888888888888,0.0153846153846153
P04,2024_Bahrain_GP,0.45,25,Driver & team references,HIGHLIGHT,5,72,65,0.0694444444444444,0.0769230769230769
P04,2024_Bahrain_GP,0.45,26,Defending & attacking,HIGHLIGHT,3,72,65,0.0416666666666666,0.0461538461538461
P04,2024_Bahrain_GP,0.45,27,Overtake battles,HIGHLIGHT,12,72,65,0.1666666666666666,0.1846153846153846
P04,2024_Bahrain_GP,0.45,28,Corner battles,HIGHLIGHT,0,72,65,0.0,0.0
P04,2024_Bahrain_GP,0.45,29,Corner specific moves,HIGHLIGHT,3,72,65,0.0416666666666666,0.0461538461538461
P04,2024_Bahrain_GP,0.45,30,Lap pace & timing,HIGHLIGHT,2,72,65,0.0277777777777777,0.0307692307692307
P04,2024_Bahrain_GP,0.45,31,Race leader changes,HIGHLIGHT,4,72,65,0.0555555555555555,0.0615384615384615
P04,2024_Bahrain_GP,0.45,32,Front position changes,HIGHLIGHT,2,72,65,0.0277777777777777,0.0307692307692307
P04,2024_Bahrain_GP,0.45,33,Field position changes,HIGHLIGHT,1,72,65,0.0138888888888888,0.0153846153846153
P04,2024_Bahrain_GP,0.35,0,DRS-assisted battles,FULL_RACE,31,1322,1046,0.0234493192133131,0.0296367112810707
P04,2024_Bahrain_GP,0.35,1,Time penalties,FULL_RACE,4,1322,1046,0.0030257186081694,0.0038240917782026
P04,2024_Bahrain_GP,0.35,2,Lights-out race starts,FULL_RACE,12,1322,1046,0.0090771558245083,0.011472275334608
P04,2024_Bahrain_GP,0.35,3,Mirror checks defending,FULL_RACE,8,1322,1046,0.0060514372163388,0.0076481835564053
P04,2024_Bahrain_GP,0.35,4,Race start launch,FULL_RACE,7,1322,1046,0.0052950075642965,0.0066921606118546
P04,2024_Bahrain_GP,0.35,5,Weather conditions,FULL_RACE,3,1322,1046,0.002269288956127,0.002868068833652
P04,2024_Bahrain_GP,0.35,6,Grand Prix wins,FULL_RACE,68,1322,1046,0.0514372163388804,0.0650095602294455
P04,2024_Bahrain_GP,0.35,7,Race start lights,FULL_RACE,2,1322,1046,0.0015128593040847,0.0019120458891013
P04,2024_Bahrain_GP,0.35,8,Race control flags,FULL_RACE,12,1322,1046,0.0090771558245083,0.011472275334608
P04,2024_Bahrain_GP,0.35,9,Formula 1 milestones,FULL_RACE,35,1322,1046,0.0264750378214826,0.0334608030592734
P04,2024_Bahrain_GP,0.35,10,Chicane moves,FULL_RACE,0,1322,1046,0.0,0.0
P04,2024_Bahrain_GP,0.35,11,Team radio celebrations,FULL_RACE,28,1322,1046,0.021180030257186,0.0267686424474187
P04,2024_Bahrain_GP,0.35,12,Podium finishes,FULL_RACE,22,1322,1046,0.0166414523449319,0.0210325047801147
P04,2024_Bahrain_GP,0.35,13,Championship & title,FULL_RACE,46,1322,1046,0.0347957639939485,0.0439770554493307
P04,2024_Bahrain_GP,0.35,14,Pit stops,FULL_RACE,35,1322,1046,0.0264750378214826,0.0334608030592734
P04,2024_Bahrain_GP,0.35,15,Tires & compounds,FULL_RACE,66,1322,1046,0.0499243570347957,0.0630975143403441
P04,2024_Bahrain_GP,0.35,16,Safety car deployment,FULL_RACE,23,1322,1046,0.0173978819969742,0.0219885277246653
P04,2024_Bahrain_GP,0.35,17,Gap & pace,FULL_RACE,26,1322,1046,0.0196671709531013,0.0248565965583174
P04,2024_Bahrain_GP,0.35,18,Team dynamics,FULL_RACE,99,1322,1046,0.0748865355521936,0.0946462715105162
P04,2024_Bahrain_GP,0.35,19,Race lead holding,FULL_RACE,4,1322,1046,0.0030257186081694,0.0038240917782026
P04,2024_Bahrain_GP,0.35,20,Wing & car damage,FULL_RACE,31,1322,1046,0.0234493192133131,0.0296367112810707
P04,2024_Bahrain_GP,0.35,21,Braking & lockups,FULL_RACE,65,1322,1046,0.0491679273827534,0.0621414913957935
P04,2024_Bahrain_GP,0.35,22,Wheel-to-wheel,FULL_RACE,12,1322,1046,0.0090771558245083,0.011472275334608
P04,2024_Bahrain_GP,0.35,23,Circuit action,FULL_RACE,26,1322,1046,0.0196671709531013,0.0248565965583174
P04,2024_Bahrain_GP,0.35,24,Inter-car distance,FULL_RACE,20,1322,1046,0.0151285930408472,0.0191204588910133
P04,2024_Bahrain_GP,0.35,25,Driver & team references,FULL_RACE,48,1322,1046,0.0363086232980332,0.0458891013384321
P04,2024_Bahrain_GP,0.35,26,Defending & attacking,FULL_RACE,17,1322,1046,0.0128593040847201,0.0162523900573613
P04,2024_Bahrain_GP,0.35,27,Overtake battles,FULL_RACE,102,1322,1046,0.0771558245083207,0.0975143403441682
P04,2024_Bahrain_GP,0.35,28,Corner battles,FULL_RACE,15,1322,1046,0.0113464447806354,0.01434034416826
P04,2024_Bahrain_GP,0.35,29,Corner specific moves,FULL_RACE,16,1322,1046,0.0121028744326777,0.0152963671128107
P04,2024_Bahrain_GP,0.35,30,Lap pace & timing,FULL_RACE,54,1322,1046,0.0408472012102874,0.0516252390057361
P04,2024_Bahrain_GP,0.35,31,Race leader changes,FULL_RACE,61,1322,1046,0.0461422087745839,0.0583173996175908
P04,2024_Bahrain_GP,0.35,32,Front position changes,FULL_RACE,17,1322,1046,0.0128593040847201,0.0162523900573613
P04,2024_Bahrain_GP,0.35,33,Field position changes,FULL_RACE,31,1322,1046,0.0234493192133131,0.0296367112810707
P04,2024_Bahrain_GP,0.4,0,DRS-assisted battles,FULL_RACE,29,1322,949,0.0219364599092284,0.0305584826132771
P04,2024_Bahrain_GP,0.4,1,Time penalties,FULL_RACE,4,1322,949,0.0030257186081694,0.0042149631190727
P04,2024_Bahrain_GP,0.4,2,Lights-out race starts,FULL_RACE,5,1322,949,0.0037821482602118,0.0052687038988408
P04,2024_Bahrain_GP,0.4,3,Mirror checks defending,FULL_RACE,7,1322,949,0.0052950075642965,0.0073761854583772
P04,2024_Bahrain_GP,0.4,4,Race start launch,FULL_RACE,5,1322,949,0.0037821482602118,0.0052687038988408
P04,2024_Bahrain_GP,0.4,5,Weather conditions,FULL_RACE,3,1322,949,0.002269288956127,0.0031612223393045
P04,2024_Bahrain_GP,0.4,6,Grand Prix wins,FULL_RACE,67,1322,949,0.0506807866868381,0.0706006322444678
P04,2024_Bahrain_GP,0.4,7,Race start lights,FULL_RACE,2,1322,949,0.0015128593040847,0.0021074815595363
P04,2024_Bahrain_GP,0.4,8,Race control flags,FULL_RACE,11,1322,949,0.0083207261724659,0.0115911485774499
P04,2024_Bahrain_GP,0.4,9,Formula 1 milestones,FULL_RACE,35,1322,949,0.0264750378214826,0.0368809272918862
P04,2024_Bahrain_GP,0.4,10,Chicane moves,FULL_RACE,0,1322,949,0.0,0.0
P04,2024_Bahrain_GP,0.4,11,Team radio celebrations,FULL_RACE,18,1322,949,0.0136157337367624,0.0189673340358271
P04,2024_Bahrain_GP,0.4,12,Podium finishes,FULL_RACE,19,1322,949,0.0143721633888048,0.0200210748155953
P04,2024_Bahrain_GP,0.4,13,Championship & title,FULL_RACE,37,1322,949,0.0279878971255673,0.0389884088514225
P04,2024_Bahrain_GP,0.4,14,Pit stops,FULL_RACE,34,1322,949,0.0257186081694402,0.035827186512118
P04,2024_Bahrain_GP,0.4,15,Tires & compounds,FULL_RACE,64,1322,949,0.048411497730711,0.0674394099051633
P04,2024_Bahrain_GP,0.4,16,Safety car deployment,FULL_RACE,20,1322,949,0.0151285930408472,0.0210748155953635
P04,2024_Bahrain_GP,0.4,17,Gap & pace,FULL_RACE,22,1322,949,0.0166414523449319,0.0231822971548998
P04,2024_Bahrain_GP,0.4,18,Team dynamics,FULL_RACE,92,1322,949,0.0695915279878971,0.0969441517386722
P04,2024_Bahrain_GP,0.4,19,Race lead holding,FULL_RACE,4,1322,949,0.0030257186081694,0.0042149631190727
P04,2024_Bahrain_GP,0.4,20,Wing & car damage,FULL_RACE,18,1322,949,0.0136157337367624,0.0189673340358271
P04,2024_Bahrain_GP,0.4,21,Braking & lockups,FULL_RACE,57,1322,949,0.0431164901664145,0.060063224446786
P04,2024_Bahrain_GP,0.4,22,Wheel-to-wheel,FULL_RACE,10,1322,949,0.0075642965204236,0.0105374077976817
P04,2024_Bahrain_GP,0.4,23,Circuit action,FULL_RACE,25,1322,949,0.018910741301059,0.0263435194942044
P04,2024_Bahrain_GP,0.4,24,Inter-car distance,FULL_RACE,19,1322,949,0.0143721633888048,0.0200210748155953
P04,2024_Bahrain_GP,0.4,25,Driver & team references,FULL_RACE,47,1322,949,0.0355521936459909,0.0495258166491043
P04,2024_Bahrain_GP,0.4,26,Defending & attacking,FULL_RACE,16,1322,949,0.0121028744326777,0.0168598524762908
P04,2024_Bahrain_GP,0.4,27,Overtake battles,FULL_RACE,98,1322,949,0.0741301059001512,0.1032665964172813
P04,2024_Bahrain_GP,0.4,28,Corner battles,FULL_RACE,12,1322,949,0.0090771558245083,0.0126448893572181
P04,2024_Bahrain_GP,0.4,29,Corner specific moves,FULL_RACE,14,1322,949,0.010590015128593,0.0147523709167544
P04,2024_Bahrain_GP,0.4,30,Lap pace & timing,FULL_RACE,53,1322,949,0.040090771558245,0.0558482613277133
P04,2024_Bahrain_GP,0.4,31,Race leader changes,FULL_RACE,61,1322,949,0.0461422087745839,0.0642781875658588
P04,2024_Bahrain_GP,0.4,32,Front position changes,FULL_RACE,16,1322,949,0.0121028744326777,0.0168598524762908
P04,2024_Bahrain_GP,0.4,33,Field position changes,FULL_RACE,25,1322,949,0.018910741301059,0.0263435194942044
P04,2024_Bahrain_GP,0.45,0,DRS-assisted battles,FULL_RACE,28,1322,837,0.021180030257186,0.033452807646356
P04,2024_Bahrain_GP,0.45,1,Time penalties,FULL_RACE,3,1322,837,0.002269288956127,0.003584229390681
P04,2024_Bahrain_GP,0.45,2,Lights-out race starts,FULL_RACE,2,1322,837,0.0015128593040847,0.002389486260454
P04,2024_Bahrain_GP,0.45,3,Mirror checks defending,FULL_RACE,6,1322,837,0.0045385779122541,0.007168458781362
P04,2024_Bahrain_GP,0.45,4,Race start launch,FULL_RACE,2,1322,837,0.0015128593040847,0.002389486260454
P04,2024_Bahrain_GP,0.45,5,Weather conditions,FULL_RACE,3,1322,837,0.002269288956127,0.003584229390681
P04,2024_Bahrain_GP,0.45,6,Grand Prix wins,FULL_RACE,64,1322,837,0.048411497730711,0.076463560334528
P04,2024_Bahrain_GP,0.45,7,Race start lights,FULL_RACE,2,1322,837,0.0015128593040847,0.002389486260454
P04,2024_Bahrain_GP,0.45,8,Race control flags,FULL_RACE,10,1322,837,0.0075642965204236,0.01194743130227
P04,2024_Bahrain_GP,0.45,9,Formula 1 milestones,FULL_RACE,34,1322,837,0.0257186081694402,0.040621266427718
P04,2024_Bahrain_GP,0.45,10,Chicane moves,FULL_RACE,0,1322,837,0.0,0.0
P04,2024_Bahrain_GP,0.45,11,Team radio celebrations,FULL_RACE,13,1322,837,0.0098335854765506,0.015531660692951
P04,2024_Bahrain_GP,0.45,12,Podium finishes,FULL_RACE,18,1322,837,0.0136157337367624,0.021505376344086
P04,2024_Bahrain_GP,0.45,13,Championship & title,FULL_RACE,29,1322,837,0.0219364599092284,0.034647550776583
P04,2024_Bahrain_GP,0.45,14,Pit stops,FULL_RACE,31,1322,837,0.0234493192133131,0.037037037037037
P04,2024_Bahrain_GP,0.45,15,Tires & compounds,FULL_RACE,58,1322,837,0.0438729198184568,0.069295101553166
P04,2024_Bahrain_GP,0.45,16,Safety car deployment,FULL_RACE,17,1322,837,0.0128593040847201,0.020310633213859
P04,2024_Bahrain_GP,0.45,17,Gap & pace,FULL_RACE,16,1322,837,0.0121028744326777,0.019115890083632
P04,2024_Bahrain_GP,0.45,18,Team dynamics,FULL_RACE,77,1322,837,0.0582450832072617,0.091995221027479
P04,2024_Bahrain_GP,0.45,19,Race lead holding,FULL_RACE,4,1322,837,0.0030257186081694,0.004778972520908
P04,2024_Bahrain_GP,0.45,20,Wing & car damage,FULL_RACE,10,1322,837,0.0075642965204236,0.01194743130227
P04,2024_Bahrain_GP,0.45,21,Braking & lockups,FULL_RACE,50,1322,837,0.037821482602118,0.05973715651135
P04,2024_Bahrain_GP,0.45,22,Wheel-to-wheel,FULL_RACE,8,1322,837,0.0060514372163388,0.009557945041816
P04,2024_Bahrain_GP,0.45,23,Circuit action,FULL_RACE,23,1322,837,0.0173978819969742,0.027479091995221
P04,2024_Bahrain_GP,0.45,24,Inter-car distance,FULL_RACE,15,1322,837,0.0113464447806354,0.017921146953405
P04,2024_Bahrain_GP,0.45,25,Driver & team references,FULL_RACE,44,1322,837,0.0332829046898638,0.052568697729988
P04,2024_Bahrain_GP,0.45,26,Defending & attacking,FULL_RACE,14,1322,837,0.010590015128593,0.016726403823178
P04,2024_Bahrain_GP,0.45,27,Overtake battles,FULL_RACE,92,1322,837,0.0695915279878971,0.1099163679808841
P04,2024_Bahrain_GP,0.45,28,Corner battles,FULL_RACE,8,1322,837,0.0060514372163388,0.009557945041816
P04,2024_Bahrain_GP,0.45,29,Corner specific moves,FULL_RACE,14,1322,837,0.010590015128593,0.016726403823178
P04,2024_Bahrain_GP,0.45,30,Lap pace & timing,FULL_RACE,51,1322,837,0.0385779122541603,0.060931899641577
P04,2024_Bahrain_GP,0.45,31,Race leader changes,FULL_RACE,54,1322,837,0.0408472012102874,0.064516129032258
P04,2024_Bahrain_GP,0.45,32,Front position changes,FULL_RACE,13,1322,837,0.0098335854765506,0.015531660692951
P04,2024_Bahrain_GP,0.45,33,Field position changes,FULL_RACE,24,1322,837,0.0181543116490166,0.028673835125448
P06,2024_Italy_GP,0.35,0,DRS-assisted battles,HIGHLIGHT,0,69,69,0.0,0.0
P06,2024_Italy_GP,0.35,1,Time penalties,HIGHLIGHT,1,69,69,0.0144927536231884,0.0144927536231884
P06,2024_Italy_GP,0.35,2,Lights-out race starts,HIGHLIGHT,0,69,69,0.0,0.0
P06,2024_Italy_GP,0.35,3,Mirror checks defending,HIGHLIGHT,0,69,69,0.0,0.0
P06,2024_Italy_GP,0.35,4,Race start launch,HIGHLIGHT,2,69,69,0.0289855072463768,0.0289855072463768
P06,2024_Italy_GP,0.35,5,Weather conditions,HIGHLIGHT,0,69,69,0.0,0.0
P06,2024_Italy_GP,0.35,6,Grand Prix wins,HIGHLIGHT,5,69,69,0.072463768115942,0.072463768115942
P06,2024_Italy_GP,0.35,7,Race start lights,HIGHLIGHT,0,69,69,0.0,0.0
P06,2024_Italy_GP,0.35,8,Race control flags,HIGHLIGHT,0,69,69,0.0,0.0
P06,2024_Italy_GP,0.35,9,Formula 1 milestones,HIGHLIGHT,0,69,69,0.0,0.0
P06,2024_Italy_GP,0.35,10,Chicane moves,HIGHLIGHT,4,69,69,0.0579710144927536,0.0579710144927536
P06,2024_Italy_GP,0.35,11,Team radio celebrations,HIGHLIGHT,0,69,69,0.0,0.0
P06,2024_Italy_GP,0.35,12,Podium finishes,HIGHLIGHT,0,69,69,0.0,0.0
P06,2024_Italy_GP,0.35,13,Championship & title,HIGHLIGHT,2,69,69,0.0289855072463768,0.0289855072463768
P06,2024_Italy_GP,0.35,14,Pit stops,HIGHLIGHT,2,69,69,0.0289855072463768,0.0289855072463768
P06,2024_Italy_GP,0.35,15,Tires & compounds,HIGHLIGHT,4,69,69,0.0579710144927536,0.0579710144927536
P06,2024_Italy_GP,0.35,16,Safety car deployment,HIGHLIGHT,0,69,69,0.0,0.0
P06,2024_Italy_GP,0.35,17,Gap & pace,HIGHLIGHT,2,69,69,0.0289855072463768,0.0289855072463768
P06,2024_Italy_GP,0.35,18,Team dynamics,HIGHLIGHT,9,69,69,0.1304347826086956,0.1304347826086956
P06,2024_Italy_GP,0.35,19,Race lead holding,HIGHLIGHT,2,69,69,0.0289855072463768,0.0289855072463768
P06,2024_Italy_GP,0.35,20,Wing & car damage,HIGHLIGHT,0,69,69,0.0,0.0
P06,2024_Italy_GP,0.35,21,Braking & lockups,HIGHLIGHT,2,69,69,0.0289855072463768,0.0289855072463768
P06,2024_Italy_GP,0.35,22,Wheel-to-wheel,HIGHLIGHT,2,69,69,0.0289855072463768,0.0289855072463768
P06,2024_Italy_GP,0.35,23,Circuit action,HIGHLIGHT,3,69,69,0.0434782608695652,0.0434782608695652
P06,2024_Italy_GP,0.35,24,Inter-car distance,HIGHLIGHT,0,69,69,0.0,0.0
P06,2024_Italy_GP,0.35,25,Driver & team references,HIGHLIGHT,3,69,69,0.0434782608695652,0.0434782608695652
P06,2024_Italy_GP,0.35,26,Defending & attacking,HIGHLIGHT,2,69,69,0.0289855072463768,0.0289855072463768
P06,2024_Italy_GP,0.35,27,Overtake battles,HIGHLIGHT,11,69,69,0.1594202898550724,0.1594202898550724
P06,2024_Italy_GP,0.35,28,Corner battles,HIGHLIGHT,1,69,69,0.0144927536231884,0.0144927536231884
P06,2024_Italy_GP,0.35,29,Corner specific moves,HIGHLIGHT,0,69,69,0.0,0.0
P06,2024_Italy_GP,0.35,30,Lap pace & timing,HIGHLIGHT,3,69,69,0.0434782608695652,0.0434782608695652
P06,2024_Italy_GP,0.35,31,Race leader changes,HIGHLIGHT,6,69,69,0.0869565217391304,0.0869565217391304
P06,2024_Italy_GP,0.35,32,Front position changes,HIGHLIGHT,2,69,69,0.0289855072463768,0.0289855072463768
P06,2024_Italy_GP,0.35,33,Field position changes,HIGHLIGHT,1,69,69,0.0144927536231884,0.0144927536231884
P06,2024_Italy_GP,0.4,0,DRS-assisted battles,HIGHLIGHT,0,69,67,0.0,0.0
P06,2024_Italy_GP,0.4,1,Time penalties,HIGHLIGHT,1,69,67,0.0144927536231884,0.0149253731343283
P06,2024_Italy_GP,0.4,2,Lights-out race starts,HIGHLIGHT,0,69,67,0.0,0.0
P06,2024_Italy_GP,0.4,3,Mirror checks defending,HIGHLIGHT,0,69,67,0.0,0.0
P06,2024_Italy_GP,0.4,4,Race start launch,HIGHLIGHT,2,69,67,0.0289855072463768,0.0298507462686567
P06,2024_Italy_GP,0.4,5,Weather conditions,HIGHLIGHT,0,69,67,0.0,0.0
P06,2024_Italy_GP,0.4,6,Grand Prix wins,HIGHLIGHT,5,69,67,0.072463768115942,0.0746268656716417
P06,2024_Italy_GP,0.4,7,Race start lights,HIGHLIGHT,0,69,67,0.0,0.0
P06,2024_Italy_GP,0.4,8,Race control flags,HIGHLIGHT,0,69,67,0.0,0.0
P06,2024_Italy_GP,0.4,9,Formula 1 milestones,HIGHLIGHT,0,69,67,0.0,0.0
P06,2024_Italy_GP,0.4,10,Chicane moves,HIGHLIGHT,4,69,67,0.0579710144927536,0.0597014925373134
P06,2024_Italy_GP,0.4,11,Team radio celebrations,HIGHLIGHT,0,69,67,0.0,0.0
P06,2024_Italy_GP,0.4,12,Podium finishes,HIGHLIGHT,0,69,67,0.0,0.0
P06,2024_Italy_GP,0.4,13,Championship & title,HIGHLIGHT,2,69,67,0.0289855072463768,0.0298507462686567
P06,2024_Italy_GP,0.4,14,Pit stops,HIGHLIGHT,2,69,67,0.0289855072463768,0.0298507462686567
P06,2024_Italy_GP,0.4,15,Tires & compounds,HIGHLIGHT,4,69,67,0.0579710144927536,0.0597014925373134
P06,2024_Italy_GP,0.4,16,Safety car deployment,HIGHLIGHT,0,69,67,0.0,0.0
P06,2024_Italy_GP,0.4,17,Gap & pace,HIGHLIGHT,2,69,67,0.0289855072463768,0.0298507462686567
P06,2024_Italy_GP,0.4,18,Team dynamics,HIGHLIGHT,9,69,67,0.1304347826086956,0.1343283582089552
P06,2024_Italy_GP,0.4,19,Race lead holding,HIGHLIGHT,2,69,67,0.0289855072463768,0.0298507462686567
P06,2024_Italy_GP,0.4,20,Wing & car damage,HIGHLIGHT,0,69,67,0.0,0.0
P06,2024_Italy_GP,0.4,21,Braking & lockups,HIGHLIGHT,2,69,67,0.0289855072463768,0.0298507462686567
P06,2024_Italy_GP,0.4,22,Wheel-to-wheel,HIGHLIGHT,2,69,67,0.0289855072463768,0.0298507462686567
P06,2024_Italy_GP,0.4,23,Circuit action,HIGHLIGHT,3,69,67,0.0434782608695652,0.044776119402985
P06,2024_Italy_GP,0.4,24,Inter-car distance,HIGHLIGHT,0,69,67,0.0,0.0
P06,2024_Italy_GP,0.4,25,Driver & team references,HIGHLIGHT,3,69,67,0.0434782608695652,0.044776119402985
P06,2024_Italy_GP,0.4,26,Defending & attacking,HIGHLIGHT,1,69,67,0.0144927536231884,0.0149253731343283
P06,2024_Italy_GP,0.4,27,Overtake battles,HIGHLIGHT,10,69,67,0.144927536231884,0.1492537313432835
P06,2024_Italy_GP,0.4,28,Corner battles,HIGHLIGHT,1,69,67,0.0144927536231884,0.0149253731343283
P06,2024_Italy_GP,0.4,29,Corner specific moves,HIGHLIGHT,0,69,67,0.0,0.0
P06,2024_Italy_GP,0.4,30,Lap pace & timing,HIGHLIGHT,3,69,67,0.0434782608695652,0.044776119402985
P06,2024_Italy_GP,0.4,31,Race leader changes,HIGHLIGHT,6,69,67,0.0869565217391304,0.0895522388059701
P06,2024_Italy_GP,0.4,32,Front position changes,HIGHLIGHT,2,69,67,0.0289855072463768,0.0298507462686567
P06,2024_Italy_GP,0.4,33,Field position changes,HIGHLIGHT,1,69,67,0.0144927536231884,0.0149253731343283
P06,2024_Italy_GP,0.45,0,DRS-assisted battles,HIGHLIGHT,0,69,63,0.0,0.0
P06,2024_Italy_GP,0.45,1,Time penalties,HIGHLIGHT,1,69,63,0.0144927536231884,0.0158730158730158
P06,2024_Italy_GP,0.45,2,Lights-out race starts,HIGHLIGHT,0,69,63,0.0,0.0
P06,2024_Italy_GP,0.45,3,Mirror checks defending,HIGHLIGHT,0,69,63,0.0,0.0
P06,2024_Italy_GP,0.45,4,Race start launch,HIGHLIGHT,2,69,63,0.0289855072463768,0.0317460317460317
P06,2024_Italy_GP,0.45,5,Weather conditions,HIGHLIGHT,0,69,63,0.0,0.0
P06,2024_Italy_GP,0.45,6,Grand Prix wins,HIGHLIGHT,5,69,63,0.072463768115942,0.0793650793650793
P06,2024_Italy_GP,0.45,7,Race start lights,HIGHLIGHT,0,69,63,0.0,0.0
P06,2024_Italy_GP,0.45,8,Race control flags,HIGHLIGHT,0,69,63,0.0,0.0
P06,2024_Italy_GP,0.45,9,Formula 1 milestones,HIGHLIGHT,0,69,63,0.0,0.0
P06,2024_Italy_GP,0.45,10,Chicane moves,HIGHLIGHT,4,69,63,0.0579710144927536,0.0634920634920634
P06,2024_Italy_GP,0.45,11,Team radio celebrations,HIGHLIGHT,0,69,63,0.0,0.0
P06,2024_Italy_GP,0.45,12,Podium finishes,HIGHLIGHT,0,69,63,0.0,0.0
P06,2024_Italy_GP,0.45,13,Championship & title,HIGHLIGHT,2,69,63,0.0289855072463768,0.0317460317460317
P06,2024_Italy_GP,0.45,14,Pit stops,HIGHLIGHT,2,69,63,0.0289855072463768,0.0317460317460317
P06,2024_Italy_GP,0.45,15,Tires & compounds,HIGHLIGHT,3,69,63,0.0434782608695652,0.0476190476190476
P06,2024_Italy_GP,0.45,16,Safety car deployment,HIGHLIGHT,0,69,63,0.0,0.0
P06,2024_Italy_GP,0.45,17,Gap & pace,HIGHLIGHT,2,69,63,0.0289855072463768,0.0317460317460317
P06,2024_Italy_GP,0.45,18,Team dynamics,HIGHLIGHT,9,69,63,0.1304347826086956,0.1428571428571428
P06,2024_Italy_GP,0.45,19,Race lead holding,HIGHLIGHT,2,69,63,0.0289855072463768,0.0317460317460317
P06,2024_Italy_GP,0.45,20,Wing & car damage,HIGHLIGHT,0,69,63,0.0,0.0
P06,2024_Italy_GP,0.45,21,Braking & lockups,HIGHLIGHT,1,69,63,0.0144927536231884,0.0158730158730158
P06,2024_Italy_GP,0.45,22,Wheel-to-wheel,HIGHLIGHT,2,69,63,0.0289855072463768,0.0317460317460317
P06,2024_Italy_GP,0.45,23,Circuit action,HIGHLIGHT,3,69,63,0.0434782608695652,0.0476190476190476
P06,2024_Italy_GP,0.45,24,Inter-car distance,HIGHLIGHT,0,69,63,0.0,0.0
P06,2024_Italy_GP,0.45,25,Driver & team references,HIGHLIGHT,3,69,63,0.0434782608695652,0.0476190476190476
P06,2024_Italy_GP,0.45,26,Defending & attacking,HIGHLIGHT,0,69,63,0.0,0.0
P06,2024_Italy_GP,0.45,27,Overtake battles,HIGHLIGHT,9,69,63,0.1304347826086956,0.1428571428571428
P06,2024_Italy_GP,0.45,28,Corner battles,HIGHLIGHT,1,69,63,0.0144927536231884,0.0158730158730158
P06,2024_Italy_GP,0.45,29,Corner specific moves,HIGHLIGHT,0,69,63,0.0,0.0
P06,2024_Italy_GP,0.45,30,Lap pace & timing,HIGHLIGHT,3,69,63,0.0434782608695652,0.0476190476190476
P06,2024_Italy_GP,0.45,31,Race leader changes,HIGHLIGHT,6,69,63,0.0869565217391304,0.0952380952380952
P06,2024_Italy_GP,0.45,32,Front position changes,HIGHLIGHT,2,69,63,0.0289855072463768,0.0317460317460317
P06,2024_Italy_GP,0.45,33,Field position changes,HIGHLIGHT,1,69,63,0.0144927536231884,0.0158730158730158
P06,2024_Italy_GP,0.35,0,DRS-assisted battles,FULL_RACE,12,1458,1187,0.0082304526748971,0.0101095197978096
P06,2024_Italy_GP,0.35,1,Time penalties,FULL_RACE,6,1458,1187,0.0041152263374485,0.0050547598989048
P06,2024_Italy_GP,0.35,2,Lights-out race starts,FULL_RACE,10,1458,1187,0.0068587105624142,0.008424599831508
P06,2024_Italy_GP,0.35,3,Mirror checks defending,FULL_RACE,5,1458,1187,0.0034293552812071,0.004212299915754
P06,2024_Italy_GP,0.35,4,Race start launch,FULL_RACE,5,1458,1187,0.0034293552812071,0.004212299915754
P06,2024_Italy_GP,0.35,5,Weather conditions,FULL_RACE,4,1458,1187,0.0027434842249657,0.0033698399326032
P06,2024_Italy_GP,0.35,6,Grand Prix wins,FULL_RACE,87,1458,1187,0.0596707818930041,0.0732940185341196
P06,2024_Italy_GP,0.35,7,Race start lights,FULL_RACE,1,1458,1187,0.0006858710562414,0.0008424599831508
P06,2024_Italy_GP,0.35,8,Race control flags,FULL_RACE,7,1458,1187,0.0048010973936899,0.0058972198820556
P06,2024_Italy_GP,0.35,9,Formula 1 milestones,FULL_RACE,15,1458,1187,0.0102880658436214,0.012636899747262
P06,2024_Italy_GP,0.35,10,Chicane moves,FULL_RACE,18,1458,1187,0.0123456790123456,0.0151642796967144
P06,2024_Italy_GP,0.35,11,Team radio celebrations,FULL_RACE,19,1458,1187,0.0130315500685871,0.0160067396798652
P06,2024_Italy_GP,0.35,12,Podium finishes,FULL_RACE,20,1458,1187,0.0137174211248285,0.016849199663016
P06,2024_Italy_GP,0.35,13,Championship & title,FULL_RACE,71,1458,1187,0.0486968449931412,0.0598146588037068
P06,2024_Italy_GP,0.35,14,Pit stops,FULL_RACE,49,1458,1187,0.0336076817558299,0.0412805391743892
P06,2024_Italy_GP,0.35,15,Tires & compounds,FULL_RACE,91,1458,1187,0.0624142661179698,0.0766638584667228
P06,2024_Italy_GP,0.35,16,Safety car deployment,FULL_RACE,13,1458,1187,0.0089163237311385,0.0109519797809604
P06,2024_Italy_GP,0.35,17,Gap & pace,FULL_RACE,56,1458,1187,0.0384087791495198,0.0471777590564448
P06,2024_Italy_GP,0.35,18,Team dynamics,FULL_RACE,120,1458,1187,0.0823045267489712,0.101095197978096
P06,2024_Italy_GP,0.35,19,Race lead holding,FULL_RACE,13,1458,1187,0.0089163237311385,0.0109519797809604
P06,2024_Italy_GP,0.35,20,Wing & car damage,FULL_RACE,31,1458,1187,0.0212620027434842,0.0261162594776748
P06,2024_Italy_GP,0.35,21,Braking & lockups,FULL_RACE,33,1458,1187,0.022633744855967,0.0278011794439764
P06,2024_Italy_GP,0.35,22,Wheel-to-wheel,FULL_RACE,10,1458,1187,0.0068587105624142,0.008424599831508
P06,2024_Italy_GP,0.35,23,Circuit action,FULL_RACE,40,1458,1187,0.027434842249657,0.033698399326032
P06,2024_Italy_GP,0.35,24,Inter-car distance,FULL_RACE,14,1458,1187,0.0096021947873799,0.0117944397641112
P06,2024_Italy_GP,0.35,25,Driver & team references,FULL_RACE,30,1458,1187,0.0205761316872428,0.025273799494524
P06,2024_Italy_GP,0.35,26,Defending & attacking,FULL_RACE,19,1458,1187,0.0130315500685871,0.0160067396798652
P06,2024_Italy_GP,0.35,27,Overtake battles,FULL_RACE,181,1458,1187,0.1241426611796982,0.1524852569502948
P06,2024_Italy_GP,0.35,28,Corner battles,FULL_RACE,6,1458,1187,0.0041152263374485,0.0050547598989048
P06,2024_Italy_GP,0.35,29,Corner specific moves,FULL_RACE,7,1458,1187,0.0048010973936899,0.0058972198820556
P06,2024_Italy_GP,0.35,30,Lap pace & timing,FULL_RACE,60,1458,1187,0.0411522633744856,0.050547598989048
P06,2024_Italy_GP,0.35,31,Race leader changes,FULL_RACE,64,1458,1187,0.0438957475994513,0.0539174389216512
P06,2024_Italy_GP,0.35,32,Front position changes,FULL_RACE,29,1458,1187,0.0198902606310013,0.0244313395113732
P06,2024_Italy_GP,0.35,33,Field position changes,FULL_RACE,41,1458,1187,0.0281207133058984,0.0345408593091828
P06,2024_Italy_GP,0.4,0,DRS-assisted battles,FULL_RACE,12,1458,1101,0.0082304526748971,0.0108991825613079
P06,2024_Italy_GP,0.4,1,Time penalties,FULL_RACE,6,1458,1101,0.0041152263374485,0.0054495912806539
P06,2024_Italy_GP,0.4,2,Lights-out race starts,FULL_RACE,5,1458,1101,0.0034293552812071,0.0045413260672116
P06,2024_Italy_GP,0.4,3,Mirror checks defending,FULL_RACE,2,1458,1101,0.0013717421124828,0.0018165304268846
P06,2024_Italy_GP,0.4,4,Race start launch,FULL_RACE,5,1458,1101,0.0034293552812071,0.0045413260672116
P06,2024_Italy_GP,0.4,5,Weather conditions,FULL_RACE,3,1458,1101,0.0020576131687242,0.0027247956403269
P06,2024_Italy_GP,0.4,6,Grand Prix wins,FULL_RACE,85,1458,1101,0.0582990397805212,0.0772025431425976
P06,2024_Italy_GP,0.4,7,Race start lights,FULL_RACE,1,1458,1101,0.0006858710562414,0.0009082652134423
P06,2024_Italy_GP,0.4,8,Race control flags,FULL_RACE,7,1458,1101,0.0048010973936899,0.0063578564940962
P06,2024_Italy_GP,0.4,9,Formula 1 milestones,FULL_RACE,15,1458,1101,0.0102880658436214,0.0136239782016348
P06,2024_Italy_GP,0.4,10,Chicane moves,FULL_RACE,18,1458,1101,0.0123456790123456,0.0163487738419618
P06,2024_Italy_GP,0.4,11,Team radio celebrations,FULL_RACE,16,1458,1101,0.0109739368998628,0.0145322434150772
P06,2024_Italy_GP,0.4,12,Podium finishes,FULL_RACE,19,1458,1101,0.0130315500685871,0.0172570390554041
P06,2024_Italy_GP,0.4,13,Championship & title,FULL_RACE,56,1458,1101,0.0384087791495198,0.0508628519527702
P06,2024_Italy_GP,0.4,14,Pit stops,FULL_RACE,45,1458,1101,0.0308641975308641,0.0408719346049046
P06,2024_Italy_GP,0.4,15,Tires & compounds,FULL_RACE,89,1458,1101,0.0610425240054869,0.0808356039963669
P06,2024_Italy_GP,0.4,16,Safety car deployment,FULL_RACE,11,1458,1101,0.0075445816186556,0.0099909173478655
P06,2024_Italy_GP,0.4,17,Gap & pace,FULL_RACE,51,1458,1101,0.0349794238683127,0.0463215258855585
P06,2024_Italy_GP,0.4,18,Team dynamics,FULL_RACE,116,1458,1101,0.0795610425240054,0.1053587647593097
P06,2024_Italy_GP,0.4,19,Race lead holding,FULL_RACE,12,1458,1101,0.0082304526748971,0.0108991825613079
P06,2024_Italy_GP,0.4,20,Wing & car damage,FULL_RACE,26,1458,1101,0.017832647462277,0.0236148955495004
P06,2024_Italy_GP,0.4,21,Braking & lockups,FULL_RACE,27,1458,1101,0.0185185185185185,0.0245231607629427
P06,2024_Italy_GP,0.4,22,Wheel-to-wheel,FULL_RACE,10,1458,1101,0.0068587105624142,0.0090826521344232
P06,2024_Italy_GP,0.4,23,Circuit action,FULL_RACE,32,1458,1101,0.0219478737997256,0.0290644868301544
P06,2024_Italy_GP,0.4,24,Inter-car distance,FULL_RACE,12,1458,1101,0.0082304526748971,0.0108991825613079
P06,2024_Italy_GP,0.4,25,Driver & team references,FULL_RACE,29,1458,1101,0.0198902606310013,0.0263396911898274
P06,2024_Italy_GP,0.4,26,Defending & attacking,FULL_RACE,16,1458,1101,0.0109739368998628,0.0145322434150772
P06,2024_Italy_GP,0.4,27,Overtake battles,FULL_RACE,179,1458,1101,0.1227709190672153,0.1625794732061762
P06,2024_Italy_GP,0.4,28,Corner battles,FULL_RACE,5,1458,1101,0.0034293552812071,0.0045413260672116
P06,2024_Italy_GP,0.4,29,Corner specific moves,FULL_RACE,3,1458,1101,0.0020576131687242,0.0027247956403269
P06,2024_Italy_GP,0.4,30,Lap pace & timing,FULL_RACE,59,1458,1101,0.0404663923182441,0.0535876475930971
P06,2024_Italy_GP,0.4,31,Race leader changes,FULL_RACE,64,1458,1101,0.0438957475994513,0.0581289736603088
P06,2024_Italy_GP,0.4,32,Front position changes,FULL_RACE,28,1458,1101,0.0192043895747599,0.0254314259763851
P06,2024_Italy_GP,0.4,33,Field position changes,FULL_RACE,37,1458,1101,0.0253772290809327,0.033605812897366
P06,2024_Italy_GP,0.45,0,DRS-assisted battles,FULL_RACE,12,1458,1000,0.0082304526748971,0.012
P06,2024_Italy_GP,0.45,1,Time penalties,FULL_RACE,6,1458,1000,0.0041152263374485,0.006
P06,2024_Italy_GP,0.45,2,Lights-out race starts,FULL_RACE,1,1458,1000,0.0006858710562414,0.001
P06,2024_Italy_GP,0.45,3,Mirror checks defending,FULL_RACE,2,1458,1000,0.0013717421124828,0.002
P06,2024_Italy_GP,0.45,4,Race start launch,FULL_RACE,5,1458,1000,0.0034293552812071,0.005
P06,2024_Italy_GP,0.45,5,Weather conditions,FULL_RACE,3,1458,1000,0.0020576131687242,0.003
P06,2024_Italy_GP,0.45,6,Grand Prix wins,FULL_RACE,84,1458,1000,0.0576131687242798,0.084
P06,2024_Italy_GP,0.45,7,Race start lights,FULL_RACE,1,1458,1000,0.0006858710562414,0.001
P06,2024_Italy_GP,0.45,8,Race control flags,FULL_RACE,6,1458,1000,0.0041152263374485,0.006
P06,2024_Italy_GP,0.45,9,Formula 1 milestones,FULL_RACE,15,1458,1000,0.0102880658436214,0.015
P06,2024_Italy_GP,0.45,10,Chicane moves,FULL_RACE,17,1458,1000,0.0116598079561042,0.017
P06,2024_Italy_GP,0.45,11,Team radio celebrations,FULL_RACE,11,1458,1000,0.0075445816186556,0.011
P06,2024_Italy_GP,0.45,12,Podium finishes,FULL_RACE,14,1458,1000,0.0096021947873799,0.014
P06,2024_Italy_GP,0.45,13,Championship & title,FULL_RACE,45,1458,1000,0.0308641975308641,0.045
P06,2024_Italy_GP,0.45,14,Pit stops,FULL_RACE,42,1458,1000,0.0288065843621399,0.042
P06,2024_Italy_GP,0.45,15,Tires & compounds,FULL_RACE,84,1458,1000,0.0576131687242798,0.084
P06,2024_Italy_GP,0.45,16,Safety car deployment,FULL_RACE,9,1458,1000,0.0061728395061728,0.009
P06,2024_Italy_GP,0.45,17,Gap & pace,FULL_RACE,41,1458,1000,0.0281207133058984,0.041
P06,2024_Italy_GP,0.45,18,Team dynamics,FULL_RACE,104,1458,1000,0.0713305898491083,0.104
P06,2024_Italy_GP,0.45,19,Race lead holding,FULL_RACE,11,1458,1000,0.0075445816186556,0.011
P06,2024_Italy_GP,0.45,20,Wing & car damage,FULL_RACE,22,1458,1000,0.0150891632373113,0.022
P06,2024_Italy_GP,0.45,21,Braking & lockups,FULL_RACE,23,1458,1000,0.0157750342935528,0.023
P06,2024_Italy_GP,0.45,22,Wheel-to-wheel,FULL_RACE,10,1458,1000,0.0068587105624142,0.01
P06,2024_Italy_GP,0.45,23,Circuit action,FULL_RACE,25,1458,1000,0.0171467764060356,0.025
P06,2024_Italy_GP,0.45,24,Inter-car distance,FULL_RACE,10,1458,1000,0.0068587105624142,0.01
P06,2024_Italy_GP,0.45,25,Driver & team references,FULL_RACE,27,1458,1000,0.0185185185185185,0.027
P06,2024_Italy_GP,0.45,26,Defending & attacking,FULL_RACE,13,1458,1000,0.0089163237311385,0.013
P06,2024_Italy_GP,0.45,27,Overtake battles,FULL_RACE,173,1458,1000,0.1186556927297668,0.173
P06,2024_Italy_GP,0.45,28,Corner battles,FULL_RACE,5,1458,1000,0.0034293552812071,0.005
P06,2024_Italy_GP,0.45,29,Corner specific moves,FULL_RACE,1,1458,1000,0.0006858710562414,0.001
P06,2024_Italy_GP,0.45,30,Lap pace & timing,FULL_RACE,58,1458,1000,0.0397805212620027,0.058
P06,2024_Italy_GP,0.45,31,Race leader changes,FULL_RACE,61,1458,1000,0.041838134430727,0.061
P06,2024_Italy_GP,0.45,32,Front position changes,FULL_RACE,28,1458,1000,0.0192043895747599,0.028
P06,2024_Italy_GP,0.45,33,Field position changes,FULL_RACE,31,1458,1000,0.0212620027434842,0.031
P07,2024_LasVegas_GP,0.35,0,DRS-assisted battles,HIGHLIGHT,3,105,97,0.0285714285714285,0.0309278350515463
P07,2024_LasVegas_GP,0.35,1,Time penalties,HIGHLIGHT,0,105,97,0.0,0.0
P07,2024_LasVegas_GP,0.35,2,Lights-out race starts,HIGHLIGHT,2,105,97,0.019047619047619,0.0206185567010309
P07,2024_LasVegas_GP,0.35,3,Mirror checks defending,HIGHLIGHT,0,105,97,0.0,0.0
P07,2024_LasVegas_GP,0.35,4,Race start launch,HIGHLIGHT,0,105,97,0.0,0.0
P07,2024_LasVegas_GP,0.35,5,Weather conditions,HIGHLIGHT,1,105,97,0.0095238095238095,0.0103092783505154
P07,2024_LasVegas_GP,0.35,6,Grand Prix wins,HIGHLIGHT,5,105,97,0.0476190476190476,0.0515463917525773
P07,2024_LasVegas_GP,0.35,7,Race start lights,HIGHLIGHT,1,105,97,0.0095238095238095,0.0103092783505154
P07,2024_LasVegas_GP,0.35,8,Race control flags,HIGHLIGHT,1,105,97,0.0095238095238095,0.0103092783505154
P07,2024_LasVegas_GP,0.35,9,Formula 1 milestones,HIGHLIGHT,3,105,97,0.0285714285714285,0.0309278350515463
P07,2024_LasVegas_GP,0.35,10,Chicane moves,HIGHLIGHT,1,105,97,0.0095238095238095,0.0103092783505154
P07,2024_LasVegas_GP,0.35,11,Team radio celebrations,HIGHLIGHT,1,105,97,0.0095238095238095,0.0103092783505154
P07,2024_LasVegas_GP,0.35,12,Podium finishes,HIGHLIGHT,3,105,97,0.0285714285714285,0.0309278350515463
P07,2024_LasVegas_GP,0.35,13,Championship & title,HIGHLIGHT,8,105,97,0.0761904761904762,0.0824742268041237
P07,2024_LasVegas_GP,0.35,14,Pit stops,HIGHLIGHT,5,105,97,0.0476190476190476,0.0515463917525773
P07,2024_LasVegas_GP,0.35,15,Tires & compounds,HIGHLIGHT,3,105,97,0.0285714285714285,0.0309278350515463
P07,2024_LasVegas_GP,0.35,16,Safety car deployment,HIGHLIGHT,0,105,97,0.0,0.0
P07,2024_LasVegas_GP,0.35,17,Gap & pace,HIGHLIGHT,0,105,97,0.0,0.0
P07,2024_LasVegas_GP,0.35,18,Team dynamics,HIGHLIGHT,10,105,97,0.0952380952380952,0.1030927835051546
P07,2024_LasVegas_GP,0.35,19,Race lead holding,HIGHLIGHT,3,105,97,0.0285714285714285,0.0309278350515463
P07,2024_LasVegas_GP,0.35,20,Wing & car damage,HIGHLIGHT,3,105,97,0.0285714285714285,0.0309278350515463
P07,2024_LasVegas_GP,0.35,21,Braking & lockups,HIGHLIGHT,3,105,97,0.0285714285714285,0.0309278350515463
P07,2024_LasVegas_GP,0.35,22,Wheel-to-wheel,HIGHLIGHT,0,105,97,0.0,0.0
P07,2024_LasVegas_GP,0.35,23,Circuit action,HIGHLIGHT,1,105,97,0.0095238095238095,0.0103092783505154
P07,2024_LasVegas_GP,0.35,24,Inter-car distance,HIGHLIGHT,4,105,97,0.0380952380952381,0.0412371134020618
P07,2024_LasVegas_GP,0.35,25,Driver & team references,HIGHLIGHT,2,105,97,0.019047619047619,0.0206185567010309
P07,2024_LasVegas_GP,0.35,26,Defending & attacking,HIGHLIGHT,5,105,97,0.0476190476190476,0.0515463917525773
P07,2024_LasVegas_GP,0.35,27,Overtake battles,HIGHLIGHT,14,105,97,0.1333333333333333,0.1443298969072164
P07,2024_LasVegas_GP,0.35,28,Corner battles,HIGHLIGHT,5,105,97,0.0476190476190476,0.0515463917525773
P07,2024_LasVegas_GP,0.35,29,Corner specific moves,HIGHLIGHT,0,105,97,0.0,0.0
P07,2024_LasVegas_GP,0.35,30,Lap pace & timing,HIGHLIGHT,1,105,97,0.0095238095238095,0.0103092783505154
P07,2024_LasVegas_GP,0.35,31,Race leader changes,HIGHLIGHT,0,105,97,0.0,0.0
P07,2024_LasVegas_GP,0.35,32,Front position changes,HIGHLIGHT,5,105,97,0.0476190476190476,0.0515463917525773
P07,2024_LasVegas_GP,0.35,33,Field position changes,HIGHLIGHT,4,105,97,0.0380952380952381,0.0412371134020618
P07,2024_LasVegas_GP,0.4,0,DRS-assisted battles,HIGHLIGHT,3,105,89,0.0285714285714285,0.0337078651685393
P07,2024_LasVegas_GP,0.4,1,Time penalties,HIGHLIGHT,0,105,89,0.0,0.0
P07,2024_LasVegas_GP,0.4,2,Lights-out race starts,HIGHLIGHT,1,105,89,0.0095238095238095,0.0112359550561797
P07,2024_LasVegas_GP,0.4,3,Mirror checks defending,HIGHLIGHT,0,105,89,0.0,0.0
P07,2024_LasVegas_GP,0.4,4,Race start launch,HIGHLIGHT,0,105,89,0.0,0.0
P07,2024_LasVegas_GP,0.4,5,Weather conditions,HIGHLIGHT,0,105,89,0.0,0.0
P07,2024_LasVegas_GP,0.4,6,Grand Prix wins,HIGHLIGHT,5,105,89,0.0476190476190476,0.0561797752808988
P07,2024_LasVegas_GP,0.4,7,Race start lights,HIGHLIGHT,0,105,89,0.0,0.0
P07,2024_LasVegas_GP,0.4,8,Race control flags,HIGHLIGHT,1,105,89,0.0095238095238095,0.0112359550561797
P07,2024_LasVegas_GP,0.4,9,Formula 1 milestones,HIGHLIGHT,3,105,89,0.0285714285714285,0.0337078651685393
P07,2024_LasVegas_GP,0.4,10,Chicane moves,HIGHLIGHT,1,105,89,0.0095238095238095,0.0112359550561797
P07,2024_LasVegas_GP,0.4,11,Team radio celebrations,HIGHLIGHT,1,105,89,0.0095238095238095,0.0112359550561797
P07,2024_LasVegas_GP,0.4,12,Podium finishes,HIGHLIGHT,3,105,89,0.0285714285714285,0.0337078651685393
P07,2024_LasVegas_GP,0.4,13,Championship & title,HIGHLIGHT,8,105,89,0.0761904761904762,0.0898876404494382
P07,2024_LasVegas_GP,0.4,14,Pit stops,HIGHLIGHT,5,105,89,0.0476190476190476,0.0561797752808988
P07,2024_LasVegas_GP,0.4,15,Tires & compounds,HIGHLIGHT,3,105,89,0.0285714285714285,0.0337078651685393
P07,2024_LasVegas_GP,0.4,16,Safety car deployment,HIGHLIGHT,0,105,89,0.0,0.0
P07,2024_LasVegas_GP,0.4,17,Gap & pace,HIGHLIGHT,0,105,89,0.0,0.0
P07,2024_LasVegas_GP,0.4,18,Team dynamics,HIGHLIGHT,8,105,89,0.0761904761904762,0.0898876404494382
P07,2024_LasVegas_GP,0.4,19,Race lead holding,HIGHLIGHT,2,105,89,0.019047619047619,0.0224719101123595
P07,2024_LasVegas_GP,0.4,20,Wing & car damage,HIGHLIGHT,1,105,89,0.0095238095238095,0.0112359550561797
P07,2024_LasVegas_GP,0.4,21,Braking & lockups,HIGHLIGHT,3,105,89,0.0285714285714285,0.0337078651685393
P07,2024_LasVegas_GP,0.4,22,Wheel-to-wheel,HIGHLIGHT,0,105,89,0.0,0.0
P07,2024_LasVegas_GP,0.4,23,Circuit action,HIGHLIGHT,1,105,89,0.0095238095238095,0.0112359550561797
P07,2024_LasVegas_GP,0.4,24,Inter-car distance,HIGHLIGHT,4,105,89,0.0380952380952381,0.0449438202247191
P07,2024_LasVegas_GP,0.4,25,Driver & team references,HIGHLIGHT,2,105,89,0.019047619047619,0.0224719101123595
P07,2024_LasVegas_GP,0.4,26,Defending & attacking,HIGHLIGHT,5,105,89,0.0476190476190476,0.0561797752808988
P07,2024_LasVegas_GP,0.4,27,Overtake battles,HIGHLIGHT,14,105,89,0.1333333333333333,0.1573033707865168
P07,2024_LasVegas_GP,0.4,28,Corner battles,HIGHLIGHT,5,105,89,0.0476190476190476,0.0561797752808988
P07,2024_LasVegas_GP,0.4,29,Corner specific moves,HIGHLIGHT,0,105,89,0.0,0.0
P07,2024_LasVegas_GP,0.4,30,Lap pace & timing,HIGHLIGHT,1,105,89,0.0095238095238095,0.0112359550561797
P07,2024_LasVegas_GP,0.4,31,Race leader changes,HIGHLIGHT,0,105,89,0.0,0.0
P07,2024_LasVegas_GP,0.4,32,Front position changes,HIGHLIGHT,5,105,89,0.0476190476190476,0.0561797752808988
P07,2024_LasVegas_GP,0.4,33,Field position changes,HIGHLIGHT,4,105,89,0.0380952380952381,0.0449438202247191
P07,2024_LasVegas_GP,0.45,0,DRS-assisted battles,HIGHLIGHT,3,105,84,0.0285714285714285,0.0357142857142857
P07,2024_LasVegas_GP,0.45,1,Time penalties,HIGHLIGHT,0,105,84,0.0,0.0
P07,2024_LasVegas_GP,0.45,2,Lights-out race starts,HIGHLIGHT,1,105,84,0.0095238095238095,0.0119047619047619
P07,2024_LasVegas_GP,0.45,3,Mirror checks defending,HIGHLIGHT,0,105,84,0.0,0.0
P07,2024_LasVegas_GP,0.45,4,Race start launch,HIGHLIGHT,0,105,84,0.0,0.0
P07,2024_LasVegas_GP,0.45,5,Weather conditions,HIGHLIGHT,0,105,84,0.0,0.0
P07,2024_LasVegas_GP,0.45,6,Grand Prix wins,HIGHLIGHT,5,105,84,0.0476190476190476,0.0595238095238095
P07,2024_LasVegas_GP,0.45,7,Race start lights,HIGHLIGHT,0,105,84,0.0,0.0
P07,2024_LasVegas_GP,0.45,8,Race control flags,HIGHLIGHT,1,105,84,0.0095238095238095,0.0119047619047619
P07,2024_LasVegas_GP,0.45,9,Formula 1 milestones,HIGHLIGHT,3,105,84,0.0285714285714285,0.0357142857142857
P07,2024_LasVegas_GP,0.45,10,Chicane moves,HIGHLIGHT,0,105,84,0.0,0.0
P07,2024_LasVegas_GP,0.45,11,Team radio celebrations,HIGHLIGHT,1,105,84,0.0095238095238095,0.0119047619047619
P07,2024_LasVegas_GP,0.45,12,Podium finishes,HIGHLIGHT,2,105,84,0.019047619047619,0.0238095238095238
P07,2024_LasVegas_GP,0.45,13,Championship & title,HIGHLIGHT,8,105,84,0.0761904761904762,0.0952380952380952
P07,2024_LasVegas_GP,0.45,14,Pit stops,HIGHLIGHT,5,105,84,0.0476190476190476,0.0595238095238095
P07,2024_LasVegas_GP,0.45,15,Tires & compounds,HIGHLIGHT,3,105,84,0.0285714285714285,0.0357142857142857
P07,2024_LasVegas_GP,0.45,16,Safety car deployment,HIGHLIGHT,0,105,84,0.0,0.0
P07,2024_LasVegas_GP,0.45,17,Gap & pace,HIGHLIGHT,0,105,84,0.0,0.0
P07,2024_LasVegas_GP,0.45,18,Team dynamics,HIGHLIGHT,8,105,84,0.0761904761904762,0.0952380952380952
P07,2024_LasVegas_GP,0.45,19,Race lead holding,HIGHLIGHT,2,105,84,0.019047619047619,0.0238095238095238
P07,2024_LasVegas_GP,0.45,20,Wing & car damage,HIGHLIGHT,0,105,84,0.0,0.0
P07,2024_LasVegas_GP,0.45,21,Braking & lockups,HIGHLIGHT,3,105,84,0.0285714285714285,0.0357142857142857
P07,2024_LasVegas_GP,0.45,22,Wheel-to-wheel,HIGHLIGHT,0,105,84,0.0,0.0
P07,2024_LasVegas_GP,0.45,23,Circuit action,HIGHLIGHT,1,105,84,0.0095238095238095,0.0119047619047619
P07,2024_LasVegas_GP,0.45,24,Inter-car distance,HIGHLIGHT,4,105,84,0.0380952380952381,0.0476190476190476
P07,2024_LasVegas_GP,0.45,25,Driver & team references,HIGHLIGHT,2,105,84,0.019047619047619,0.0238095238095238
P07,2024_LasVegas_GP,0.45,26,Defending & attacking,HIGHLIGHT,5,105,84,0.0476190476190476,0.0595238095238095
P07,2024_LasVegas_GP,0.45,27,Overtake battles,HIGHLIGHT,14,105,84,0.1333333333333333,0.1666666666666666
P07,2024_LasVegas_GP,0.45,28,Corner battles,HIGHLIGHT,3,105,84,0.0285714285714285,0.0357142857142857
P07,2024_LasVegas_GP,0.45,29,Corner specific moves,HIGHLIGHT,0,105,84,0.0,0.0
P07,2024_LasVegas_GP,0.45,30,Lap pace & timing,HIGHLIGHT,1,105,84,0.0095238095238095,0.0119047619047619
P07,2024_LasVegas_GP,0.45,31,Race leader changes,HIGHLIGHT,0,105,84,0.0,0.0
P07,2024_LasVegas_GP,0.45,32,Front position changes,HIGHLIGHT,5,105,84,0.0476190476190476,0.0595238095238095
P07,2024_LasVegas_GP,0.45,33,Field position changes,HIGHLIGHT,4,105,84,0.0380952380952381,0.0476190476190476
P07,2024_LasVegas_GP,0.35,0,DRS-assisted battles,FULL_RACE,18,1344,1113,0.0133928571428571,0.0161725067385444
P07,2024_LasVegas_GP,0.35,1,Time penalties,FULL_RACE,13,1344,1113,0.009672619047619,0.0116801437556154
P07,2024_LasVegas_GP,0.35,2,Lights-out race starts,FULL_RACE,18,1344,1113,0.0133928571428571,0.0161725067385444
P07,2024_LasVegas_GP,0.35,3,Mirror checks defending,FULL_RACE,7,1344,1113,0.0052083333333333,0.0062893081761006
P07,2024_LasVegas_GP,0.35,4,Race start launch,FULL_RACE,6,1344,1113,0.0044642857142857,0.0053908355795148
P07,2024_LasVegas_GP,0.35,5,Weather conditions,FULL_RACE,8,1344,1113,0.0059523809523809,0.0071877807726864
P07,2024_LasVegas_GP,0.35,6,Grand Prix wins,FULL_RACE,109,1344,1113,0.0811011904761904,0.0979335130278526
P07,2024_LasVegas_GP,0.35,7,Race start lights,FULL_RACE,8,1344,1113,0.0059523809523809,0.0071877807726864
P07,2024_LasVegas_GP,0.35,8,Race control flags,FULL_RACE,6,1344,1113,0.0044642857142857,0.0053908355795148
P07,2024_LasVegas_GP,0.35,9,Formula 1 milestones,FULL_RACE,30,1344,1113,0.0223214285714285,0.0269541778975741
P07,2024_LasVegas_GP,0.35,10,Chicane moves,FULL_RACE,1,1344,1113,0.0007440476190476,0.0008984725965858
P07,2024_LasVegas_GP,0.35,11,Team radio celebrations,FULL_RACE,37,1344,1113,0.0275297619047619,0.0332434860736747
P07,2024_LasVegas_GP,0.35,12,Podium finishes,FULL_RACE,25,1344,1113,0.0186011904761904,0.0224618149146451
P07,2024_LasVegas_GP,0.35,13,Championship & title,FULL_RACE,80,1344,1113,0.0595238095238095,0.0718778077268643
P07,2024_LasVegas_GP,0.35,14,Pit stops,FULL_RACE,32,1344,1113,0.0238095238095238,0.0287511230907457
P07,2024_LasVegas_GP,0.35,15,Tires & compounds,FULL_RACE,58,1344,1113,0.0431547619047619,0.0521114106019766
P07,2024_LasVegas_GP,0.35,16,Safety car deployment,FULL_RACE,21,1344,1113,0.015625,0.0188679245283018
P07,2024_LasVegas_GP,0.35,17,Gap & pace,FULL_RACE,36,1344,1113,0.0267857142857142,0.0323450134770889
P07,2024_LasVegas_GP,0.35,18,Team dynamics,FULL_RACE,109,1344,1113,0.0811011904761904,0.0979335130278526
P07,2024_LasVegas_GP,0.35,19,Race lead holding,FULL_RACE,16,1344,1113,0.0119047619047619,0.0143755615453728
P07,2024_LasVegas_GP,0.35,20,Wing & car damage,FULL_RACE,22,1344,1113,0.0163690476190476,0.0197663971248876
P07,2024_LasVegas_GP,0.35,21,Braking & lockups,FULL_RACE,37,1344,1113,0.0275297619047619,0.0332434860736747
P07,2024_LasVegas_GP,0.35,22,Wheel-to-wheel,FULL_RACE,4,1344,1113,0.0029761904761904,0.0035938903863432
P07,2024_LasVegas_GP,0.35,23,Circuit action,FULL_RACE,27,1344,1113,0.0200892857142857,0.0242587601078167
P07,2024_LasVegas_GP,0.35,24,Inter-car distance,FULL_RACE,26,1344,1113,0.019345238095238,0.0233602875112309
P07,2024_LasVegas_GP,0.35,25,Driver & team references,FULL_RACE,34,1344,1113,0.025297619047619,0.0305480682839173
P07,2024_LasVegas_GP,0.35,26,Defending & attacking,FULL_RACE,27,1344,1113,0.0200892857142857,0.0242587601078167
P07,2024_LasVegas_GP,0.35,27,Overtake battles,FULL_RACE,121,1344,1113,0.0900297619047619,0.1087151841868823
P07,2024_LasVegas_GP,0.35,28,Corner battles,FULL_RACE,10,1344,1113,0.0074404761904761,0.008984725965858
P07,2024_LasVegas_GP,0.35,29,Corner specific moves,FULL_RACE,16,1344,1113,0.0119047619047619,0.0143755615453728
P07,2024_LasVegas_GP,0.35,30,Lap pace & timing,FULL_RACE,55,1344,1113,0.040922619047619,0.0494159928122192
P07,2024_LasVegas_GP,0.35,31,Race leader changes,FULL_RACE,43,1344,1113,0.0319940476190476,0.0386343216531895
P07,2024_LasVegas_GP,0.35,32,Front position changes,FULL_RACE,23,1344,1113,0.0171130952380952,0.0206648697214734
P07,2024_LasVegas_GP,0.35,33,Field position changes,FULL_RACE,30,1344,1113,0.0223214285714285,0.0269541778975741
P07,2024_LasVegas_GP,0.4,0,DRS-assisted battles,FULL_RACE,17,1344,1033,0.0126488095238095,0.0164569215876089
P07,2024_LasVegas_GP,0.4,1,Time penalties,FULL_RACE,12,1344,1033,0.0089285714285714,0.0116166505324298
P07,2024_LasVegas_GP,0.4,2,Lights-out race starts,FULL_RACE,5,1344,1033,0.003720238095238,0.004840271055179
P07,2024_LasVegas_GP,0.4,3,Mirror checks defending,FULL_RACE,6,1344,1033,0.0044642857142857,0.0058083252662149
P07,2024_LasVegas_GP,0.4,4,Race start launch,FULL_RACE,5,1344,1033,0.003720238095238,0.004840271055179
P07,2024_LasVegas_GP,0.4,5,Weather conditions,FULL_RACE,6,1344,1033,0.0044642857142857,0.0058083252662149
P07,2024_LasVegas_GP,0.4,6,Grand Prix wins,FULL_RACE,108,1344,1033,0.0803571428571428,0.1045498547918683
P07,2024_LasVegas_GP,0.4,7,Race start lights,FULL_RACE,7,1344,1033,0.0052083333333333,0.0067763794772507
P07,2024_LasVegas_GP,0.4,8,Race control flags,FULL_RACE,6,1344,1033,0.0044642857142857,0.0058083252662149
P07,2024_LasVegas_GP,0.4,9,Formula 1 milestones,FULL_RACE,30,1344,1033,0.0223214285714285,0.0290416263310745
P07,2024_LasVegas_GP,0.4,10,Chicane moves,FULL_RACE,1,1344,1033,0.0007440476190476,0.0009680542110358
P07,2024_LasVegas_GP,0.4,11,Team radio celebrations,FULL_RACE,29,1344,1033,0.0215773809523809,0.0280735721200387
P07,2024_LasVegas_GP,0.4,12,Podium finishes,FULL_RACE,24,1344,1033,0.0178571428571428,0.0232333010648596
P07,2024_LasVegas_GP,0.4,13,Championship & title,FULL_RACE,74,1344,1033,0.0550595238095238,0.0716360116166505
P07,2024_LasVegas_GP,0.4,14,Pit stops,FULL_RACE,31,1344,1033,0.0230654761904761,0.0300096805421103
P07,2024_LasVegas_GP,0.4,15,Tires & compounds,FULL_RACE,57,1344,1033,0.0424107142857142,0.0551790900290416
P07,2024_LasVegas_GP,0.4,16,Safety car deployment,FULL_RACE,18,1344,1033,0.0133928571428571,0.0174249757986447
P07,2024_LasVegas_GP,0.4,17,Gap & pace,FULL_RACE,29,1344,1033,0.0215773809523809,0.0280735721200387
P07,2024_LasVegas_GP,0.4,18,Team dynamics,FULL_RACE,103,1344,1033,0.0766369047619047,0.0997095837366892
P07,2024_LasVegas_GP,0.4,19,Race lead holding,FULL_RACE,15,1344,1033,0.0111607142857142,0.0145208131655372
P07,2024_LasVegas_GP,0.4,20,Wing & car damage,FULL_RACE,17,1344,1033,0.0126488095238095,0.0164569215876089
P07,2024_LasVegas_GP,0.4,21,Braking & lockups,FULL_RACE,31,1344,1033,0.0230654761904761,0.0300096805421103
P07,2024_LasVegas_GP,0.4,22,Wheel-to-wheel,FULL_RACE,4,1344,1033,0.0029761904761904,0.0038722168441432
P07,2024_LasVegas_GP,0.4,23,Circuit action,FULL_RACE,25,1344,1033,0.0186011904761904,0.0242013552758954
P07,2024_LasVegas_GP,0.4,24,Inter-car distance,FULL_RACE,25,1344,1033,0.0186011904761904,0.0242013552758954
P07,2024_LasVegas_GP,0.4,25,Driver & team references,FULL_RACE,34,1344,1033,0.025297619047619,0.0329138431752178
P07,2024_LasVegas_GP,0.4,26,Defending & attacking,FULL_RACE,26,1344,1033,0.019345238095238,0.0251694094869312
P07,2024_LasVegas_GP,0.4,27,Overtake battles,FULL_RACE,119,1344,1033,0.0885416666666666,0.1151984511132623
P07,2024_LasVegas_GP,0.4,28,Corner battles,FULL_RACE,8,1344,1033,0.0059523809523809,0.0077444336882865
P07,2024_LasVegas_GP,0.4,29,Corner specific moves,FULL_RACE,16,1344,1033,0.0119047619047619,0.015488867376573
P07,2024_LasVegas_GP,0.4,30,Lap pace & timing,FULL_RACE,55,1344,1033,0.040922619047619,0.0532429816069699
P07,2024_LasVegas_GP,0.4,31,Race leader changes,FULL_RACE,43,1344,1033,0.0319940476190476,0.0416263310745401
P07,2024_LasVegas_GP,0.4,32,Front position changes,FULL_RACE,21,1344,1033,0.015625,0.0203291384317521
P07,2024_LasVegas_GP,0.4,33,Field position changes,FULL_RACE,26,1344,1033,0.019345238095238,0.0251694094869312
P07,2024_LasVegas_GP,0.45,0,DRS-assisted battles,FULL_RACE,16,1344,938,0.0119047619047619,0.0170575692963752
P07,2024_LasVegas_GP,0.45,1,Time penalties,FULL_RACE,12,1344,938,0.0089285714285714,0.0127931769722814
P07,2024_LasVegas_GP,0.45,2,Lights-out race starts,FULL_RACE,3,1344,938,0.0022321428571428,0.0031982942430703
P07,2024_LasVegas_GP,0.45,3,Mirror checks defending,FULL_RACE,6,1344,938,0.0044642857142857,0.0063965884861407
P07,2024_LasVegas_GP,0.45,4,Race start launch,FULL_RACE,3,1344,938,0.0022321428571428,0.0031982942430703
P07,2024_LasVegas_GP,0.45,5,Weather conditions,FULL_RACE,5,1344,938,0.003720238095238,0.0053304904051172
P07,2024_LasVegas_GP,0.45,6,Grand Prix wins,FULL_RACE,108,1344,938,0.0803571428571428,0.115138592750533
P07,2024_LasVegas_GP,0.45,7,Race start lights,FULL_RACE,6,1344,938,0.0044642857142857,0.0063965884861407
P07,2024_LasVegas_GP,0.45,8,Race control flags,FULL_RACE,6,1344,938,0.0044642857142857,0.0063965884861407
P07,2024_LasVegas_GP,0.45,9,Formula 1 milestones,FULL_RACE,28,1344,938,0.0208333333333333,0.0298507462686567
P07,2024_LasVegas_GP,0.45,10,Chicane moves,FULL_RACE,1,1344,938,0.0007440476190476,0.0010660980810234
P07,2024_LasVegas_GP,0.45,11,Team radio celebrations,FULL_RACE,19,1344,938,0.0141369047619047,0.0202558635394456
P07,2024_LasVegas_GP,0.45,12,Podium finishes,FULL_RACE,23,1344,938,0.0171130952380952,0.0245202558635394
P07,2024_LasVegas_GP,0.45,13,Championship & title,FULL_RACE,62,1344,938,0.0461309523809523,0.0660980810234541
P07,2024_LasVegas_GP,0.45,14,Pit stops,FULL_RACE,30,1344,938,0.0223214285714285,0.0319829424307036
P07,2024_LasVegas_GP,0.45,15,Tires & compounds,FULL_RACE,55,1344,938,0.040922619047619,0.0586353944562899
P07,2024_LasVegas_GP,0.45,16,Safety car deployment,FULL_RACE,12,1344,938,0.0089285714285714,0.0127931769722814
P07,2024_LasVegas_GP,0.45,17,Gap & pace,FULL_RACE,23,1344,938,0.0171130952380952,0.0245202558635394
P07,2024_LasVegas_GP,0.45,18,Team dynamics,FULL_RACE,95,1344,938,0.0706845238095238,0.1012793176972281
P07,2024_LasVegas_GP,0.45,19,Race lead holding,FULL_RACE,15,1344,938,0.0111607142857142,0.0159914712153518
P07,2024_LasVegas_GP,0.45,20,Wing & car damage,FULL_RACE,7,1344,938,0.0052083333333333,0.0074626865671641
P07,2024_LasVegas_GP,0.45,21,Braking & lockups,FULL_RACE,24,1344,938,0.0178571428571428,0.0255863539445629
P07,2024_LasVegas_GP,0.45,22,Wheel-to-wheel,FULL_RACE,4,1344,938,0.0029761904761904,0.0042643923240938
P07,2024_LasVegas_GP,0.45,23,Circuit action,FULL_RACE,24,1344,938,0.0178571428571428,0.0255863539445629
P07,2024_LasVegas_GP,0.45,24,Inter-car distance,FULL_RACE,23,1344,938,0.0171130952380952,0.0245202558635394
P07,2024_LasVegas_GP,0.45,25,Driver & team references,FULL_RACE,33,1344,938,0.0245535714285714,0.0351812366737739
P07,2024_LasVegas_GP,0.45,26,Defending & attacking,FULL_RACE,22,1344,938,0.0163690476190476,0.0234541577825159
P07,2024_LasVegas_GP,0.45,27,Overtake battles,FULL_RACE,114,1344,938,0.0848214285714285,0.1215351812366737
P07,2024_LasVegas_GP,0.45,28,Corner battles,FULL_RACE,7,1344,938,0.0052083333333333,0.0074626865671641
P07,2024_LasVegas_GP,0.45,29,Corner specific moves,FULL_RACE,13,1344,938,0.009672619047619,0.0138592750533049
P07,2024_LasVegas_GP,0.45,30,Lap pace & timing,FULL_RACE,53,1344,938,0.0394345238095238,0.056503198294243
P07,2024_LasVegas_GP,0.45,31,Race leader changes,FULL_RACE,42,1344,938,0.03125,0.044776119402985
P07,2024_LasVegas_GP,0.45,32,Front position changes,FULL_RACE,21,1344,938,0.015625,0.0223880597014925
P07,2024_LasVegas_GP,0.45,33,Field position changes,FULL_RACE,23,1344,938,0.0171130952380952,0.0245202558635394
P08,2024_Qatar_GP,0.35,0,DRS-assisted battles,HIGHLIGHT,0,55,54,0.0,0.0
P08,2024_Qatar_GP,0.35,1,Time penalties,HIGHLIGHT,7,55,54,0.1272727272727272,0.1296296296296296
P08,2024_Qatar_GP,0.35,2,Lights-out race starts,HIGHLIGHT,0,55,54,0.0,0.0
P08,2024_Qatar_GP,0.35,3,Mirror checks defending,HIGHLIGHT,1,55,54,0.0181818181818181,0.0185185185185185
P08,2024_Qatar_GP,0.35,4,Race start launch,HIGHLIGHT,1,55,54,0.0181818181818181,0.0185185185185185
P08,2024_Qatar_GP,0.35,5,Weather conditions,HIGHLIGHT,0,55,54,0.0,0.0
P08,2024_Qatar_GP,0.35,6,Grand Prix wins,HIGHLIGHT,6,55,54,0.109090909090909,0.1111111111111111
P08,2024_Qatar_GP,0.35,7,Race start lights,HIGHLIGHT,1,55,54,0.0181818181818181,0.0185185185185185
P08,2024_Qatar_GP,0.35,8,Race control flags,HIGHLIGHT,3,55,54,0.0545454545454545,0.0555555555555555
P08,2024_Qatar_GP,0.35,9,Formula 1 milestones,HIGHLIGHT,0,55,54,0.0,0.0
P08,2024_Qatar_GP,0.35,10,Chicane moves,HIGHLIGHT,0,55,54,0.0,0.0
P08,2024_Qatar_GP,0.35,11,Team radio celebrations,HIGHLIGHT,0,55,54,0.0,0.0
P08,2024_Qatar_GP,0.35,12,Podium finishes,HIGHLIGHT,0,55,54,0.0,0.0
P08,2024_Qatar_GP,0.35,13,Championship & title,HIGHLIGHT,2,55,54,0.0363636363636363,0.037037037037037
P08,2024_Qatar_GP,0.35,14,Pit stops,HIGHLIGHT,0,55,54,0.0,0.0
P08,2024_Qatar_GP,0.35,15,Tires & compounds,HIGHLIGHT,4,55,54,0.0727272727272727,0.074074074074074
P08,2024_Qatar_GP,0.35,16,Safety car deployment,HIGHLIGHT,0,55,54,0.0,0.0
P08,2024_Qatar_GP,0.35,17,Gap & pace,HIGHLIGHT,0,55,54,0.0,0.0
P08,2024_Qatar_GP,0.35,18,Team dynamics,HIGHLIGHT,4,55,54,0.0727272727272727,0.074074074074074
P08,2024_Qatar_GP,0.35,19,Race lead holding,HIGHLIGHT,1,55,54,0.0181818181818181,0.0185185185185185
P08,2024_Qatar_GP,0.35,20,Wing & car damage,HIGHLIGHT,2,55,54,0.0363636363636363,0.037037037037037
P08,2024_Qatar_GP,0.35,21,Braking & lockups,HIGHLIGHT,3,55,54,0.0545454545454545,0.0555555555555555
P08,2024_Qatar_GP,0.35,22,Wheel-to-wheel,HIGHLIGHT,3,55,54,0.0545454545454545,0.0555555555555555
P08,2024_Qatar_GP,0.35,23,Circuit action,HIGHLIGHT,1,55,54,0.0181818181818181,0.0185185185185185
P08,2024_Qatar_GP,0.35,24,Inter-car distance,HIGHLIGHT,1,55,54,0.0181818181818181,0.0185185185185185
P08,2024_Qatar_GP,0.35,25,Driver & team references,HIGHLIGHT,0,55,54,0.0,0.0
P08,2024_Qatar_GP,0.35,26,Defending & attacking,HIGHLIGHT,1,55,54,0.0181818181818181,0.0185185185185185
P08,2024_Qatar_GP,0.35,27,Overtake battles,HIGHLIGHT,5,55,54,0.0909090909090909,0.0925925925925925
P08,2024_Qatar_GP,0.35,28,Corner battles,HIGHLIGHT,1,55,54,0.0181818181818181,0.0185185185185185
P08,2024_Qatar_GP,0.35,29,Corner specific moves,HIGHLIGHT,0,55,54,0.0,0.0
P08,2024_Qatar_GP,0.35,30,Lap pace & timing,HIGHLIGHT,1,55,54,0.0181818181818181,0.0185185185185185
P08,2024_Qatar_GP,0.35,31,Race leader changes,HIGHLIGHT,2,55,54,0.0363636363636363,0.037037037037037
P08,2024_Qatar_GP,0.35,32,Front position changes,HIGHLIGHT,0,55,54,0.0,0.0
P08,2024_Qatar_GP,0.35,33,Field position changes,HIGHLIGHT,4,55,54,0.0727272727272727,0.074074074074074
P08,2024_Qatar_GP,0.4,0,DRS-assisted battles,HIGHLIGHT,0,55,54,0.0,0.0
P08,2024_Qatar_GP,0.4,1,Time penalties,HIGHLIGHT,7,55,54,0.1272727272727272,0.1296296296296296
P08,2024_Qatar_GP,0.4,2,Lights-out race starts,HIGHLIGHT,0,55,54,0.0,0.0
P08,2024_Qatar_GP,0.4,3,Mirror checks defending,HIGHLIGHT,1,55,54,0.0181818181818181,0.0185185185185185
P08,2024_Qatar_GP,0.4,4,Race start launch,HIGHLIGHT,1,55,54,0.0181818181818181,0.0185185185185185
P08,2024_Qatar_GP,0.4,5,Weather conditions,HIGHLIGHT,0,55,54,0.0,0.0
P08,2024_Qatar_GP,0.4,6,Grand Prix wins,HIGHLIGHT,6,55,54,0.109090909090909,0.1111111111111111
P08,2024_Qatar_GP,0.4,7,Race start lights,HIGHLIGHT,1,55,54,0.0181818181818181,0.0185185185185185
P08,2024_Qatar_GP,0.4,8,Race control flags,HIGHLIGHT,3,55,54,0.0545454545454545,0.0555555555555555
P08,2024_Qatar_GP,0.4,9,Formula 1 milestones,HIGHLIGHT,0,55,54,0.0,0.0
P08,2024_Qatar_GP,0.4,10,Chicane moves,HIGHLIGHT,0,55,54,0.0,0.0
P08,2024_Qatar_GP,0.4,11,Team radio celebrations,HIGHLIGHT,0,55,54,0.0,0.0
P08,2024_Qatar_GP,0.4,12,Podium finishes,HIGHLIGHT,0,55,54,0.0,0.0
P08,2024_Qatar_GP,0.4,13,Championship & title,HIGHLIGHT,2,55,54,0.0363636363636363,0.037037037037037
P08,2024_Qatar_GP,0.4,14,Pit stops,HIGHLIGHT,0,55,54,0.0,0.0
P08,2024_Qatar_GP,0.4,15,Tires & compounds,HIGHLIGHT,4,55,54,0.0727272727272727,0.074074074074074
P08,2024_Qatar_GP,0.4,16,Safety car deployment,HIGHLIGHT,0,55,54,0.0,0.0
P08,2024_Qatar_GP,0.4,17,Gap & pace,HIGHLIGHT,0,55,54,0.0,0.0
P08,2024_Qatar_GP,0.4,18,Team dynamics,HIGHLIGHT,4,55,54,0.0727272727272727,0.074074074074074
P08,2024_Qatar_GP,0.4,19,Race lead holding,HIGHLIGHT,1,55,54,0.0181818181818181,0.0185185185185185
P08,2024_Qatar_GP,0.4,20,Wing & car damage,HIGHLIGHT,2,55,54,0.0363636363636363,0.037037037037037
P08,2024_Qatar_GP,0.4,21,Braking & lockups,HIGHLIGHT,3,55,54,0.0545454545454545,0.0555555555555555
P08,2024_Qatar_GP,0.4,22,Wheel-to-wheel,HIGHLIGHT,3,55,54,0.0545454545454545,0.0555555555555555
P08,2024_Qatar_GP,0.4,23,Circuit action,HIGHLIGHT,1,55,54,0.0181818181818181,0.0185185185185185
P08,2024_Qatar_GP,0.4,24,Inter-car distance,HIGHLIGHT,1,55,54,0.0181818181818181,0.0185185185185185
P08,2024_Qatar_GP,0.4,25,Driver & team references,HIGHLIGHT,0,55,54,0.0,0.0
P08,2024_Qatar_GP,0.4,26,Defending & attacking,HIGHLIGHT,1,55,54,0.0181818181818181,0.0185185185185185
P08,2024_Qatar_GP,0.4,27,Overtake battles,HIGHLIGHT,5,55,54,0.0909090909090909,0.0925925925925925
P08,2024_Qatar_GP,0.4,28,Corner battles,HIGHLIGHT,1,55,54,0.0181818181818181,0.0185185185185185
P08,2024_Qatar_GP,0.4,29,Corner specific moves,HIGHLIGHT,0,55,54,0.0,0.0
P08,2024_Qatar_GP,0.4,30,Lap pace & timing,HIGHLIGHT,1,55,54,0.0181818181818181,0.0185185185185185
P08,2024_Qatar_GP,0.4,31,Race leader changes,HIGHLIGHT,2,55,54,0.0363636363636363,0.037037037037037
P08,2024_Qatar_GP,0.4,32,Front position changes,HIGHLIGHT,0,55,54,0.0,0.0
P08,2024_Qatar_GP,0.4,33,Field position changes,HIGHLIGHT,4,55,54,0.0727272727272727,0.074074074074074
P08,2024_Qatar_GP,0.45,0,DRS-assisted battles,HIGHLIGHT,0,55,52,0.0,0.0
P08,2024_Qatar_GP,0.45,1,Time penalties,HIGHLIGHT,6,55,52,0.109090909090909,0.1153846153846153
P08,2024_Qatar_GP,0.45,2,Lights-out race starts,HIGHLIGHT,0,55,52,0.0,0.0
P08,2024_Qatar_GP,0.45,3,Mirror checks defending,HIGHLIGHT,1,55,52,0.0181818181818181,0.0192307692307692
P08,2024_Qatar_GP,0.45,4,Race start launch,HIGHLIGHT,1,55,52,0.0181818181818181,0.0192307692307692
P08,2024_Qatar_GP,0.45,5,Weather conditions,HIGHLIGHT,0,55,52,0.0,0.0
P08,2024_Qatar_GP,0.45,6,Grand Prix wins,HIGHLIGHT,6,55,52,0.109090909090909,0.1153846153846153
P08,2024_Qatar_GP,0.45,7,Race start lights,HIGHLIGHT,1,55,52,0.0181818181818181,0.0192307692307692
P08,2024_Qatar_GP,0.45,8,Race control flags,HIGHLIGHT,2,55,52,0.0363636363636363,0.0384615384615384
P08,2024_Qatar_GP,0.45,9,Formula 1 milestones,HIGHLIGHT,0,55,52,0.0,0.0
P08,2024_Qatar_GP,0.45,10,Chicane moves,HIGHLIGHT,0,55,52,0.0,0.0
P08,2024_Qatar_GP,0.45,11,Team radio celebrations,HIGHLIGHT,0,55,52,0.0,0.0
P08,2024_Qatar_GP,0.45,12,Podium finishes,HIGHLIGHT,0,55,52,0.0,0.0
P08,2024_Qatar_GP,0.45,13,Championship & title,HIGHLIGHT,2,55,52,0.0363636363636363,0.0384615384615384
P08,2024_Qatar_GP,0.45,14,Pit stops,HIGHLIGHT,0,55,52,0.0,0.0
P08,2024_Qatar_GP,0.45,15,Tires & compounds,HIGHLIGHT,4,55,52,0.0727272727272727,0.0769230769230769
P08,2024_Qatar_GP,0.45,16,Safety car deployment,HIGHLIGHT,0,55,52,0.0,0.0
P08,2024_Qatar_GP,0.45,17,Gap & pace,HIGHLIGHT,0,55,52,0.0,0.0
P08,2024_Qatar_GP,0.45,18,Team dynamics,HIGHLIGHT,4,55,52,0.0727272727272727,0.0769230769230769
P08,2024_Qatar_GP,0.45,19,Race lead holding,HIGHLIGHT,1,55,52,0.0181818181818181,0.0192307692307692
P08,2024_Qatar_GP,0.45,20,Wing & car damage,HIGHLIGHT,2,55,52,0.0363636363636363,0.0384615384615384
P08,2024_Qatar_GP,0.45,21,Braking & lockups,HIGHLIGHT,3,55,52,0.0545454545454545,0.0576923076923076
P08,2024_Qatar_GP,0.45,22,Wheel-to-wheel,HIGHLIGHT,3,55,52,0.0545454545454545,0.0576923076923076
P08,2024_Qatar_GP,0.45,23,Circuit action,HIGHLIGHT,1,55,52,0.0181818181818181,0.0192307692307692
P08,2024_Qatar_GP,0.45,24,Inter-car distance,HIGHLIGHT,1,55,52,0.0181818181818181,0.0192307692307692
P08,2024_Qatar_GP,0.45,25,Driver & team references,HIGHLIGHT,0,55,52,0.0,0.0
P08,2024_Qatar_GP,0.45,26,Defending & attacking,HIGHLIGHT,1,55,52,0.0181818181818181,0.0192307692307692
P08,2024_Qatar_GP,0.45,27,Overtake battles,HIGHLIGHT,5,55,52,0.0909090909090909,0.0961538461538461
P08,2024_Qatar_GP,0.45,28,Corner battles,HIGHLIGHT,1,55,52,0.0181818181818181,0.0192307692307692
P08,2024_Qatar_GP,0.45,29,Corner specific moves,HIGHLIGHT,0,55,52,0.0,0.0
P08,2024_Qatar_GP,0.45,30,Lap pace & timing,HIGHLIGHT,1,55,52,0.0181818181818181,0.0192307692307692
P08,2024_Qatar_GP,0.45,31,Race leader changes,HIGHLIGHT,2,55,52,0.0363636363636363,0.0384615384615384
P08,2024_Qatar_GP,0.45,32,Front position changes,HIGHLIGHT,0,55,52,0.0,0.0
P08,2024_Qatar_GP,0.45,33,Field position changes,HIGHLIGHT,4,55,52,0.0727272727272727,0.0769230769230769
P08,2024_Qatar_GP,0.35,0,DRS-assisted battles,FULL_RACE,20,1631,1351,0.012262415695892,0.0148038490007401
P08,2024_Qatar_GP,0.35,1,Time penalties,FULL_RACE,68,1631,1351,0.0416922133660331,0.0503330866025166
P08,2024_Qatar_GP,0.35,2,Lights-out race starts,FULL_RACE,11,1631,1351,0.0067443286327406,0.0081421169504071
P08,2024_Qatar_GP,0.35,3,Mirror checks defending,FULL_RACE,16,1631,1351,0.0098099325567136,0.0118430792005921
P08,2024_Qatar_GP,0.35,4,Race start launch,FULL_RACE,5,1631,1351,0.003065603923973,0.003700962250185
P08,2024_Qatar_GP,0.35,5,Weather conditions,FULL_RACE,7,1631,1351,0.0042918454935622,0.005181347150259
P08,2024_Qatar_GP,0.35,6,Grand Prix wins,FULL_RACE,81,1631,1351,0.0496627835683629,0.0599555884529977
P08,2024_Qatar_GP,0.35,7,Race start lights,FULL_RACE,5,1631,1351,0.003065603923973,0.003700962250185
P08,2024_Qatar_GP,0.35,8,Race control flags,FULL_RACE,33,1631,1351,0.0202329858982219,0.0244263508512213
P08,2024_Qatar_GP,0.35,9,Formula 1 milestones,FULL_RACE,20,1631,1351,0.012262415695892,0.0148038490007401
P08,2024_Qatar_GP,0.35,10,Chicane moves,FULL_RACE,1,1631,1351,0.0006131207847946,0.000740192450037
P08,2024_Qatar_GP,0.35,11,Team radio celebrations,FULL_RACE,16,1631,1351,0.0098099325567136,0.0118430792005921
P08,2024_Qatar_GP,0.35,12,Podium finishes,FULL_RACE,17,1631,1351,0.0104230533415082,0.0125832716506291
P08,2024_Qatar_GP,0.35,13,Championship & title,FULL_RACE,69,1631,1351,0.0423053341508277,0.0510732790525536
P08,2024_Qatar_GP,0.35,14,Pit stops,FULL_RACE,43,1631,1351,0.0263641937461679,0.0318282753515914
P08,2024_Qatar_GP,0.35,15,Tires & compounds,FULL_RACE,75,1631,1351,0.0459840588595953,0.0555144337527757
P08,2024_Qatar_GP,0.35,16,Safety car deployment,FULL_RACE,53,1631,1351,0.032495401594114,0.0392301998519615
P08,2024_Qatar_GP,0.35,17,Gap & pace,FULL_RACE,51,1631,1351,0.0312691600245248,0.0377498149518874
P08,2024_Qatar_GP,0.35,18,Team dynamics,FULL_RACE,109,1631,1351,0.0668301655426119,0.080680977054034
P08,2024_Qatar_GP,0.35,19,Race lead holding,FULL_RACE,6,1631,1351,0.0036787247087676,0.004441154700222
P08,2024_Qatar_GP,0.35,20,Wing & car damage,FULL_RACE,33,1631,1351,0.0202329858982219,0.0244263508512213
P08,2024_Qatar_GP,0.35,21,Braking & lockups,FULL_RACE,67,1631,1351,0.0410790925812385,0.0495928941524796
P08,2024_Qatar_GP,0.35,22,Wheel-to-wheel,FULL_RACE,12,1631,1351,0.0073574494175352,0.0088823094004441
P08,2024_Qatar_GP,0.35,23,Circuit action,FULL_RACE,35,1631,1351,0.0214592274678111,0.0259067357512953
P08,2024_Qatar_GP,0.35,24,Inter-car distance,FULL_RACE,30,1631,1351,0.0183936235438381,0.0222057735011102
P08,2024_Qatar_GP,0.35,25,Driver & team references,FULL_RACE,28,1631,1351,0.0171673819742489,0.0207253886010362
P08,2024_Qatar_GP,0.35,26,Defending & attacking,FULL_RACE,28,1631,1351,0.0171673819742489,0.0207253886010362
P08,2024_Qatar_GP,0.35,27,Overtake battles,FULL_RACE,175,1631,1351,0.1072961373390558,0.1295336787564766
P08,2024_Qatar_GP,0.35,28,Corner battles,FULL_RACE,15,1631,1351,0.009196811771919,0.0111028867505551
P08,2024_Qatar_GP,0.35,29,Corner specific moves,FULL_RACE,12,1631,1351,0.0073574494175352,0.0088823094004441
P08,2024_Qatar_GP,0.35,30,Lap pace & timing,FULL_RACE,59,1631,1351,0.0361741263028816,0.0436713545521835
P08,2024_Qatar_GP,0.35,31,Race leader changes,FULL_RACE,53,1631,1351,0.032495401594114,0.0392301998519615
P08,2024_Qatar_GP,0.35,32,Front position changes,FULL_RACE,40,1631,1351,0.0245248313917841,0.0296076980014803
P08,2024_Qatar_GP,0.35,33,Field position changes,FULL_RACE,58,1631,1351,0.035561005518087,0.0429311621021465
P08,2024_Qatar_GP,0.4,0,DRS-assisted battles,FULL_RACE,19,1631,1225,0.0116492949110974,0.0155102040816326
P08,2024_Qatar_GP,0.4,1,Time penalties,FULL_RACE,63,1631,1225,0.03862660944206,0.0514285714285714
P08,2024_Qatar_GP,0.4,2,Lights-out race starts,FULL_RACE,3,1631,1225,0.0018393623543838,0.0024489795918367
P08,2024_Qatar_GP,0.4,3,Mirror checks defending,FULL_RACE,11,1631,1225,0.0067443286327406,0.0089795918367346
P08,2024_Qatar_GP,0.4,4,Race start launch,FULL_RACE,4,1631,1225,0.0024524831391784,0.0032653061224489
P08,2024_Qatar_GP,0.4,5,Weather conditions,FULL_RACE,4,1631,1225,0.0024524831391784,0.0032653061224489
P08,2024_Qatar_GP,0.4,6,Grand Prix wins,FULL_RACE,80,1631,1225,0.0490496627835683,0.0653061224489796
P08,2024_Qatar_GP,0.4,7,Race start lights,FULL_RACE,5,1631,1225,0.003065603923973,0.0040816326530612
P08,2024_Qatar_GP,0.4,8,Race control flags,FULL_RACE,29,1631,1225,0.0177805027590435,0.0236734693877551
P08,2024_Qatar_GP,0.4,9,Formula 1 milestones,FULL_RACE,19,1631,1225,0.0116492949110974,0.0155102040816326
P08,2024_Qatar_GP,0.4,10,Chicane moves,FULL_RACE,1,1631,1225,0.0006131207847946,0.0008163265306122
P08,2024_Qatar_GP,0.4,11,Team radio celebrations,FULL_RACE,11,1631,1225,0.0067443286327406,0.0089795918367346
P08,2024_Qatar_GP,0.4,12,Podium finishes,FULL_RACE,15,1631,1225,0.009196811771919,0.0122448979591836
P08,2024_Qatar_GP,0.4,13,Championship & title,FULL_RACE,55,1631,1225,0.0337216431637032,0.0448979591836734
P08,2024_Qatar_GP,0.4,14,Pit stops,FULL_RACE,42,1631,1225,0.0257510729613733,0.0342857142857142
P08,2024_Qatar_GP,0.4,15,Tires & compounds,FULL_RACE,69,1631,1225,0.0423053341508277,0.0563265306122449
P08,2024_Qatar_GP,0.4,16,Safety car deployment,FULL_RACE,50,1631,1225,0.0306560392397302,0.0408163265306122
P08,2024_Qatar_GP,0.4,17,Gap & pace,FULL_RACE,42,1631,1225,0.0257510729613733,0.0342857142857142
P08,2024_Qatar_GP,0.4,18,Team dynamics,FULL_RACE,101,1631,1225,0.061925199264255,0.0824489795918367
P08,2024_Qatar_GP,0.4,19,Race lead holding,FULL_RACE,5,1631,1225,0.003065603923973,0.0040816326530612
P08,2024_Qatar_GP,0.4,20,Wing & car damage,FULL_RACE,25,1631,1225,0.0153280196198651,0.0204081632653061
P08,2024_Qatar_GP,0.4,21,Braking & lockups,FULL_RACE,61,1631,1225,0.0374003678724708,0.0497959183673469
P08,2024_Qatar_GP,0.4,22,Wheel-to-wheel,FULL_RACE,12,1631,1225,0.0073574494175352,0.0097959183673469
P08,2024_Qatar_GP,0.4,23,Circuit action,FULL_RACE,31,1631,1225,0.0190067443286327,0.0253061224489795
P08,2024_Qatar_GP,0.4,24,Inter-car distance,FULL_RACE,29,1631,1225,0.0177805027590435,0.0236734693877551
P08,2024_Qatar_GP,0.4,25,Driver & team references,FULL_RACE,26,1631,1225,0.0159411404046597,0.0212244897959183
P08,2024_Qatar_GP,0.4,26,Defending & attacking,FULL_RACE,25,1631,1225,0.0153280196198651,0.0204081632653061
P08,2024_Qatar_GP,0.4,27,Overtake battles,FULL_RACE,172,1631,1225,0.1054567749846719,0.1404081632653061
P08,2024_Qatar_GP,0.4,28,Corner battles,FULL_RACE,10,1631,1225,0.006131207847946,0.0081632653061224
P08,2024_Qatar_GP,0.4,29,Corner specific moves,FULL_RACE,9,1631,1225,0.0055180870631514,0.0073469387755102
P08,2024_Qatar_GP,0.4,30,Lap pace & timing,FULL_RACE,57,1631,1225,0.0349478847332924,0.0465306122448979
P08,2024_Qatar_GP,0.4,31,Race leader changes,FULL_RACE,53,1631,1225,0.032495401594114,0.0432653061224489
P08,2024_Qatar_GP,0.4,32,Front position changes,FULL_RACE,38,1631,1225,0.0232985898221949,0.0310204081632653
P08,2024_Qatar_GP,0.4,33,Field position changes,FULL_RACE,49,1631,1225,0.0300429184549356,0.04
P08,2024_Qatar_GP,0.45,0,DRS-assisted battles,FULL_RACE,18,1631,1106,0.0110361741263028,0.0162748643761302
P08,2024_Qatar_GP,0.45,1,Time penalties,FULL_RACE,61,1631,1106,0.0374003678724708,0.0551537070524412
P08,2024_Qatar_GP,0.45,2,Lights-out race starts,FULL_RACE,1,1631,1106,0.0006131207847946,0.0009041591320072
P08,2024_Qatar_GP,0.45,3,Mirror checks defending,FULL_RACE,9,1631,1106,0.0055180870631514,0.0081374321880651
P08,2024_Qatar_GP,0.45,4,Race start launch,FULL_RACE,4,1631,1106,0.0024524831391784,0.0036166365280289
P08,2024_Qatar_GP,0.45,5,Weather conditions,FULL_RACE,2,1631,1106,0.0012262415695892,0.0018083182640144
P08,2024_Qatar_GP,0.45,6,Grand Prix wins,FULL_RACE,78,1631,1106,0.0478234212139791,0.0705244122965642
P08,2024_Qatar_GP,0.45,7,Race start lights,FULL_RACE,5,1631,1106,0.003065603923973,0.0045207956600361
P08,2024_Qatar_GP,0.45,8,Race control flags,FULL_RACE,27,1631,1106,0.0165542611894543,0.0244122965641952
P08,2024_Qatar_GP,0.45,9,Formula 1 milestones,FULL_RACE,17,1631,1106,0.0104230533415082,0.0153707052441229
P08,2024_Qatar_GP,0.45,10,Chicane moves,FULL_RACE,1,1631,1106,0.0006131207847946,0.0009041591320072
P08,2024_Qatar_GP,0.45,11,Team radio celebrations,FULL_RACE,7,1631,1106,0.0042918454935622,0.0063291139240506
P08,2024_Qatar_GP,0.45,12,Podium finishes,FULL_RACE,13,1631,1106,0.0079705702023298,0.011754068716094
P08,2024_Qatar_GP,0.45,13,Championship & title,FULL_RACE,47,1631,1106,0.0288166768853464,0.0424954792043399
P08,2024_Qatar_GP,0.45,14,Pit stops,FULL_RACE,40,1631,1106,0.0245248313917841,0.0361663652802893
P08,2024_Qatar_GP,0.45,15,Tires & compounds,FULL_RACE,64,1631,1106,0.0392397302268546,0.0578661844484629
P08,2024_Qatar_GP,0.45,16,Safety car deployment,FULL_RACE,45,1631,1106,0.0275904353157572,0.0406871609403255
P08,2024_Qatar_GP,0.45,17,Gap & pace,FULL_RACE,36,1631,1106,0.0220723482526057,0.0325497287522604
P08,2024_Qatar_GP,0.45,18,Team dynamics,FULL_RACE,95,1631,1106,0.0582464745554874,0.0858951175406871
P08,2024_Qatar_GP,0.45,19,Race lead holding,FULL_RACE,4,1631,1106,0.0024524831391784,0.0036166365280289
P08,2024_Qatar_GP,0.45,20,Wing & car damage,FULL_RACE,13,1631,1106,0.0079705702023298,0.011754068716094
P08,2024_Qatar_GP,0.45,21,Braking & lockups,FULL_RACE,51,1631,1106,0.0312691600245248,0.0461121157323689
P08,2024_Qatar_GP,0.45,22,Wheel-to-wheel,FULL_RACE,12,1631,1106,0.0073574494175352,0.0108499095840868
P08,2024_Qatar_GP,0.45,23,Circuit action,FULL_RACE,29,1631,1106,0.0177805027590435,0.0262206148282097
P08,2024_Qatar_GP,0.45,24,Inter-car distance,FULL_RACE,26,1631,1106,0.0159411404046597,0.023508137432188
P08,2024_Qatar_GP,0.45,25,Driver & team references,FULL_RACE,20,1631,1106,0.012262415695892,0.0180831826401446
P08,2024_Qatar_GP,0.45,26,Defending & attacking,FULL_RACE,23,1631,1106,0.0141017780502759,0.0207956600361663
P08,2024_Qatar_GP,0.45,27,Overtake battles,FULL_RACE,169,1631,1106,0.1036174126302881,0.1528028933092224
P08,2024_Qatar_GP,0.45,28,Corner battles,FULL_RACE,5,1631,1106,0.003065603923973,0.0045207956600361
P08,2024_Qatar_GP,0.45,29,Corner specific moves,FULL_RACE,6,1631,1106,0.0036787247087676,0.0054249547920434
P08,2024_Qatar_GP,0.45,30,Lap pace & timing,FULL_RACE,52,1631,1106,0.0318822808093194,0.0470162748643761
P08,2024_Qatar_GP,0.45,31,Race leader changes,FULL_RACE,49,1631,1106,0.0300429184549356,0.0443037974683544
P08,2024_Qatar_GP,0.45,32,Front position changes,FULL_RACE,36,1631,1106,0.0220723482526057,0.0325497287522604
P08,2024_Qatar_GP,0.45,33,Field position changes,FULL_RACE,41,1631,1106,0.0251379521765787,0.0370705244122965
P05,2024_SaoPaulo_GP,0.35,0,DRS-assisted battles,HIGHLIGHT,0,96,92,0.0,0.0
P05,2024_SaoPaulo_GP,0.35,1,Time penalties,HIGHLIGHT,4,96,92,0.0416666666666666,0.0434782608695652
P05,2024_SaoPaulo_GP,0.35,2,Lights-out race starts,HIGHLIGHT,1,96,92,0.0104166666666666,0.0108695652173913
P05,2024_SaoPaulo_GP,0.35,3,Mirror checks defending,HIGHLIGHT,0,96,92,0.0,0.0
P05,2024_SaoPaulo_GP,0.35,4,Race start launch,HIGHLIGHT,0,96,92,0.0,0.0
P05,2024_SaoPaulo_GP,0.35,5,Weather conditions,HIGHLIGHT,2,96,92,0.0208333333333333,0.0217391304347826
P05,2024_SaoPaulo_GP,0.35,6,Grand Prix wins,HIGHLIGHT,6,96,92,0.0625,0.0652173913043478
P05,2024_SaoPaulo_GP,0.35,7,Race start lights,HIGHLIGHT,1,96,92,0.0104166666666666,0.0108695652173913
P05,2024_SaoPaulo_GP,0.35,8,Race control flags,HIGHLIGHT,2,96,92,0.0208333333333333,0.0217391304347826
P05,2024_SaoPaulo_GP,0.35,9,Formula 1 milestones,HIGHLIGHT,1,96,92,0.0104166666666666,0.0108695652173913
P05,2024_SaoPaulo_GP,0.35,10,Chicane moves,HIGHLIGHT,0,96,92,0.0,0.0
P05,2024_SaoPaulo_GP,0.35,11,Team radio celebrations,HIGHLIGHT,0,96,92,0.0,0.0
P05,2024_SaoPaulo_GP,0.35,12,Podium finishes,HIGHLIGHT,2,96,92,0.0208333333333333,0.0217391304347826
P05,2024_SaoPaulo_GP,0.35,13,Championship & title,HIGHLIGHT,7,96,92,0.0729166666666666,0.0760869565217391
P05,2024_SaoPaulo_GP,0.35,14,Pit stops,HIGHLIGHT,0,96,92,0.0,0.0
P05,2024_SaoPaulo_GP,0.35,15,Tires & compounds,HIGHLIGHT,3,96,92,0.03125,0.0326086956521739
P05,2024_SaoPaulo_GP,0.35,16,Safety car deployment,HIGHLIGHT,7,96,92,0.0729166666666666,0.0760869565217391
P05,2024_SaoPaulo_GP,0.35,17,Gap & pace,HIGHLIGHT,0,96,92,0.0,0.0
P05,2024_SaoPaulo_GP,0.35,18,Team dynamics,HIGHLIGHT,6,96,92,0.0625,0.0652173913043478
P05,2024_SaoPaulo_GP,0.35,19,Race lead holding,HIGHLIGHT,3,96,92,0.03125,0.0326086956521739
P05,2024_SaoPaulo_GP,0.35,20,Wing & car damage,HIGHLIGHT,1,96,92,0.0104166666666666,0.0108695652173913
P05,2024_SaoPaulo_GP,0.35,21,Braking & lockups,HIGHLIGHT,1,96,92,0.0104166666666666,0.0108695652173913
P05,2024_SaoPaulo_GP,0.35,22,Wheel-to-wheel,HIGHLIGHT,3,96,92,0.03125,0.0326086956521739
P05,2024_SaoPaulo_GP,0.35,23,Circuit action,HIGHLIGHT,4,96,92,0.0416666666666666,0.0434782608695652
P05,2024_SaoPaulo_GP,0.35,24,Inter-car distance,HIGHLIGHT,0,96,92,0.0,0.0
P05,2024_SaoPaulo_GP,0.35,25,Driver & team references,HIGHLIGHT,2,96,92,0.0208333333333333,0.0217391304347826
P05,2024_SaoPaulo_GP,0.35,26,Defending & attacking,HIGHLIGHT,3,96,92,0.03125,0.0326086956521739
P05,2024_SaoPaulo_GP,0.35,27,Overtake battles,HIGHLIGHT,16,96,92,0.1666666666666666,0.1739130434782608
P05,2024_SaoPaulo_GP,0.35,28,Corner battles,HIGHLIGHT,2,96,92,0.0208333333333333,0.0217391304347826
P05,2024_SaoPaulo_GP,0.35,29,Corner specific moves,HIGHLIGHT,3,96,92,0.03125,0.0326086956521739
P05,2024_SaoPaulo_GP,0.35,30,Lap pace & timing,HIGHLIGHT,4,96,92,0.0416666666666666,0.0434782608695652
P05,2024_SaoPaulo_GP,0.35,31,Race leader changes,HIGHLIGHT,3,96,92,0.03125,0.0326086956521739
P05,2024_SaoPaulo_GP,0.35,32,Front position changes,HIGHLIGHT,1,96,92,0.0104166666666666,0.0108695652173913
P05,2024_SaoPaulo_GP,0.35,33,Field position changes,HIGHLIGHT,4,96,92,0.0416666666666666,0.0434782608695652
P05,2024_SaoPaulo_GP,0.4,0,DRS-assisted battles,HIGHLIGHT,0,96,87,0.0,0.0
P05,2024_SaoPaulo_GP,0.4,1,Time penalties,HIGHLIGHT,3,96,87,0.03125,0.0344827586206896
P05,2024_SaoPaulo_GP,0.4,2,Lights-out race starts,HIGHLIGHT,1,96,87,0.0104166666666666,0.0114942528735632
P05,2024_SaoPaulo_GP,0.4,3,Mirror checks defending,HIGHLIGHT,0,96,87,0.0,0.0
P05,2024_SaoPaulo_GP,0.4,4,Race start launch,HIGHLIGHT,0,96,87,0.0,0.0
P05,2024_SaoPaulo_GP,0.4,5,Weather conditions,HIGHLIGHT,2,96,87,0.0208333333333333,0.0229885057471264
P05,2024_SaoPaulo_GP,0.4,6,Grand Prix wins,HIGHLIGHT,6,96,87,0.0625,0.0689655172413793
P05,2024_SaoPaulo_GP,0.4,7,Race start lights,HIGHLIGHT,1,96,87,0.0104166666666666,0.0114942528735632
P05,2024_SaoPaulo_GP,0.4,8,Race control flags,HIGHLIGHT,2,96,87,0.0208333333333333,0.0229885057471264
P05,2024_SaoPaulo_GP,0.4,9,Formula 1 milestones,HIGHLIGHT,1,96,87,0.0104166666666666,0.0114942528735632
P05,2024_SaoPaulo_GP,0.4,10,Chicane moves,HIGHLIGHT,0,96,87,0.0,0.0
P05,2024_SaoPaulo_GP,0.4,11,Team radio celebrations,HIGHLIGHT,0,96,87,0.0,0.0
P05,2024_SaoPaulo_GP,0.4,12,Podium finishes,HIGHLIGHT,2,96,87,0.0208333333333333,0.0229885057471264
P05,2024_SaoPaulo_GP,0.4,13,Championship & title,HIGHLIGHT,6,96,87,0.0625,0.0689655172413793
P05,2024_SaoPaulo_GP,0.4,14,Pit stops,HIGHLIGHT,0,96,87,0.0,0.0
P05,2024_SaoPaulo_GP,0.4,15,Tires & compounds,HIGHLIGHT,3,96,87,0.03125,0.0344827586206896
P05,2024_SaoPaulo_GP,0.4,16,Safety car deployment,HIGHLIGHT,6,96,87,0.0625,0.0689655172413793
P05,2024_SaoPaulo_GP,0.4,17,Gap & pace,HIGHLIGHT,0,96,87,0.0,0.0
P05,2024_SaoPaulo_GP,0.4,18,Team dynamics,HIGHLIGHT,6,96,87,0.0625,0.0689655172413793
P05,2024_SaoPaulo_GP,0.4,19,Race lead holding,HIGHLIGHT,2,96,87,0.0208333333333333,0.0229885057471264
P05,2024_SaoPaulo_GP,0.4,20,Wing & car damage,HIGHLIGHT,1,96,87,0.0104166666666666,0.0114942528735632
P05,2024_SaoPaulo_GP,0.4,21,Braking & lockups,HIGHLIGHT,1,96,87,0.0104166666666666,0.0114942528735632
P05,2024_SaoPaulo_GP,0.4,22,Wheel-to-wheel,HIGHLIGHT,3,96,87,0.03125,0.0344827586206896
P05,2024_SaoPaulo_GP,0.4,23,Circuit action,HIGHLIGHT,3,96,87,0.03125,0.0344827586206896
P05,2024_SaoPaulo_GP,0.4,24,Inter-car distance,HIGHLIGHT,0,96,87,0.0,0.0
P05,2024_SaoPaulo_GP,0.4,25,Driver & team references,HIGHLIGHT,2,96,87,0.0208333333333333,0.0229885057471264
P05,2024_SaoPaulo_GP,0.4,26,Defending & attacking,HIGHLIGHT,3,96,87,0.03125,0.0344827586206896
P05,2024_SaoPaulo_GP,0.4,27,Overtake battles,HIGHLIGHT,16,96,87,0.1666666666666666,0.1839080459770115
P05,2024_SaoPaulo_GP,0.4,28,Corner battles,HIGHLIGHT,2,96,87,0.0208333333333333,0.0229885057471264
P05,2024_SaoPaulo_GP,0.4,29,Corner specific moves,HIGHLIGHT,3,96,87,0.03125,0.0344827586206896
P05,2024_SaoPaulo_GP,0.4,30,Lap pace & timing,HIGHLIGHT,4,96,87,0.0416666666666666,0.0459770114942528
P05,2024_SaoPaulo_GP,0.4,31,Race leader changes,HIGHLIGHT,3,96,87,0.03125,0.0344827586206896
P05,2024_SaoPaulo_GP,0.4,32,Front position changes,HIGHLIGHT,1,96,87,0.0104166666666666,0.0114942528735632
P05,2024_SaoPaulo_GP,0.4,33,Field position changes,HIGHLIGHT,4,96,87,0.0416666666666666,0.0459770114942528
P05,2024_SaoPaulo_GP,0.45,0,DRS-assisted battles,HIGHLIGHT,0,96,85,0.0,0.0
P05,2024_SaoPaulo_GP,0.45,1,Time penalties,HIGHLIGHT,3,96,85,0.03125,0.0352941176470588
P05,2024_SaoPaulo_GP,0.45,2,Lights-out race starts,HIGHLIGHT,1,96,85,0.0104166666666666,0.0117647058823529
P05,2024_SaoPaulo_GP,0.45,3,Mirror checks defending,HIGHLIGHT,0,96,85,0.0,0.0
P05,2024_SaoPaulo_GP,0.45,4,Race start launch,HIGHLIGHT,0,96,85,0.0,0.0
P05,2024_SaoPaulo_GP,0.45,5,Weather conditions,HIGHLIGHT,2,96,85,0.0208333333333333,0.0235294117647058
P05,2024_SaoPaulo_GP,0.45,6,Grand Prix wins,HIGHLIGHT,6,96,85,0.0625,0.0705882352941176
P05,2024_SaoPaulo_GP,0.45,7,Race start lights,HIGHLIGHT,1,96,85,0.0104166666666666,0.0117647058823529
P05,2024_SaoPaulo_GP,0.45,8,Race control flags,HIGHLIGHT,2,96,85,0.0208333333333333,0.0235294117647058
P05,2024_SaoPaulo_GP,0.45,9,Formula 1 milestones,HIGHLIGHT,1,96,85,0.0104166666666666,0.0117647058823529
P05,2024_SaoPaulo_GP,0.45,10,Chicane moves,HIGHLIGHT,0,96,85,0.0,0.0
P05,2024_SaoPaulo_GP,0.45,11,Team radio celebrations,HIGHLIGHT,0,96,85,0.0,0.0
P05,2024_SaoPaulo_GP,0.45,12,Podium finishes,HIGHLIGHT,2,96,85,0.0208333333333333,0.0235294117647058
P05,2024_SaoPaulo_GP,0.45,13,Championship & title,HIGHLIGHT,6,96,85,0.0625,0.0705882352941176
P05,2024_SaoPaulo_GP,0.45,14,Pit stops,HIGHLIGHT,0,96,85,0.0,0.0
P05,2024_SaoPaulo_GP,0.45,15,Tires & compounds,HIGHLIGHT,3,96,85,0.03125,0.0352941176470588
P05,2024_SaoPaulo_GP,0.45,16,Safety car deployment,HIGHLIGHT,5,96,85,0.0520833333333333,0.0588235294117647
P05,2024_SaoPaulo_GP,0.45,17,Gap & pace,HIGHLIGHT,0,96,85,0.0,0.0
P05,2024_SaoPaulo_GP,0.45,18,Team dynamics,HIGHLIGHT,6,96,85,0.0625,0.0705882352941176
P05,2024_SaoPaulo_GP,0.45,19,Race lead holding,HIGHLIGHT,2,96,85,0.0208333333333333,0.0235294117647058
P05,2024_SaoPaulo_GP,0.45,20,Wing & car damage,HIGHLIGHT,0,96,85,0.0,0.0
P05,2024_SaoPaulo_GP,0.45,21,Braking & lockups,HIGHLIGHT,1,96,85,0.0104166666666666,0.0117647058823529
P05,2024_SaoPaulo_GP,0.45,22,Wheel-to-wheel,HIGHLIGHT,3,96,85,0.03125,0.0352941176470588
P05,2024_SaoPaulo_GP,0.45,23,Circuit action,HIGHLIGHT,3,96,85,0.03125,0.0352941176470588
P05,2024_SaoPaulo_GP,0.45,24,Inter-car distance,HIGHLIGHT,0,96,85,0.0,0.0
P05,2024_SaoPaulo_GP,0.45,25,Driver & team references,HIGHLIGHT,2,96,85,0.0208333333333333,0.0235294117647058
P05,2024_SaoPaulo_GP,0.45,26,Defending & attacking,HIGHLIGHT,3,96,85,0.03125,0.0352941176470588
P05,2024_SaoPaulo_GP,0.45,27,Overtake battles,HIGHLIGHT,16,96,85,0.1666666666666666,0.188235294117647
P05,2024_SaoPaulo_GP,0.45,28,Corner battles,HIGHLIGHT,2,96,85,0.0208333333333333,0.0235294117647058
P05,2024_SaoPaulo_GP,0.45,29,Corner specific moves,HIGHLIGHT,3,96,85,0.03125,0.0352941176470588
P05,2024_SaoPaulo_GP,0.45,30,Lap pace & timing,HIGHLIGHT,4,96,85,0.0416666666666666,0.0470588235294117
P05,2024_SaoPaulo_GP,0.45,31,Race leader changes,HIGHLIGHT,3,96,85,0.03125,0.0352941176470588
P05,2024_SaoPaulo_GP,0.45,32,Front position changes,HIGHLIGHT,1,96,85,0.0104166666666666,0.0117647058823529
P05,2024_SaoPaulo_GP,0.45,33,Field position changes,HIGHLIGHT,4,96,85,0.0416666666666666,0.0470588235294117
P05,2024_SaoPaulo_GP,0.35,0,DRS-assisted battles,FULL_RACE,5,1905,1580,0.0026246719160104,0.0031645569620253
P05,2024_SaoPaulo_GP,0.35,1,Time penalties,FULL_RACE,32,1905,1580,0.0167979002624671,0.020253164556962
P05,2024_SaoPaulo_GP,0.35,2,Lights-out race starts,FULL_RACE,22,1905,1580,0.0115485564304461,0.0139240506329113
P05,2024_SaoPaulo_GP,0.35,3,Mirror checks defending,FULL_RACE,3,1905,1580,0.0015748031496062,0.0018987341772151
P05,2024_SaoPaulo_GP,0.35,4,Race start launch,FULL_RACE,7,1905,1580,0.0036745406824146,0.0044303797468354
P05,2024_SaoPaulo_GP,0.35,5,Weather conditions,FULL_RACE,145,1905,1580,0.0761154855643044,0.0917721518987341
P05,2024_SaoPaulo_GP,0.35,6,Grand Prix wins,FULL_RACE,87,1905,1580,0.0456692913385826,0.0550632911392405
P05,2024_SaoPaulo_GP,0.35,7,Race start lights,FULL_RACE,19,1905,1580,0.0099737532808398,0.0120253164556962
P05,2024_SaoPaulo_GP,0.35,8,Race control flags,FULL_RACE,34,1905,1580,0.0178477690288713,0.0215189873417721
P05,2024_SaoPaulo_GP,0.35,9,Formula 1 milestones,FULL_RACE,30,1905,1580,0.0157480314960629,0.0189873417721519
P05,2024_SaoPaulo_GP,0.35,10,Chicane moves,FULL_RACE,0,1905,1580,0.0,0.0
P05,2024_SaoPaulo_GP,0.35,11,Team radio celebrations,FULL_RACE,37,1905,1580,0.0194225721784776,0.0234177215189873
P05,2024_SaoPaulo_GP,0.35,12,Podium finishes,FULL_RACE,34,1905,1580,0.0178477690288713,0.0215189873417721
P05,2024_SaoPaulo_GP,0.35,13,Championship & title,FULL_RACE,77,1905,1580,0.0404199475065616,0.0487341772151898
P05,2024_SaoPaulo_GP,0.35,14,Pit stops,FULL_RACE,31,1905,1580,0.016272965879265,0.0196202531645569
P05,2024_SaoPaulo_GP,0.35,15,Tires & compounds,FULL_RACE,68,1905,1580,0.0356955380577427,0.0430379746835443
P05,2024_SaoPaulo_GP,0.35,16,Safety car deployment,FULL_RACE,52,1905,1580,0.0272965879265091,0.0329113924050632
P05,2024_SaoPaulo_GP,0.35,17,Gap & pace,FULL_RACE,55,1905,1580,0.0288713910761154,0.0348101265822784
P05,2024_SaoPaulo_GP,0.35,18,Team dynamics,FULL_RACE,104,1905,1580,0.0545931758530183,0.0658227848101265
P05,2024_SaoPaulo_GP,0.35,19,Race lead holding,FULL_RACE,11,1905,1580,0.005774278215223,0.0069620253164556
P05,2024_SaoPaulo_GP,0.35,20,Wing & car damage,FULL_RACE,26,1905,1580,0.0136482939632545,0.0164556962025316
P05,2024_SaoPaulo_GP,0.35,21,Braking & lockups,FULL_RACE,60,1905,1580,0.0314960629921259,0.0379746835443038
P05,2024_SaoPaulo_GP,0.35,22,Wheel-to-wheel,FULL_RACE,11,1905,1580,0.005774278215223,0.0069620253164556
P05,2024_SaoPaulo_GP,0.35,23,Circuit action,FULL_RACE,63,1905,1580,0.0330708661417322,0.0398734177215189
P05,2024_SaoPaulo_GP,0.35,24,Inter-car distance,FULL_RACE,34,1905,1580,0.0178477690288713,0.0215189873417721
P05,2024_SaoPaulo_GP,0.35,25,Driver & team references,FULL_RACE,83,1905,1580,0.0435695538057742,0.0525316455696202
P05,2024_SaoPaulo_GP,0.35,26,Defending & attacking,FULL_RACE,23,1905,1580,0.0120734908136482,0.0145569620253164
P05,2024_SaoPaulo_GP,0.35,27,Overtake battles,FULL_RACE,163,1905,1580,0.0855643044619422,0.1031645569620253
P05,2024_SaoPaulo_GP,0.35,28,Corner battles,FULL_RACE,20,1905,1580,0.0104986876640419,0.0126582278481012
P05,2024_SaoPaulo_GP,0.35,29,Corner specific moves,FULL_RACE,21,1905,1580,0.011023622047244,0.0132911392405063
P05,2024_SaoPaulo_GP,0.35,30,Lap pace & timing,FULL_RACE,70,1905,1580,0.0367454068241469,0.0443037974683544
P05,2024_SaoPaulo_GP,0.35,31,Race leader changes,FULL_RACE,84,1905,1580,0.0440944881889763,0.0531645569620253
P05,2024_SaoPaulo_GP,0.35,32,Front position changes,FULL_RACE,27,1905,1580,0.0141732283464566,0.0170886075949367
P05,2024_SaoPaulo_GP,0.35,33,Field position changes,FULL_RACE,42,1905,1580,0.0220472440944881,0.0265822784810126
P05,2024_SaoPaulo_GP,0.4,0,DRS-assisted battles,FULL_RACE,3,1905,1421,0.0015748031496062,0.0021111893033075
P05,2024_SaoPaulo_GP,0.4,1,Time penalties,FULL_RACE,29,1905,1421,0.0152230971128608,0.0204081632653061
P05,2024_SaoPaulo_GP,0.4,2,Lights-out race starts,FULL_RACE,8,1905,1421,0.0041994750656167,0.0056298381421534
P05,2024_SaoPaulo_GP,0.4,3,Mirror checks defending,FULL_RACE,2,1905,1421,0.0010498687664041,0.0014074595355383
P05,2024_SaoPaulo_GP,0.4,4,Race start launch,FULL_RACE,5,1905,1421,0.0026246719160104,0.0035186488388458
P05,2024_SaoPaulo_GP,0.4,5,Weather conditions,FULL_RACE,131,1905,1421,0.068766404199475,0.0921885995777621
P05,2024_SaoPaulo_GP,0.4,6,Grand Prix wins,FULL_RACE,86,1905,1421,0.0451443569553805,0.0605207600281491
P05,2024_SaoPaulo_GP,0.4,7,Race start lights,FULL_RACE,16,1905,1421,0.0083989501312335,0.0112596762843068
P05,2024_SaoPaulo_GP,0.4,8,Race control flags,FULL_RACE,33,1905,1421,0.0173228346456692,0.0232230823363828
P05,2024_SaoPaulo_GP,0.4,9,Formula 1 milestones,FULL_RACE,30,1905,1421,0.0157480314960629,0.0211118930330753
P05,2024_SaoPaulo_GP,0.4,10,Chicane moves,FULL_RACE,0,1905,1421,0.0,0.0
P05,2024_SaoPaulo_GP,0.4,11,Team radio celebrations,FULL_RACE,27,1905,1421,0.0141732283464566,0.0190007037297677
P05,2024_SaoPaulo_GP,0.4,12,Podium finishes,FULL_RACE,31,1905,1421,0.016272965879265,0.0218156228008444
P05,2024_SaoPaulo_GP,0.4,13,Championship & title,FULL_RACE,58,1905,1421,0.0304461942257217,0.0408163265306122
P05,2024_SaoPaulo_GP,0.4,14,Pit stops,FULL_RACE,30,1905,1421,0.0157480314960629,0.0211118930330753
P05,2024_SaoPaulo_GP,0.4,15,Tires & compounds,FULL_RACE,64,1905,1421,0.0335958005249343,0.0450387051372273
P05,2024_SaoPaulo_GP,0.4,16,Safety car deployment,FULL_RACE,49,1905,1421,0.0257217847769028,0.0344827586206896
P05,2024_SaoPaulo_GP,0.4,17,Gap & pace,FULL_RACE,43,1905,1421,0.0225721784776902,0.0302603800140745
P05,2024_SaoPaulo_GP,0.4,18,Team dynamics,FULL_RACE,97,1905,1421,0.0509186351706036,0.0682617874736101
P05,2024_SaoPaulo_GP,0.4,19,Race lead holding,FULL_RACE,11,1905,1421,0.005774278215223,0.0077410274454609
P05,2024_SaoPaulo_GP,0.4,20,Wing & car damage,FULL_RACE,15,1905,1421,0.0078740157480314,0.0105559465165376
P05,2024_SaoPaulo_GP,0.4,21,Braking & lockups,FULL_RACE,49,1905,1421,0.0257217847769028,0.0344827586206896
P05,2024_SaoPaulo_GP,0.4,22,Wheel-to-wheel,FULL_RACE,10,1905,1421,0.0052493438320209,0.0070372976776917
P05,2024_SaoPaulo_GP,0.4,23,Circuit action,FULL_RACE,61,1905,1421,0.032020997375328,0.0429275158339197
P05,2024_SaoPaulo_GP,0.4,24,Inter-car distance,FULL_RACE,34,1905,1421,0.0178477690288713,0.023926812104152
P05,2024_SaoPaulo_GP,0.4,25,Driver & team references,FULL_RACE,78,1905,1421,0.0409448818897637,0.0548909218859957
P05,2024_SaoPaulo_GP,0.4,26,Defending & attacking,FULL_RACE,21,1905,1421,0.011023622047244,0.0147783251231527
P05,2024_SaoPaulo_GP,0.4,27,Overtake battles,FULL_RACE,160,1905,1421,0.0839895013123359,0.1125967628430682
P05,2024_SaoPaulo_GP,0.4,28,Corner battles,FULL_RACE,19,1905,1421,0.0099737532808398,0.0133708655876143
P05,2024_SaoPaulo_GP,0.4,29,Corner specific moves,FULL_RACE,13,1905,1421,0.0068241469816272,0.0091484869809992
P05,2024_SaoPaulo_GP,0.4,30,Lap pace & timing,FULL_RACE,65,1905,1421,0.0341207349081364,0.0457424349049964
P05,2024_SaoPaulo_GP,0.4,31,Race leader changes,FULL_RACE,84,1905,1421,0.0440944881889763,0.0591133004926108
P05,2024_SaoPaulo_GP,0.4,32,Front position changes,FULL_RACE,24,1905,1421,0.0125984251968503,0.0168895144264602
P05,2024_SaoPaulo_GP,0.4,33,Field position changes,FULL_RACE,35,1905,1421,0.0183727034120734,0.0246305418719211
P05,2024_SaoPaulo_GP,0.45,0,DRS-assisted battles,FULL_RACE,3,1905,1298,0.0015748031496062,0.0023112480739599
P05,2024_SaoPaulo_GP,0.45,1,Time penalties,FULL_RACE,26,1905,1298,0.0136482939632545,0.0200308166409861
P05,2024_SaoPaulo_GP,0.45,2,Lights-out race starts,FULL_RACE,4,1905,1298,0.0020997375328083,0.0030816640986132
P05,2024_SaoPaulo_GP,0.45,3,Mirror checks defending,FULL_RACE,2,1905,1298,0.0010498687664041,0.0015408320493066
P05,2024_SaoPaulo_GP,0.45,4,Race start launch,FULL_RACE,4,1905,1298,0.0020997375328083,0.0030816640986132
P05,2024_SaoPaulo_GP,0.45,5,Weather conditions,FULL_RACE,121,1905,1298,0.063517060367454,0.0932203389830508
P05,2024_SaoPaulo_GP,0.45,6,Grand Prix wins,FULL_RACE,85,1905,1298,0.0446194225721784,0.0654853620955315
P05,2024_SaoPaulo_GP,0.45,7,Race start lights,FULL_RACE,12,1905,1298,0.0062992125984251,0.0092449922958397
P05,2024_SaoPaulo_GP,0.45,8,Race control flags,FULL_RACE,31,1905,1298,0.016272965879265,0.0238828967642526
P05,2024_SaoPaulo_GP,0.45,9,Formula 1 milestones,FULL_RACE,30,1905,1298,0.0157480314960629,0.0231124807395993
P05,2024_SaoPaulo_GP,0.45,10,Chicane moves,FULL_RACE,0,1905,1298,0.0,0.0
P05,2024_SaoPaulo_GP,0.45,11,Team radio celebrations,FULL_RACE,19,1905,1298,0.0099737532808398,0.0146379044684129
P05,2024_SaoPaulo_GP,0.45,12,Podium finishes,FULL_RACE,29,1905,1298,0.0152230971128608,0.022342064714946
P05,2024_SaoPaulo_GP,0.45,13,Championship & title,FULL_RACE,52,1905,1298,0.0272965879265091,0.0400616332819722
P05,2024_SaoPaulo_GP,0.45,14,Pit stops,FULL_RACE,27,1905,1298,0.0141732283464566,0.0208012326656394
P05,2024_SaoPaulo_GP,0.45,15,Tires & compounds,FULL_RACE,62,1905,1298,0.0325459317585301,0.0477657935285053
P05,2024_SaoPaulo_GP,0.45,16,Safety car deployment,FULL_RACE,42,1905,1298,0.0220472440944881,0.0323574730354391
P05,2024_SaoPaulo_GP,0.45,17,Gap & pace,FULL_RACE,30,1905,1298,0.0157480314960629,0.0231124807395993
P05,2024_SaoPaulo_GP,0.45,18,Team dynamics,FULL_RACE,92,1905,1298,0.0482939632545931,0.0708782742681047
P05,2024_SaoPaulo_GP,0.45,19,Race lead holding,FULL_RACE,11,1905,1298,0.005774278215223,0.0084745762711864
P05,2024_SaoPaulo_GP,0.45,20,Wing & car damage,FULL_RACE,12,1905,1298,0.0062992125984251,0.0092449922958397
P05,2024_SaoPaulo_GP,0.45,21,Braking & lockups,FULL_RACE,40,1905,1298,0.0209973753280839,0.0308166409861325
P05,2024_SaoPaulo_GP,0.45,22,Wheel-to-wheel,FULL_RACE,10,1905,1298,0.0052493438320209,0.0077041602465331
P05,2024_SaoPaulo_GP,0.45,23,Circuit action,FULL_RACE,56,1905,1298,0.0293963254593175,0.0431432973805855
P05,2024_SaoPaulo_GP,0.45,24,Inter-car distance,FULL_RACE,33,1905,1298,0.0173228346456692,0.0254237288135593
P05,2024_SaoPaulo_GP,0.45,25,Driver & team references,FULL_RACE,74,1905,1298,0.0388451443569553,0.0570107858243451
P05,2024_SaoPaulo_GP,0.45,26,Defending & attacking,FULL_RACE,16,1905,1298,0.0083989501312335,0.012326656394453
P05,2024_SaoPaulo_GP,0.45,27,Overtake battles,FULL_RACE,154,1905,1298,0.0808398950131233,0.1186440677966101
P05,2024_SaoPaulo_GP,0.45,28,Corner battles,FULL_RACE,18,1905,1298,0.0094488188976377,0.0138674884437596
P05,2024_SaoPaulo_GP,0.45,29,Corner specific moves,FULL_RACE,11,1905,1298,0.005774278215223,0.0084745762711864
P05,2024_SaoPaulo_GP,0.45,30,Lap pace & timing,FULL_RACE,56,1905,1298,0.0293963254593175,0.0431432973805855
P05,2024_SaoPaulo_GP,0.45,31,Race leader changes,FULL_RACE,81,1905,1298,0.04251968503937,0.0624036979969183
P05,2024_SaoPaulo_GP,0.45,32,Front position changes,FULL_RACE,23,1905,1298,0.0120734908136482,0.0177195685670261
P05,2024_SaoPaulo_GP,0.45,33,Field position changes,FULL_RACE,32,1905,1298,0.0167979002624671,0.024653312788906
P09,2025_Belgium_GP,0.35,0,DRS-assisted battles,HIGHLIGHT,1,65,63,0.0153846153846153,0.0158730158730158
P09,2025_Belgium_GP,0.35,1,Time penalties,HIGHLIGHT,0,65,63,0.0,0.0
P09,2025_Belgium_GP,0.35,2,Lights-out race starts,HIGHLIGHT,0,65,63,0.0,0.0
P09,2025_Belgium_GP,0.35,3,Mirror checks defending,HIGHLIGHT,0,65,63,0.0,0.0
P09,2025_Belgium_GP,0.35,4,Race start launch,HIGHLIGHT,0,65,63,0.0,0.0
P09,2025_Belgium_GP,0.35,5,Weather conditions,HIGHLIGHT,0,65,63,0.0,0.0
P09,2025_Belgium_GP,0.35,6,Grand Prix wins,HIGHLIGHT,4,65,63,0.0615384615384615,0.0634920634920634
P09,2025_Belgium_GP,0.35,7,Race start lights,HIGHLIGHT,0,65,63,0.0,0.0
P09,2025_Belgium_GP,0.35,8,Race control flags,HIGHLIGHT,2,65,63,0.0307692307692307,0.0317460317460317
P09,2025_Belgium_GP,0.35,9,Formula 1 milestones,HIGHLIGHT,3,65,63,0.0461538461538461,0.0476190476190476
P09,2025_Belgium_GP,0.35,10,Chicane moves,HIGHLIGHT,0,65,63,0.0,0.0
P09,2025_Belgium_GP,0.35,11,Team radio celebrations,HIGHLIGHT,1,65,63,0.0153846153846153,0.0158730158730158
P09,2025_Belgium_GP,0.35,12,Podium finishes,HIGHLIGHT,1,65,63,0.0153846153846153,0.0158730158730158
P09,2025_Belgium_GP,0.35,13,Championship & title,HIGHLIGHT,5,65,63,0.0769230769230769,0.0793650793650793
P09,2025_Belgium_GP,0.35,14,Pit stops,HIGHLIGHT,2,65,63,0.0307692307692307,0.0317460317460317
P09,2025_Belgium_GP,0.35,15,Tires & compounds,HIGHLIGHT,13,65,63,0.2,0.2063492063492063
P09,2025_Belgium_GP,0.35,16,Safety car deployment,HIGHLIGHT,2,65,63,0.0307692307692307,0.0317460317460317
P09,2025_Belgium_GP,0.35,17,Gap & pace,HIGHLIGHT,2,65,63,0.0307692307692307,0.0317460317460317
P09,2025_Belgium_GP,0.35,18,Team dynamics,HIGHLIGHT,2,65,63,0.0307692307692307,0.0317460317460317
P09,2025_Belgium_GP,0.35,19,Race lead holding,HIGHLIGHT,0,65,63,0.0,0.0
P09,2025_Belgium_GP,0.35,20,Wing & car damage,HIGHLIGHT,0,65,63,0.0,0.0
P09,2025_Belgium_GP,0.35,21,Braking & lockups,HIGHLIGHT,6,65,63,0.0923076923076923,0.0952380952380952
P09,2025_Belgium_GP,0.35,22,Wheel-to-wheel,HIGHLIGHT,0,65,63,0.0,0.0
P09,2025_Belgium_GP,0.35,23,Circuit action,HIGHLIGHT,1,65,63,0.0153846153846153,0.0158730158730158
P09,2025_Belgium_GP,0.35,24,Inter-car distance,HIGHLIGHT,1,65,63,0.0153846153846153,0.0158730158730158
P09,2025_Belgium_GP,0.35,25,Driver & team references,HIGHLIGHT,3,65,63,0.0461538461538461,0.0476190476190476
P09,2025_Belgium_GP,0.35,26,Defending & attacking,HIGHLIGHT,0,65,63,0.0,0.0
P09,2025_Belgium_GP,0.35,27,Overtake battles,HIGHLIGHT,9,65,63,0.1384615384615384,0.1428571428571428
P09,2025_Belgium_GP,0.35,28,Corner battles,HIGHLIGHT,0,65,63,0.0,0.0
P09,2025_Belgium_GP,0.35,29,Corner specific moves,HIGHLIGHT,0,65,63,0.0,0.0
P09,2025_Belgium_GP,0.35,30,Lap pace & timing,HIGHLIGHT,3,65,63,0.0461538461538461,0.0476190476190476
P09,2025_Belgium_GP,0.35,31,Race leader changes,HIGHLIGHT,1,65,63,0.0153846153846153,0.0158730158730158
P09,2025_Belgium_GP,0.35,32,Front position changes,HIGHLIGHT,0,65,63,0.0,0.0
P09,2025_Belgium_GP,0.35,33,Field position changes,HIGHLIGHT,1,65,63,0.0153846153846153,0.0158730158730158
P09,2025_Belgium_GP,0.4,0,DRS-assisted battles,HIGHLIGHT,1,65,62,0.0153846153846153,0.0161290322580645
P09,2025_Belgium_GP,0.4,1,Time penalties,HIGHLIGHT,0,65,62,0.0,0.0
P09,2025_Belgium_GP,0.4,2,Lights-out race starts,HIGHLIGHT,0,65,62,0.0,0.0
P09,2025_Belgium_GP,0.4,3,Mirror checks defending,HIGHLIGHT,0,65,62,0.0,0.0
P09,2025_Belgium_GP,0.4,4,Race start launch,HIGHLIGHT,0,65,62,0.0,0.0
P09,2025_Belgium_GP,0.4,5,Weather conditions,HIGHLIGHT,0,65,62,0.0,0.0
P09,2025_Belgium_GP,0.4,6,Grand Prix wins,HIGHLIGHT,4,65,62,0.0615384615384615,0.064516129032258
P09,2025_Belgium_GP,0.4,7,Race start lights,HIGHLIGHT,0,65,62,0.0,0.0
P09,2025_Belgium_GP,0.4,8,Race control flags,HIGHLIGHT,2,65,62,0.0307692307692307,0.032258064516129
P09,2025_Belgium_GP,0.4,9,Formula 1 milestones,HIGHLIGHT,3,65,62,0.0461538461538461,0.0483870967741935
P09,2025_Belgium_GP,0.4,10,Chicane moves,HIGHLIGHT,0,65,62,0.0,0.0
P09,2025_Belgium_GP,0.4,11,Team radio celebrations,HIGHLIGHT,1,65,62,0.0153846153846153,0.0161290322580645
P09,2025_Belgium_GP,0.4,12,Podium finishes,HIGHLIGHT,1,65,62,0.0153846153846153,0.0161290322580645
P09,2025_Belgium_GP,0.4,13,Championship & title,HIGHLIGHT,5,65,62,0.0769230769230769,0.0806451612903225
P09,2025_Belgium_GP,0.4,14,Pit stops,HIGHLIGHT,1,65,62,0.0153846153846153,0.0161290322580645
P09,2025_Belgium_GP,0.4,15,Tires & compounds,HIGHLIGHT,13,65,62,0.2,0.2096774193548387
P09,2025_Belgium_GP,0.4,16,Safety car deployment,HIGHLIGHT,2,65,62,0.0307692307692307,0.032258064516129
P09,2025_Belgium_GP,0.4,17,Gap & pace,HIGHLIGHT,2,65,62,0.0307692307692307,0.032258064516129
P09,2025_Belgium_GP,0.4,18,Team dynamics,HIGHLIGHT,2,65,62,0.0307692307692307,0.032258064516129
P09,2025_Belgium_GP,0.4,19,Race lead holding,HIGHLIGHT,0,65,62,0.0,0.0
P09,2025_Belgium_GP,0.4,20,Wing & car damage,HIGHLIGHT,0,65,62,0.0,0.0
P09,2025_Belgium_GP,0.4,21,Braking & lockups,HIGHLIGHT,6,65,62,0.0923076923076923,0.0967741935483871
P09,2025_Belgium_GP,0.4,22,Wheel-to-wheel,HIGHLIGHT,0,65,62,0.0,0.0
P09,2025_Belgium_GP,0.4,23,Circuit action,HIGHLIGHT,1,65,62,0.0153846153846153,0.0161290322580645
P09,2025_Belgium_GP,0.4,24,Inter-car distance,HIGHLIGHT,1,65,62,0.0153846153846153,0.0161290322580645
P09,2025_Belgium_GP,0.4,25,Driver & team references,HIGHLIGHT,3,65,62,0.0461538461538461,0.0483870967741935
P09,2025_Belgium_GP,0.4,26,Defending & attacking,HIGHLIGHT,0,65,62,0.0,0.0
P09,2025_Belgium_GP,0.4,27,Overtake battles,HIGHLIGHT,9,65,62,0.1384615384615384,0.1451612903225806
P09,2025_Belgium_GP,0.4,28,Corner battles,HIGHLIGHT,0,65,62,0.0,0.0
P09,2025_Belgium_GP,0.4,29,Corner specific moves,HIGHLIGHT,0,65,62,0.0,0.0
P09,2025_Belgium_GP,0.4,30,Lap pace & timing,HIGHLIGHT,3,65,62,0.0461538461538461,0.0483870967741935
P09,2025_Belgium_GP,0.4,31,Race leader changes,HIGHLIGHT,1,65,62,0.0153846153846153,0.0161290322580645
P09,2025_Belgium_GP,0.4,32,Front position changes,HIGHLIGHT,0,65,62,0.0,0.0
P09,2025_Belgium_GP,0.4,33,Field position changes,HIGHLIGHT,1,65,62,0.0153846153846153,0.0161290322580645
P09,2025_Belgium_GP,0.45,0,DRS-assisted battles,HIGHLIGHT,1,65,60,0.0153846153846153,0.0166666666666666
P09,2025_Belgium_GP,0.45,1,Time penalties,HIGHLIGHT,0,65,60,0.0,0.0
P09,2025_Belgium_GP,0.45,2,Lights-out race starts,HIGHLIGHT,0,65,60,0.0,0.0
P09,2025_Belgium_GP,0.45,3,Mirror checks defending,HIGHLIGHT,0,65,60,0.0,0.0
P09,2025_Belgium_GP,0.45,4,Race start launch,HIGHLIGHT,0,65,60,0.0,0.0
P09,2025_Belgium_GP,0.45,5,Weather conditions,HIGHLIGHT,0,65,60,0.0,0.0
P09,2025_Belgium_GP,0.45,6,Grand Prix wins,HIGHLIGHT,4,65,60,0.0615384615384615,0.0666666666666666
P09,2025_Belgium_GP,0.45,7,Race start lights,HIGHLIGHT,0,65,60,0.0,0.0
P09,2025_Belgium_GP,0.45,8,Race control flags,HIGHLIGHT,2,65,60,0.0307692307692307,0.0333333333333333
P09,2025_Belgium_GP,0.45,9,Formula 1 milestones,HIGHLIGHT,3,65,60,0.0461538461538461,0.05
P09,2025_Belgium_GP,0.45,10,Chicane moves,HIGHLIGHT,0,65,60,0.0,0.0
P09,2025_Belgium_GP,0.45,11,Team radio celebrations,HIGHLIGHT,1,65,60,0.0153846153846153,0.0166666666666666
P09,2025_Belgium_GP,0.45,12,Podium finishes,HIGHLIGHT,1,65,60,0.0153846153846153,0.0166666666666666
P09,2025_Belgium_GP,0.45,13,Championship & title,HIGHLIGHT,5,65,60,0.0769230769230769,0.0833333333333333
P09,2025_Belgium_GP,0.45,14,Pit stops,HIGHLIGHT,1,65,60,0.0153846153846153,0.0166666666666666
P09,2025_Belgium_GP,0.45,15,Tires & compounds,HIGHLIGHT,13,65,60,0.2,0.2166666666666666
P09,2025_Belgium_GP,0.45,16,Safety car deployment,HIGHLIGHT,2,65,60,0.0307692307692307,0.0333333333333333
P09,2025_Belgium_GP,0.45,17,Gap & pace,HIGHLIGHT,2,65,60,0.0307692307692307,0.0333333333333333
P09,2025_Belgium_GP,0.45,18,Team dynamics,HIGHLIGHT,2,65,60,0.0307692307692307,0.0333333333333333
P09,2025_Belgium_GP,0.45,19,Race lead holding,HIGHLIGHT,0,65,60,0.0,0.0
P09,2025_Belgium_GP,0.45,20,Wing & car damage,HIGHLIGHT,0,65,60,0.0,0.0
P09,2025_Belgium_GP,0.45,21,Braking & lockups,HIGHLIGHT,4,65,60,0.0615384615384615,0.0666666666666666
P09,2025_Belgium_GP,0.45,22,Wheel-to-wheel,HIGHLIGHT,0,65,60,0.0,0.0
P09,2025_Belgium_GP,0.45,23,Circuit action,HIGHLIGHT,1,65,60,0.0153846153846153,0.0166666666666666
P09,2025_Belgium_GP,0.45,24,Inter-car distance,HIGHLIGHT,1,65,60,0.0153846153846153,0.0166666666666666
P09,2025_Belgium_GP,0.45,25,Driver & team references,HIGHLIGHT,3,65,60,0.0461538461538461,0.05
P09,2025_Belgium_GP,0.45,26,Defending & attacking,HIGHLIGHT,0,65,60,0.0,0.0
P09,2025_Belgium_GP,0.45,27,Overtake battles,HIGHLIGHT,9,65,60,0.1384615384615384,0.15
P09,2025_Belgium_GP,0.45,28,Corner battles,HIGHLIGHT,0,65,60,0.0,0.0
P09,2025_Belgium_GP,0.45,29,Corner specific moves,HIGHLIGHT,0,65,60,0.0,0.0
P09,2025_Belgium_GP,0.45,30,Lap pace & timing,HIGHLIGHT,3,65,60,0.0461538461538461,0.05
P09,2025_Belgium_GP,0.45,31,Race leader changes,HIGHLIGHT,1,65,60,0.0153846153846153,0.0166666666666666
P09,2025_Belgium_GP,0.45,32,Front position changes,HIGHLIGHT,0,65,60,0.0,0.0
P09,2025_Belgium_GP,0.45,33,Field position changes,HIGHLIGHT,1,65,60,0.0153846153846153,0.0166666666666666
P09,2025_Belgium_GP,0.35,0,DRS-assisted battles,FULL_RACE,11,2232,1768,0.0049283154121863,0.0062217194570135
P09,2025_Belgium_GP,0.35,1,Time penalties,FULL_RACE,10,2232,1768,0.0044802867383512,0.005656108597285
P09,2025_Belgium_GP,0.35,2,Lights-out race starts,FULL_RACE,39,2232,1768,0.0174731182795698,0.0220588235294117
P09,2025_Belgium_GP,0.35,3,Mirror checks defending,FULL_RACE,10,2232,1768,0.0044802867383512,0.005656108597285
P09,2025_Belgium_GP,0.35,4,Race start launch,FULL_RACE,7,2232,1768,0.0031362007168458,0.0039592760180995
P09,2025_Belgium_GP,0.35,5,Weather conditions,FULL_RACE,179,2232,1768,0.0801971326164874,0.1012443438914027
P09,2025_Belgium_GP,0.35,6,Grand Prix wins,FULL_RACE,96,2232,1768,0.043010752688172,0.0542986425339366
P09,2025_Belgium_GP,0.35,7,Race start lights,FULL_RACE,14,2232,1768,0.0062724014336917,0.007918552036199
P09,2025_Belgium_GP,0.35,8,Race control flags,FULL_RACE,19,2232,1768,0.0085125448028673,0.0107466063348416
P09,2025_Belgium_GP,0.35,9,Formula 1 milestones,FULL_RACE,38,2232,1768,0.0170250896057347,0.0214932126696832
P09,2025_Belgium_GP,0.35,10,Chicane moves,FULL_RACE,6,2232,1768,0.0026881720430107,0.003393665158371
P09,2025_Belgium_GP,0.35,11,Team radio celebrations,FULL_RACE,62,2232,1768,0.0277777777777777,0.0350678733031674
P09,2025_Belgium_GP,0.35,12,Podium finishes,FULL_RACE,24,2232,1768,0.010752688172043,0.0135746606334841
P09,2025_Belgium_GP,0.35,13,Championship & title,FULL_RACE,62,2232,1768,0.0277777777777777,0.0350678733031674
P09,2025_Belgium_GP,0.35,14,Pit stops,FULL_RACE,44,2232,1768,0.0197132616487455,0.0248868778280542
P09,2025_Belgium_GP,0.35,15,Tires & compounds,FULL_RACE,128,2232,1768,0.057347670250896,0.0723981900452488
P09,2025_Belgium_GP,0.35,16,Safety car deployment,FULL_RACE,59,2232,1768,0.0264336917562724,0.0333710407239819
P09,2025_Belgium_GP,0.35,17,Gap & pace,FULL_RACE,92,2232,1768,0.0412186379928315,0.0520361990950226
P09,2025_Belgium_GP,0.35,18,Team dynamics,FULL_RACE,119,2232,1768,0.0533154121863799,0.0673076923076923
P09,2025_Belgium_GP,0.35,19,Race lead holding,FULL_RACE,8,2232,1768,0.003584229390681,0.004524886877828
P09,2025_Belgium_GP,0.35,20,Wing & car damage,FULL_RACE,17,2232,1768,0.0076164874551971,0.0096153846153846
P09,2025_Belgium_GP,0.35,21,Braking & lockups,FULL_RACE,53,2232,1768,0.0237455197132616,0.0299773755656108
P09,2025_Belgium_GP,0.35,22,Wheel-to-wheel,FULL_RACE,10,2232,1768,0.0044802867383512,0.005656108597285
P09,2025_Belgium_GP,0.35,23,Circuit action,FULL_RACE,79,2232,1768,0.0353942652329749,0.044683257918552
P09,2025_Belgium_GP,0.35,24,Inter-car distance,FULL_RACE,36,2232,1768,0.0161290322580645,0.0203619909502262
P09,2025_Belgium_GP,0.35,25,Driver & team references,FULL_RACE,79,2232,1768,0.0353942652329749,0.044683257918552
P09,2025_Belgium_GP,0.35,26,Defending & attacking,FULL_RACE,18,2232,1768,0.0080645161290322,0.0101809954751131
P09,2025_Belgium_GP,0.35,27,Overtake battles,FULL_RACE,185,2232,1768,0.0828853046594982,0.1046380090497737
P09,2025_Belgium_GP,0.35,28,Corner battles,FULL_RACE,7,2232,1768,0.0031362007168458,0.0039592760180995
P09,2025_Belgium_GP,0.35,29,Corner specific moves,FULL_RACE,15,2232,1768,0.0067204301075268,0.0084841628959276
P09,2025_Belgium_GP,0.35,30,Lap pace & timing,FULL_RACE,88,2232,1768,0.039426523297491,0.0497737556561085
P09,2025_Belgium_GP,0.35,31,Race leader changes,FULL_RACE,97,2232,1768,0.0434587813620071,0.0548642533936651
P09,2025_Belgium_GP,0.35,32,Front position changes,FULL_RACE,21,2232,1768,0.0094086021505376,0.0118778280542986
P09,2025_Belgium_GP,0.35,33,Field position changes,FULL_RACE,36,2232,1768,0.0161290322580645,0.0203619909502262
P09,2025_Belgium_GP,0.4,0,DRS-assisted battles,FULL_RACE,10,2232,1612,0.0044802867383512,0.0062034739454094
P09,2025_Belgium_GP,0.4,1,Time penalties,FULL_RACE,5,2232,1612,0.0022401433691756,0.0031017369727047
P09,2025_Belgium_GP,0.4,2,Lights-out race starts,FULL_RACE,16,2232,1612,0.007168458781362,0.009925558312655
P09,2025_Belgium_GP,0.4,3,Mirror checks defending,FULL_RACE,4,2232,1612,0.0017921146953405,0.0024813895781637
P09,2025_Belgium_GP,0.4,4,Race start launch,FULL_RACE,6,2232,1612,0.0026881720430107,0.0037220843672456
P09,2025_Belgium_GP,0.4,5,Weather conditions,FULL_RACE,158,2232,1612,0.0707885304659498,0.0980148883374689
P09,2025_Belgium_GP,0.4,6,Grand Prix wins,FULL_RACE,94,2232,1612,0.0421146953405017,0.0583126550868486
P09,2025_Belgium_GP,0.4,7,Race start lights,FULL_RACE,14,2232,1612,0.0062724014336917,0.0086848635235732
P09,2025_Belgium_GP,0.4,8,Race control flags,FULL_RACE,18,2232,1612,0.0080645161290322,0.0111662531017369
P09,2025_Belgium_GP,0.4,9,Formula 1 milestones,FULL_RACE,38,2232,1612,0.0170250896057347,0.0235732009925558
P09,2025_Belgium_GP,0.4,10,Chicane moves,FULL_RACE,5,2232,1612,0.0022401433691756,0.0031017369727047
P09,2025_Belgium_GP,0.4,11,Team radio celebrations,FULL_RACE,46,2232,1612,0.0206093189964157,0.0285359801488833
P09,2025_Belgium_GP,0.4,12,Podium finishes,FULL_RACE,22,2232,1612,0.0098566308243727,0.0136476426799007
P09,2025_Belgium_GP,0.4,13,Championship & title,FULL_RACE,56,2232,1612,0.025089605734767,0.0347394540942928
P09,2025_Belgium_GP,0.4,14,Pit stops,FULL_RACE,42,2232,1612,0.0188172043010752,0.0260545905707196
P09,2025_Belgium_GP,0.4,15,Tires & compounds,FULL_RACE,124,2232,1612,0.0555555555555555,0.0769230769230769
P09,2025_Belgium_GP,0.4,16,Safety car deployment,FULL_RACE,55,2232,1612,0.0246415770609319,0.0341191066997518
P09,2025_Belgium_GP,0.4,17,Gap & pace,FULL_RACE,76,2232,1612,0.0340501792114695,0.0471464019851116
P09,2025_Belgium_GP,0.4,18,Team dynamics,FULL_RACE,108,2232,1612,0.0483870967741935,0.0669975186104218
P09,2025_Belgium_GP,0.4,19,Race lead holding,FULL_RACE,8,2232,1612,0.003584229390681,0.0049627791563275
P09,2025_Belgium_GP,0.4,20,Wing & car damage,FULL_RACE,12,2232,1612,0.0053763440860215,0.0074441687344913
P09,2025_Belgium_GP,0.4,21,Braking & lockups,FULL_RACE,49,2232,1612,0.0219534050179211,0.0303970223325062
P09,2025_Belgium_GP,0.4,22,Wheel-to-wheel,FULL_RACE,10,2232,1612,0.0044802867383512,0.0062034739454094
P09,2025_Belgium_GP,0.4,23,Circuit action,FULL_RACE,77,2232,1612,0.0344982078853046,0.0477667493796526
P09,2025_Belgium_GP,0.4,24,Inter-car distance,FULL_RACE,35,2232,1612,0.0156810035842293,0.021712158808933
P09,2025_Belgium_GP,0.4,25,Driver & team references,FULL_RACE,77,2232,1612,0.0344982078853046,0.0477667493796526
P09,2025_Belgium_GP,0.4,26,Defending & attacking,FULL_RACE,16,2232,1612,0.007168458781362,0.009925558312655
P09,2025_Belgium_GP,0.4,27,Overtake battles,FULL_RACE,177,2232,1612,0.0793010752688172,0.1098014888337469
P09,2025_Belgium_GP,0.4,28,Corner battles,FULL_RACE,7,2232,1612,0.0031362007168458,0.0043424317617866
P09,2025_Belgium_GP,0.4,29,Corner specific moves,FULL_RACE,13,2232,1612,0.0058243727598566,0.0080645161290322
P09,2025_Belgium_GP,0.4,30,Lap pace & timing,FULL_RACE,85,2232,1612,0.0380824372759856,0.0527295285359801
P09,2025_Belgium_GP,0.4,31,Race leader changes,FULL_RACE,96,2232,1612,0.043010752688172,0.0595533498759305
P09,2025_Belgium_GP,0.4,32,Front position changes,FULL_RACE,21,2232,1612,0.0094086021505376,0.0130272952853598
P09,2025_Belgium_GP,0.4,33,Field position changes,FULL_RACE,32,2232,1612,0.014336917562724,0.0198511166253101
P09,2025_Belgium_GP,0.45,0,DRS-assisted battles,FULL_RACE,8,2232,1417,0.003584229390681,0.0056457304163726
P09,2025_Belgium_GP,0.45,1,Time penalties,FULL_RACE,5,2232,1417,0.0022401433691756,0.0035285815102328
P09,2025_Belgium_GP,0.45,2,Lights-out race starts,FULL_RACE,6,2232,1417,0.0026881720430107,0.0042342978122794
P09,2025_Belgium_GP,0.45,3,Mirror checks defending,FULL_RACE,3,2232,1417,0.0013440860215053,0.0021171489061397
P09,2025_Belgium_GP,0.45,4,Race start launch,FULL_RACE,5,2232,1417,0.0022401433691756,0.0035285815102328
P09,2025_Belgium_GP,0.45,5,Weather conditions,FULL_RACE,130,2232,1417,0.0582437275985663,0.091743119266055
P09,2025_Belgium_GP,0.45,6,Grand Prix wins,FULL_RACE,92,2232,1417,0.0412186379928315,0.0649258997882851
P09,2025_Belgium_GP,0.45,7,Race start lights,FULL_RACE,12,2232,1417,0.0053763440860215,0.0084685956245589
P09,2025_Belgium_GP,0.45,8,Race control flags,FULL_RACE,17,2232,1417,0.0076164874551971,0.0119971771347918
P09,2025_Belgium_GP,0.45,9,Formula 1 milestones,FULL_RACE,36,2232,1417,0.0161290322580645,0.0254057868736767
P09,2025_Belgium_GP,0.45,10,Chicane moves,FULL_RACE,5,2232,1417,0.0022401433691756,0.0035285815102328
P09,2025_Belgium_GP,0.45,11,Team radio celebrations,FULL_RACE,33,2232,1417,0.0147849462365591,0.023288637967537
P09,2025_Belgium_GP,0.45,12,Podium finishes,FULL_RACE,20,2232,1417,0.0089605734767025,0.0141143260409315
P09,2025_Belgium_GP,0.45,13,Championship & title,FULL_RACE,44,2232,1417,0.0197132616487455,0.0310515172900494
P09,2025_Belgium_GP,0.45,14,Pit stops,FULL_RACE,38,2232,1417,0.0170250896057347,0.0268172194777699
P09,2025_Belgium_GP,0.45,15,Tires & compounds,FULL_RACE,114,2232,1417,0.0510752688172043,0.0804516584333098
P09,2025_Belgium_GP,0.45,16,Safety car deployment,FULL_RACE,51,2232,1417,0.0228494623655914,0.0359915314043754
P09,2025_Belgium_GP,0.45,17,Gap & pace,FULL_RACE,66,2232,1417,0.0295698924731182,0.0465772759350741
P09,2025_Belgium_GP,0.45,18,Team dynamics,FULL_RACE,99,2232,1417,0.0443548387096774,0.0698659139026111
P09,2025_Belgium_GP,0.45,19,Race lead holding,FULL_RACE,8,2232,1417,0.003584229390681,0.0056457304163726
P09,2025_Belgium_GP,0.45,20,Wing & car damage,FULL_RACE,5,2232,1417,0.0022401433691756,0.0035285815102328
P09,2025_Belgium_GP,0.45,21,Braking & lockups,FULL_RACE,32,2232,1417,0.014336917562724,0.0225829216654904
P09,2025_Belgium_GP,0.45,22,Wheel-to-wheel,FULL_RACE,6,2232,1417,0.0026881720430107,0.0042342978122794
P09,2025_Belgium_GP,0.45,23,Circuit action,FULL_RACE,70,2232,1417,0.0313620071684587,0.0494001411432604
P09,2025_Belgium_GP,0.45,24,Inter-car distance,FULL_RACE,33,2232,1417,0.0147849462365591,0.023288637967537
P09,2025_Belgium_GP,0.45,25,Driver & team references,FULL_RACE,74,2232,1417,0.0331541218637992,0.0522230063514467
P09,2025_Belgium_GP,0.45,26,Defending & attacking,FULL_RACE,11,2232,1417,0.0049283154121863,0.0077628793225123
P09,2025_Belgium_GP,0.45,27,Overtake battles,FULL_RACE,165,2232,1417,0.0739247311827957,0.1164431898376852
P09,2025_Belgium_GP,0.45,28,Corner battles,FULL_RACE,4,2232,1417,0.0017921146953405,0.0028228652081863
P09,2025_Belgium_GP,0.45,29,Corner specific moves,FULL_RACE,9,2232,1417,0.0040322580645161,0.0063514467184191
P09,2025_Belgium_GP,0.45,30,Lap pace & timing,FULL_RACE,81,2232,1417,0.0362903225806451,0.0571630204657727
P09,2025_Belgium_GP,0.45,31,Race leader changes,FULL_RACE,91,2232,1417,0.0407706093189964,0.0642201834862385
P09,2025_Belgium_GP,0.45,32,Front position changes,FULL_RACE,18,2232,1417,0.0080645161290322,0.0127028934368383
P09,2025_Belgium_GP,0.45,33,Field position changes,FULL_RACE,26,2232,1417,0.0116487455197132,0.018348623853211
P10,2025_Japan_GP,0.35,0,DRS-assisted battles,HIGHLIGHT,0,81,77,0.0,0.0
P10,2025_Japan_GP,0.35,1,Time penalties,HIGHLIGHT,0,81,77,0.0,0.0
P10,2025_Japan_GP,0.35,2,Lights-out race starts,HIGHLIGHT,0,81,77,0.0,0.0
P10,2025_Japan_GP,0.35,3,Mirror checks defending,HIGHLIGHT,1,81,77,0.0123456790123456,0.0129870129870129
P10,2025_Japan_GP,0.35,4,Race start launch,HIGHLIGHT,1,81,77,0.0123456790123456,0.0129870129870129
P10,2025_Japan_GP,0.35,5,Weather conditions,HIGHLIGHT,0,81,77,0.0,0.0
P10,2025_Japan_GP,0.35,6,Grand Prix wins,HIGHLIGHT,10,81,77,0.1234567901234567,0.1298701298701298
P10,2025_Japan_GP,0.35,7,Race start lights,HIGHLIGHT,0,81,77,0.0,0.0
P10,2025_Japan_GP,0.35,8,Race control flags,HIGHLIGHT,1,81,77,0.0123456790123456,0.0129870129870129
P10,2025_Japan_GP,0.35,9,Formula 1 milestones,HIGHLIGHT,2,81,77,0.0246913580246913,0.0259740259740259
P10,2025_Japan_GP,0.35,10,Chicane moves,HIGHLIGHT,1,81,77,0.0123456790123456,0.0129870129870129
P10,2025_Japan_GP,0.35,11,Team radio celebrations,HIGHLIGHT,3,81,77,0.037037037037037,0.0389610389610389
P10,2025_Japan_GP,0.35,12,Podium finishes,HIGHLIGHT,1,81,77,0.0123456790123456,0.0129870129870129
P10,2025_Japan_GP,0.35,13,Championship & title,HIGHLIGHT,3,81,77,0.037037037037037,0.0389610389610389
P10,2025_Japan_GP,0.35,14,Pit stops,HIGHLIGHT,3,81,77,0.037037037037037,0.0389610389610389
P10,2025_Japan_GP,0.35,15,Tires & compounds,HIGHLIGHT,2,81,77,0.0246913580246913,0.0259740259740259
P10,2025_Japan_GP,0.35,16,Safety car deployment,HIGHLIGHT,1,81,77,0.0123456790123456,0.0129870129870129
P10,2025_Japan_GP,0.35,17,Gap & pace,HIGHLIGHT,2,81,77,0.0246913580246913,0.0259740259740259
P10,2025_Japan_GP,0.35,18,Team dynamics,HIGHLIGHT,11,81,77,0.1358024691358024,0.1428571428571428
P10,2025_Japan_GP,0.35,19,Race lead holding,HIGHLIGHT,1,81,77,0.0123456790123456,0.0129870129870129
P10,2025_Japan_GP,0.35,20,Wing & car damage,HIGHLIGHT,1,81,77,0.0123456790123456,0.0129870129870129
P10,2025_Japan_GP,0.35,21,Braking & lockups,HIGHLIGHT,2,81,77,0.0246913580246913,0.0259740259740259
P10,2025_Japan_GP,0.35,22,Wheel-to-wheel,HIGHLIGHT,0,81,77,0.0,0.0
P10,2025_Japan_GP,0.35,23,Circuit action,HIGHLIGHT,4,81,77,0.0493827160493827,0.0519480519480519
P10,2025_Japan_GP,0.35,24,Inter-car distance,HIGHLIGHT,1,81,77,0.0123456790123456,0.0129870129870129
P10,2025_Japan_GP,0.35,25,Driver & team references,HIGHLIGHT,2,81,77,0.0246913580246913,0.0259740259740259
P10,2025_Japan_GP,0.35,26,Defending & attacking,HIGHLIGHT,1,81,77,0.0123456790123456,0.0129870129870129
P10,2025_Japan_GP,0.35,27,Overtake battles,HIGHLIGHT,13,81,77,0.1604938271604938,0.1688311688311688
P10,2025_Japan_GP,0.35,28,Corner battles,HIGHLIGHT,1,81,77,0.0123456790123456,0.0129870129870129
P10,2025_Japan_GP,0.35,29,Corner specific moves,HIGHLIGHT,0,81,77,0.0,0.0
P10,2025_Japan_GP,0.35,30,Lap pace & timing,HIGHLIGHT,2,81,77,0.0246913580246913,0.0259740259740259
P10,2025_Japan_GP,0.35,31,Race leader changes,HIGHLIGHT,4,81,77,0.0493827160493827,0.0519480519480519
P10,2025_Japan_GP,0.35,32,Front position changes,HIGHLIGHT,0,81,77,0.0,0.0
P10,2025_Japan_GP,0.35,33,Field position changes,HIGHLIGHT,3,81,77,0.037037037037037,0.0389610389610389
P10,2025_Japan_GP,0.4,0,DRS-assisted battles,HIGHLIGHT,0,81,74,0.0,0.0
P10,2025_Japan_GP,0.4,1,Time penalties,HIGHLIGHT,0,81,74,0.0,0.0
P10,2025_Japan_GP,0.4,2,Lights-out race starts,HIGHLIGHT,0,81,74,0.0,0.0
P10,2025_Japan_GP,0.4,3,Mirror checks defending,HIGHLIGHT,1,81,74,0.0123456790123456,0.0135135135135135
P10,2025_Japan_GP,0.4,4,Race start launch,HIGHLIGHT,1,81,74,0.0123456790123456,0.0135135135135135
P10,2025_Japan_GP,0.4,5,Weather conditions,HIGHLIGHT,0,81,74,0.0,0.0
P10,2025_Japan_GP,0.4,6,Grand Prix wins,HIGHLIGHT,10,81,74,0.1234567901234567,0.1351351351351351
P10,2025_Japan_GP,0.4,7,Race start lights,HIGHLIGHT,0,81,74,0.0,0.0
P10,2025_Japan_GP,0.4,8,Race control flags,HIGHLIGHT,1,81,74,0.0123456790123456,0.0135135135135135
P10,2025_Japan_GP,0.4,9,Formula 1 milestones,HIGHLIGHT,2,81,74,0.0246913580246913,0.027027027027027
P10,2025_Japan_GP,0.4,10,Chicane moves,HIGHLIGHT,1,81,74,0.0123456790123456,0.0135135135135135
P10,2025_Japan_GP,0.4,11,Team radio celebrations,HIGHLIGHT,2,81,74,0.0246913580246913,0.027027027027027
P10,2025_Japan_GP,0.4,12,Podium finishes,HIGHLIGHT,1,81,74,0.0123456790123456,0.0135135135135135
P10,2025_Japan_GP,0.4,13,Championship & title,HIGHLIGHT,3,81,74,0.037037037037037,0.0405405405405405
P10,2025_Japan_GP,0.4,14,Pit stops,HIGHLIGHT,3,81,74,0.037037037037037,0.0405405405405405
P10,2025_Japan_GP,0.4,15,Tires & compounds,HIGHLIGHT,2,81,74,0.0246913580246913,0.027027027027027
P10,2025_Japan_GP,0.4,16,Safety car deployment,HIGHLIGHT,1,81,74,0.0123456790123456,0.0135135135135135
P10,2025_Japan_GP,0.4,17,Gap & pace,HIGHLIGHT,1,81,74,0.0123456790123456,0.0135135135135135
P10,2025_Japan_GP,0.4,18,Team dynamics,HIGHLIGHT,11,81,74,0.1358024691358024,0.1486486486486486
P10,2025_Japan_GP,0.4,19,Race lead holding,HIGHLIGHT,1,81,74,0.0123456790123456,0.0135135135135135
P10,2025_Japan_GP,0.4,20,Wing & car damage,HIGHLIGHT,1,81,74,0.0123456790123456,0.0135135135135135
P10,2025_Japan_GP,0.4,21,Braking & lockups,HIGHLIGHT,2,81,74,0.0246913580246913,0.027027027027027
P10,2025_Japan_GP,0.4,22,Wheel-to-wheel,HIGHLIGHT,0,81,74,0.0,0.0
P10,2025_Japan_GP,0.4,23,Circuit action,HIGHLIGHT,4,81,74,0.0493827160493827,0.054054054054054
P10,2025_Japan_GP,0.4,24,Inter-car distance,HIGHLIGHT,1,81,74,0.0123456790123456,0.0135135135135135
P10,2025_Japan_GP,0.4,25,Driver & team references,HIGHLIGHT,2,81,74,0.0246913580246913,0.027027027027027
P10,2025_Japan_GP,0.4,26,Defending & attacking,HIGHLIGHT,0,81,74,0.0,0.0
P10,2025_Japan_GP,0.4,27,Overtake battles,HIGHLIGHT,13,81,74,0.1604938271604938,0.1756756756756756
P10,2025_Japan_GP,0.4,28,Corner battles,HIGHLIGHT,1,81,74,0.0123456790123456,0.0135135135135135
P10,2025_Japan_GP,0.4,29,Corner specific moves,HIGHLIGHT,0,81,74,0.0,0.0
P10,2025_Japan_GP,0.4,30,Lap pace & timing,HIGHLIGHT,2,81,74,0.0246913580246913,0.027027027027027
P10,2025_Japan_GP,0.4,31,Race leader changes,HIGHLIGHT,4,81,74,0.0493827160493827,0.054054054054054
P10,2025_Japan_GP,0.4,32,Front position changes,HIGHLIGHT,0,81,74,0.0,0.0
P10,2025_Japan_GP,0.4,33,Field position changes,HIGHLIGHT,3,81,74,0.037037037037037,0.0405405405405405
P10,2025_Japan_GP,0.45,0,DRS-assisted battles,HIGHLIGHT,0,81,70,0.0,0.0
P10,2025_Japan_GP,0.45,1,Time penalties,HIGHLIGHT,0,81,70,0.0,0.0
P10,2025_Japan_GP,0.45,2,Lights-out race starts,HIGHLIGHT,0,81,70,0.0,0.0
P10,2025_Japan_GP,0.45,3,Mirror checks defending,HIGHLIGHT,1,81,70,0.0123456790123456,0.0142857142857142
P10,2025_Japan_GP,0.45,4,Race start launch,HIGHLIGHT,1,81,70,0.0123456790123456,0.0142857142857142
P10,2025_Japan_GP,0.45,5,Weather conditions,HIGHLIGHT,0,81,70,0.0,0.0
P10,2025_Japan_GP,0.45,6,Grand Prix wins,HIGHLIGHT,10,81,70,0.1234567901234567,0.1428571428571428
P10,2025_Japan_GP,0.45,7,Race start lights,HIGHLIGHT,0,81,70,0.0,0.0
P10,2025_Japan_GP,0.45,8,Race control flags,HIGHLIGHT,1,81,70,0.0123456790123456,0.0142857142857142
P10,2025_Japan_GP,0.45,9,Formula 1 milestones,HIGHLIGHT,2,81,70,0.0246913580246913,0.0285714285714285
P10,2025_Japan_GP,0.45,10,Chicane moves,HIGHLIGHT,1,81,70,0.0123456790123456,0.0142857142857142
P10,2025_Japan_GP,0.45,11,Team radio celebrations,HIGHLIGHT,2,81,70,0.0246913580246913,0.0285714285714285
P10,2025_Japan_GP,0.45,12,Podium finishes,HIGHLIGHT,1,81,70,0.0123456790123456,0.0142857142857142
P10,2025_Japan_GP,0.45,13,Championship & title,HIGHLIGHT,3,81,70,0.037037037037037,0.0428571428571428
P10,2025_Japan_GP,0.45,14,Pit stops,HIGHLIGHT,3,81,70,0.037037037037037,0.0428571428571428
P10,2025_Japan_GP,0.45,15,Tires & compounds,HIGHLIGHT,2,81,70,0.0246913580246913,0.0285714285714285
P10,2025_Japan_GP,0.45,16,Safety car deployment,HIGHLIGHT,1,81,70,0.0123456790123456,0.0142857142857142
P10,2025_Japan_GP,0.45,17,Gap & pace,HIGHLIGHT,0,81,70,0.0,0.0
P10,2025_Japan_GP,0.45,18,Team dynamics,HIGHLIGHT,11,81,70,0.1358024691358024,0.1571428571428571
P10,2025_Japan_GP,0.45,19,Race lead holding,HIGHLIGHT,1,81,70,0.0123456790123456,0.0142857142857142
P10,2025_Japan_GP,0.45,20,Wing & car damage,HIGHLIGHT,0,81,70,0.0,0.0
P10,2025_Japan_GP,0.45,21,Braking & lockups,HIGHLIGHT,1,81,70,0.0123456790123456,0.0142857142857142
P10,2025_Japan_GP,0.45,22,Wheel-to-wheel,HIGHLIGHT,0,81,70,0.0,0.0
P10,2025_Japan_GP,0.45,23,Circuit action,HIGHLIGHT,4,81,70,0.0493827160493827,0.0571428571428571
P10,2025_Japan_GP,0.45,24,Inter-car distance,HIGHLIGHT,1,81,70,0.0123456790123456,0.0142857142857142
P10,2025_Japan_GP,0.45,25,Driver & team references,HIGHLIGHT,2,81,70,0.0246913580246913,0.0285714285714285
P10,2025_Japan_GP,0.45,26,Defending & attacking,HIGHLIGHT,0,81,70,0.0,0.0
P10,2025_Japan_GP,0.45,27,Overtake battles,HIGHLIGHT,13,81,70,0.1604938271604938,0.1857142857142857
P10,2025_Japan_GP,0.45,28,Corner battles,HIGHLIGHT,0,81,70,0.0,0.0
P10,2025_Japan_GP,0.45,29,Corner specific moves,HIGHLIGHT,0,81,70,0.0,0.0
P10,2025_Japan_GP,0.45,30,Lap pace & timing,HIGHLIGHT,2,81,70,0.0246913580246913,0.0285714285714285
P10,2025_Japan_GP,0.45,31,Race leader changes,HIGHLIGHT,4,81,70,0.0493827160493827,0.0571428571428571
P10,2025_Japan_GP,0.45,32,Front position changes,HIGHLIGHT,0,81,70,0.0,0.0
P10,2025_Japan_GP,0.45,33,Field position changes,HIGHLIGHT,3,81,70,0.037037037037037,0.0428571428571428
P10,2025_Japan_GP,0.35,0,DRS-assisted battles,FULL_RACE,24,1547,1268,0.015513897866839,0.0189274447949526
P10,2025_Japan_GP,0.35,1,Time penalties,FULL_RACE,7,1547,1268,0.004524886877828,0.0055205047318611
P10,2025_Japan_GP,0.35,2,Lights-out race starts,FULL_RACE,8,1547,1268,0.0051712992889463,0.0063091482649842
P10,2025_Japan_GP,0.35,3,Mirror checks defending,FULL_RACE,5,1547,1268,0.0032320620555914,0.0039432176656151
P10,2025_Japan_GP,0.35,4,Race start launch,FULL_RACE,7,1547,1268,0.004524886877828,0.0055205047318611
P10,2025_Japan_GP,0.35,5,Weather conditions,FULL_RACE,26,1547,1268,0.0168067226890756,0.0205047318611987
P10,2025_Japan_GP,0.35,6,Grand Prix wins,FULL_RACE,75,1547,1268,0.048480930833872,0.0591482649842271
P10,2025_Japan_GP,0.35,7,Race start lights,FULL_RACE,4,1547,1268,0.0025856496444731,0.0031545741324921
P10,2025_Japan_GP,0.35,8,Race control flags,FULL_RACE,12,1547,1268,0.0077569489334195,0.0094637223974763
P10,2025_Japan_GP,0.35,9,Formula 1 milestones,FULL_RACE,25,1547,1268,0.0161603102779573,0.0197160883280757
P10,2025_Japan_GP,0.35,10,Chicane moves,FULL_RACE,15,1547,1268,0.0096961861667744,0.0118296529968454
P10,2025_Japan_GP,0.35,11,Team radio celebrations,FULL_RACE,22,1547,1268,0.0142210730446024,0.0173501577287066
P10,2025_Japan_GP,0.35,12,Podium finishes,FULL_RACE,21,1547,1268,0.0135746606334841,0.0165615141955835
P10,2025_Japan_GP,0.35,13,Championship & title,FULL_RACE,61,1547,1268,0.0394311570782159,0.0481072555205047
P10,2025_Japan_GP,0.35,14,Pit stops,FULL_RACE,65,1547,1268,0.042016806722689,0.0512618296529968
P10,2025_Japan_GP,0.35,15,Tires & compounds,FULL_RACE,68,1547,1268,0.0439560439560439,0.0536277602523659
P10,2025_Japan_GP,0.35,16,Safety car deployment,FULL_RACE,13,1547,1268,0.0084033613445378,0.0102523659305993
P10,2025_Japan_GP,0.35,17,Gap & pace,FULL_RACE,60,1547,1268,0.0387847446670976,0.0473186119873817
P10,2025_Japan_GP,0.35,18,Team dynamics,FULL_RACE,121,1547,1268,0.0782159017453135,0.0954258675078864
P10,2025_Japan_GP,0.35,19,Race lead holding,FULL_RACE,6,1547,1268,0.0038784744667097,0.0047318611987381
P10,2025_Japan_GP,0.35,20,Wing & car damage,FULL_RACE,18,1547,1268,0.0116354234001292,0.0141955835962145
P10,2025_Japan_GP,0.35,21,Braking & lockups,FULL_RACE,36,1547,1268,0.0232708468002585,0.028391167192429
P10,2025_Japan_GP,0.35,22,Wheel-to-wheel,FULL_RACE,6,1547,1268,0.0038784744667097,0.0047318611987381
P10,2025_Japan_GP,0.35,23,Circuit action,FULL_RACE,49,1547,1268,0.0316742081447963,0.0386435331230283
P10,2025_Japan_GP,0.35,24,Inter-car distance,FULL_RACE,36,1547,1268,0.0232708468002585,0.028391167192429
P10,2025_Japan_GP,0.35,25,Driver & team references,FULL_RACE,54,1547,1268,0.0349062702003878,0.0425867507886435
P10,2025_Japan_GP,0.35,26,Defending & attacking,FULL_RACE,17,1547,1268,0.0109890109890109,0.0134069400630914
P10,2025_Japan_GP,0.35,27,Overtake battles,FULL_RACE,190,1547,1268,0.1228183581124757,0.1498422712933754
P10,2025_Japan_GP,0.35,28,Corner battles,FULL_RACE,14,1547,1268,0.0090497737556561,0.0110410094637223
P10,2025_Japan_GP,0.35,29,Corner specific moves,FULL_RACE,11,1547,1268,0.0071105365223012,0.0086750788643533
P10,2025_Japan_GP,0.35,30,Lap pace & timing,FULL_RACE,46,1547,1268,0.0297349709114414,0.0362776025236593
P10,2025_Japan_GP,0.35,31,Race leader changes,FULL_RACE,82,1547,1268,0.0530058177117,0.0646687697160883
P10,2025_Japan_GP,0.35,32,Front position changes,FULL_RACE,18,1547,1268,0.0116354234001292,0.0141955835962145
P10,2025_Japan_GP,0.35,33,Field position changes,FULL_RACE,46,1547,1268,0.0297349709114414,0.0362776025236593
P10,2025_Japan_GP,0.4,0,DRS-assisted battles,FULL_RACE,23,1547,1175,0.0148674854557207,0.0195744680851063
P10,2025_Japan_GP,0.4,1,Time penalties,FULL_RACE,6,1547,1175,0.0038784744667097,0.0051063829787234
P10,2025_Japan_GP,0.4,2,Lights-out race starts,FULL_RACE,8,1547,1175,0.0051712992889463,0.0068085106382978
P10,2025_Japan_GP,0.4,3,Mirror checks defending,FULL_RACE,4,1547,1175,0.0025856496444731,0.0034042553191489
P10,2025_Japan_GP,0.4,4,Race start launch,FULL_RACE,5,1547,1175,0.0032320620555914,0.0042553191489361
P10,2025_Japan_GP,0.4,5,Weather conditions,FULL_RACE,22,1547,1175,0.0142210730446024,0.0187234042553191
P10,2025_Japan_GP,0.4,6,Grand Prix wins,FULL_RACE,75,1547,1175,0.048480930833872,0.0638297872340425
P10,2025_Japan_GP,0.4,7,Race start lights,FULL_RACE,4,1547,1175,0.0025856496444731,0.0034042553191489
P10,2025_Japan_GP,0.4,8,Race control flags,FULL_RACE,11,1547,1175,0.0071105365223012,0.0093617021276595
P10,2025_Japan_GP,0.4,9,Formula 1 milestones,FULL_RACE,23,1547,1175,0.0148674854557207,0.0195744680851063
P10,2025_Japan_GP,0.4,10,Chicane moves,FULL_RACE,14,1547,1175,0.0090497737556561,0.0119148936170212
P10,2025_Japan_GP,0.4,11,Team radio celebrations,FULL_RACE,15,1547,1175,0.0096961861667744,0.0127659574468085
P10,2025_Japan_GP,0.4,12,Podium finishes,FULL_RACE,20,1547,1175,0.0129282482223658,0.0170212765957446
P10,2025_Japan_GP,0.4,13,Championship & title,FULL_RACE,56,1547,1175,0.0361990950226244,0.0476595744680851
P10,2025_Japan_GP,0.4,14,Pit stops,FULL_RACE,63,1547,1175,0.0407239819004524,0.0536170212765957
P10,2025_Japan_GP,0.4,15,Tires & compounds,FULL_RACE,64,1547,1175,0.0413703943115707,0.0544680851063829
P10,2025_Japan_GP,0.4,16,Safety car deployment,FULL_RACE,12,1547,1175,0.0077569489334195,0.0102127659574468
P10,2025_Japan_GP,0.4,17,Gap & pace,FULL_RACE,46,1547,1175,0.0297349709114414,0.0391489361702127
P10,2025_Japan_GP,0.4,18,Team dynamics,FULL_RACE,116,1547,1175,0.074983839689722,0.0987234042553191
P10,2025_Japan_GP,0.4,19,Race lead holding,FULL_RACE,5,1547,1175,0.0032320620555914,0.0042553191489361
P10,2025_Japan_GP,0.4,20,Wing & car damage,FULL_RACE,11,1547,1175,0.0071105365223012,0.0093617021276595
P10,2025_Japan_GP,0.4,21,Braking & lockups,FULL_RACE,31,1547,1175,0.0200387847446671,0.0263829787234042
P10,2025_Japan_GP,0.4,22,Wheel-to-wheel,FULL_RACE,5,1547,1175,0.0032320620555914,0.0042553191489361
P10,2025_Japan_GP,0.4,23,Circuit action,FULL_RACE,46,1547,1175,0.0297349709114414,0.0391489361702127
P10,2025_Japan_GP,0.4,24,Inter-car distance,FULL_RACE,36,1547,1175,0.0232708468002585,0.0306382978723404
P10,2025_Japan_GP,0.4,25,Driver & team references,FULL_RACE,53,1547,1175,0.0342598577892695,0.0451063829787234
P10,2025_Japan_GP,0.4,26,Defending & attacking,FULL_RACE,14,1547,1175,0.0090497737556561,0.0119148936170212
P10,2025_Japan_GP,0.4,27,Overtake battles,FULL_RACE,186,1547,1175,0.1202327084680025,0.1582978723404255
P10,2025_Japan_GP,0.4,28,Corner battles,FULL_RACE,8,1547,1175,0.0051712992889463,0.0068085106382978
P10,2025_Japan_GP,0.4,29,Corner specific moves,FULL_RACE,10,1547,1175,0.0064641241111829,0.0085106382978723
P10,2025_Japan_GP,0.4,30,Lap pace & timing,FULL_RACE,43,1547,1175,0.0277957336780866,0.036595744680851
P10,2025_Japan_GP,0.4,31,Race leader changes,FULL_RACE,81,1547,1175,0.0523594053005817,0.0689361702127659
P10,2025_Japan_GP,0.4,32,Front position changes,FULL_RACE,17,1547,1175,0.0109890109890109,0.0144680851063829
P10,2025_Japan_GP,0.4,33,Field position changes,FULL_RACE,42,1547,1175,0.0271493212669683,0.0357446808510638
P10,2025_Japan_GP,0.45,0,DRS-assisted battles,FULL_RACE,21,1547,1061,0.0135746606334841,0.0197926484448633
P10,2025_Japan_GP,0.45,1,Time penalties,FULL_RACE,3,1547,1061,0.0019392372333548,0.002827521206409
P10,2025_Japan_GP,0.45,2,Lights-out race starts,FULL_RACE,1,1547,1061,0.0006464124111182,0.000942507068803
P10,2025_Japan_GP,0.45,3,Mirror checks defending,FULL_RACE,3,1547,1061,0.0019392372333548,0.002827521206409
P10,2025_Japan_GP,0.45,4,Race start launch,FULL_RACE,5,1547,1061,0.0032320620555914,0.004712535344015
P10,2025_Japan_GP,0.45,5,Weather conditions,FULL_RACE,19,1547,1061,0.0122818358112475,0.0179076343072573
P10,2025_Japan_GP,0.45,6,Grand Prix wins,FULL_RACE,75,1547,1061,0.048480930833872,0.0706880301602262
P10,2025_Japan_GP,0.45,7,Race start lights,FULL_RACE,3,1547,1061,0.0019392372333548,0.002827521206409
P10,2025_Japan_GP,0.45,8,Race control flags,FULL_RACE,11,1547,1061,0.0071105365223012,0.0103675777568331
P10,2025_Japan_GP,0.45,9,Formula 1 milestones,FULL_RACE,20,1547,1061,0.0129282482223658,0.0188501413760603
P10,2025_Japan_GP,0.45,10,Chicane moves,FULL_RACE,14,1547,1061,0.0090497737556561,0.0131950989632422
P10,2025_Japan_GP,0.45,11,Team radio celebrations,FULL_RACE,9,1547,1061,0.0058177117000646,0.0084825636192271
P10,2025_Japan_GP,0.45,12,Podium finishes,FULL_RACE,20,1547,1061,0.0129282482223658,0.0188501413760603
P10,2025_Japan_GP,0.45,13,Championship & title,FULL_RACE,42,1547,1061,0.0271493212669683,0.0395852968897266
P10,2025_Japan_GP,0.45,14,Pit stops,FULL_RACE,60,1547,1061,0.0387847446670976,0.0565504241281809
P10,2025_Japan_GP,0.45,15,Tires & compounds,FULL_RACE,61,1547,1061,0.0394311570782159,0.0574929311969839
P10,2025_Japan_GP,0.45,16,Safety car deployment,FULL_RACE,9,1547,1061,0.0058177117000646,0.0084825636192271
P10,2025_Japan_GP,0.45,17,Gap & pace,FULL_RACE,41,1547,1061,0.02650290885585,0.0386427898209236
P10,2025_Japan_GP,0.45,18,Team dynamics,FULL_RACE,107,1547,1061,0.0691661279896574,0.1008482563619227
P10,2025_Japan_GP,0.45,19,Race lead holding,FULL_RACE,5,1547,1061,0.0032320620555914,0.004712535344015
P10,2025_Japan_GP,0.45,20,Wing & car damage,FULL_RACE,7,1547,1061,0.004524886877828,0.0065975494816211
P10,2025_Japan_GP,0.45,21,Braking & lockups,FULL_RACE,23,1547,1061,0.0148674854557207,0.0216776625824693
P10,2025_Japan_GP,0.45,22,Wheel-to-wheel,FULL_RACE,5,1547,1061,0.0032320620555914,0.004712535344015
P10,2025_Japan_GP,0.45,23,Circuit action,FULL_RACE,41,1547,1061,0.02650290885585,0.0386427898209236
P10,2025_Japan_GP,0.45,24,Inter-car distance,FULL_RACE,33,1547,1061,0.0213316095669036,0.0311027332704995
P10,2025_Japan_GP,0.45,25,Driver & team references,FULL_RACE,49,1547,1061,0.0316742081447963,0.0461828463713477
P10,2025_Japan_GP,0.45,26,Defending & attacking,FULL_RACE,13,1547,1061,0.0084033613445378,0.0122525918944392
P10,2025_Japan_GP,0.45,27,Overtake battles,FULL_RACE,178,1547,1061,0.1150614091790562,0.1677662582469368
P10,2025_Japan_GP,0.45,28,Corner battles,FULL_RACE,5,1547,1061,0.0032320620555914,0.004712535344015
P10,2025_Japan_GP,0.45,29,Corner specific moves,FULL_RACE,9,1547,1061,0.0058177117000646,0.0084825636192271
P10,2025_Japan_GP,0.45,30,Lap pace & timing,FULL_RACE,42,1547,1061,0.0271493212669683,0.0395852968897266
P10,2025_Japan_GP,0.45,31,Race leader changes,FULL_RACE,80,1547,1061,0.0517129928894634,0.0754005655042412
P10,2025_Japan_GP,0.45,32,Front position changes,FULL_RACE,13,1547,1061,0.0084033613445378,0.0122525918944392
P10,2025_Japan_GP,0.45,33,Field position changes,FULL_RACE,34,1547,1061,0.0219780219780219,0.0320452403393025
